date,open,prev_close,close,vix_close,vix_prev,gap_pct,us_pct,fii_net,pcr,sig_gap,sig_us,sig_fii,sig_pcr,morning_score
2019-02-12,10879.7,10888.8,10831.4,15.75,15.84,-0.084,,-125.05,,0,0,0,0,0
2019-02-14,10786.1,10831.4,10746.05,15.77,15.75,-0.418,0.302,-676.63,,-1,0,0,0,-1
2019-02-15,10780.25,10746.05,10724.4,16.46,15.77,0.318,-0.265,-250.23,,1,0,0,0,1
2019-02-18,10738.65,10724.4,10640.95,18.0,16.46,0.133,1.088,-966.43,,0,1,0,0,1
2019-02-19,10636.7,10640.95,10604.35,18.47,18.0,-0.04,1.088,-1239.79,,0,1,-1,0,0
2019-02-20,10655.45,10604.35,10735.45,17.06,18.47,0.482,0.15,-813.76,,1,0,0,0,1
2019-02-21,10744.1,10735.45,10789.85,16.05,17.06,0.081,0.178,713.47,,0,0,0,0,0
2019-02-22,10782.7,10789.85,10791.65,15.45,16.05,-0.066,-0.353,55.48,,0,0,0,0,0
2019-02-25,10813.25,10791.65,10880.1,15.36,15.45,0.2,0.641,6311.01,,0,1,1,0,2
2019-02-26,10775.3,10880.1,10835.3,17.11,15.36,-0.963,0.123,2134.35,,-1,0,1,0,0
2019-02-27,10881.2,10835.3,10806.65,18.9,17.11,0.424,-0.079,1674.17,,1,0,1,0,2
2019-02-28,10865.7,10806.65,10792.5,18.28,18.9,0.546,-0.054,423.04,,1,0,0,0,1
2019-03-01,10842.65,10792.5,10863.5,16.27,18.28,0.465,-0.283,3210.6,,1,0,1,0,2
2019-03-05,10864.85,10863.5,10987.45,15.66,16.27,0.012,-0.388,198.38,,0,0,0,0,0
2019-03-06,11024.85,10987.45,11053.0,15.61,15.66,0.34,-0.113,751.92,,1,0,0,0,1
2019-03-07,11077.95,11053.0,11058.2,15.29,15.61,0.226,-0.652,1130.78,,0,-1,1,0,0
2019-03-08,11038.85,11058.2,11035.4,14.94,15.29,-0.175,-0.813,1137.85,,0,-1,1,0,0
2019-03-11,11068.75,11035.4,11168.05,14.9,14.94,0.302,-0.213,1095.06,,1,0,1,0,2
2019-03-12,11231.35,11168.05,11301.2,15.1,14.9,0.567,1.467,3810.6,,1,1,1,0,3
2019-03-13,11326.2,11301.2,11341.7,15.28,15.1,0.221,0.295,2477.72,,0,0,1,0,1
2019-03-14,11382.5,11341.7,11343.25,15.15,15.28,0.36,0.695,2722.28,,1,1,1,0,3
2019-03-15,11376.85,11343.25,11426.85,15.87,15.15,0.296,-0.087,1482.99,,0,0,1,0,1
2019-03-18,11473.85,11426.85,11462.2,16.9,15.87,0.411,0.498,4323.49,,1,0,1,0,2
2019-03-19,11500.3,11462.2,11532.4,16.49,16.9,0.332,0.371,1822.99,,1,0,1,0,2
2019-03-20,11553.35,11532.4,11521.05,16.03,16.49,0.182,-0.013,2132.36,,0,0,1,0,1
2019-03-22,11549.2,11521.05,11456.9,16.27,16.03,0.244,1.085,1771.61,,0,1,1,0,2
2019-03-25,11395.65,11456.9,11354.25,16.67,16.27,-0.535,-1.897,1374.57,,-1,-1,1,0,-1
2019-03-26,11375.2,11354.25,11483.25,16.49,16.67,0.185,-0.084,150.4,,0,0,0,0,0
2019-03-27,11531.45,11483.25,11445.05,17.05,16.49,0.42,0.718,999.02,,1,1,0,0,2
2019-03-28,11463.65,11445.05,11570.0,16.65,17.05,0.163,-0.464,1481.11,,0,0,1,0,1
2019-04-01,11665.2,11570.0,11669.15,18.01,16.65,0.823,0.673,-86.21,,1,1,0,0,2
2019-04-02,11711.55,11669.15,11713.2,18.08,18.01,0.363,1.157,898.79,,1,1,0,0,2
2019-04-03,11735.3,11713.2,11643.95,18.78,18.08,0.189,0.002,543.36,,0,0,0,0,0
2019-04-04,11660.2,11643.95,11598.0,18.65,18.78,0.14,0.215,-1040.48,,0,0,-1,0,-1
2019-04-05,11638.4,11598.0,11665.95,18.39,18.65,0.348,0.208,-226.19,,1,0,0,0,1
2019-04-08,11704.35,11665.95,11604.5,20.15,18.39,0.329,0.464,797.9,,1,0,0,0,1
2019-04-09,11612.05,11604.5,11671.95,20.28,20.15,0.065,0.105,329.6,,0,0,0,0,0
2019-04-10,11646.85,11671.95,11584.3,21.13,20.28,-0.215,-0.607,1212.35,,0,-1,1,0,0
2019-04-11,11592.55,11584.3,11596.7,20.96,21.13,0.071,0.348,1429.92,,0,0,1,0,1
2019-04-12,11612.85,11596.7,11643.45,21.0,20.96,0.139,0.004,476.51,,0,0,0,0,0
2019-04-15,11667.0,11643.45,11690.35,21.39,21.0,0.202,0.661,897.45,,0,1,0,0,1
2019-04-16,11736.2,11690.35,11787.15,21.69,21.39,0.392,-0.063,713.22,,1,0,0,0,1
2019-04-18,11856.15,11787.15,11752.8,22.74,21.69,0.585,-0.227,1038.58,,1,0,1,0,2
2019-04-22,11727.05,11752.8,11594.45,24.05,22.74,-0.219,0.158,1038.46,,0,0,1,0,1
2019-04-23,11612.95,11594.45,11575.95,24.65,24.05,0.16,0.101,73.08,,0,0,0,0,0
2019-04-24,11601.5,11575.95,11726.15,23.71,24.65,0.221,0.884,-237.47,,0,1,0,0,1
2019-04-25,11735.7,11726.15,11641.8,23.23,23.71,0.081,-0.219,974.88,,0,0,0,0,0
2019-04-26,11683.75,11641.8,11754.65,21.72,23.23,0.36,-0.037,3785.73,,1,0,1,0,2
2019-04-30,11748.75,11754.65,11748.15,21.83,21.72,-0.05,0.107,-70.73,,0,0,0,0,0
2019-05-02,11725.55,11748.15,11724.75,22.98,21.83,-0.192,-0.75,114.59,,0,-1,0,0,-1
2019-05-03,11722.6,11724.75,11712.25,24.03,22.98,-0.018,-0.212,597.54,,0,0,0,0,0
2019-05-06,11605.8,11712.25,11598.25,26.43,24.03,-0.909,0.964,-400.68,,-1,1,0,0,0
2019-05-07,11651.5,11598.25,11497.9,26.48,26.43,0.459,-0.447,-948.98,,1,0,0,0,1
2019-05-08,11478.7,11497.9,11359.45,26.37,26.48,-0.167,-1.651,-645.08,,0,-1,0,0,-1
2019-05-09,11322.4,11359.45,11301.8,25.49,26.37,-0.326,-0.161,-701.5,,-1,0,0,0,-1
2019-05-10,11314.15,11301.8,11278.9,26.34,25.49,0.109,-0.302,-655.36,,0,0,0,0,0
2019-05-13,11258.7,11278.9,11148.2,27.38,26.34,-0.179,0.372,-1245.14,,0,0,-1,0,-1
2019-05-14,11151.65,11148.2,11222.05,27.13,27.38,0.031,-2.413,-1056.01,,0,-1,-1,0,-2
2019-05-15,11271.7,11222.05,11157.0,28.66,27.13,0.442,0.802,-2011.85,,1,1,-1,0,1
2019-05-16,11180.35,11157.0,11257.1,28.37,28.66,0.209,0.584,-1142.44,,0,1,-1,0,0
2019-05-17,11261.9,11257.1,11407.15,28.08,28.37,0.043,0.89,-953.23,,0,1,0,0,1
2019-05-20,11651.9,11407.15,11828.25,23.68,28.08,2.146,-0.584,-1057.82,,1,-1,-1,0,-1
2019-05-21,11863.65,11828.25,11709.1,25.65,23.68,0.299,-0.675,1734.45,,0,-1,1,0,0
2019-05-22,11727.95,11709.1,11737.9,27.63,25.65,0.161,0.85,1185.44,,0,1,1,0,2
2019-05-23,11901.3,11737.9,11657.05,19.41,27.63,1.392,-0.282,-965.02,,1,0,0,0,1
2019-05-24,11748.0,11657.05,11844.1,16.47,19.41,0.78,-1.191,1352.2,,1,-1,1,0,1
2019-05-27,11855.5,11844.1,11924.75,16.19,16.47,0.096,0.135,2026.33,,0,0,1,0,1
2019-05-28,11958.35,11924.75,11928.75,15.92,16.19,0.282,0.135,1215.36,,0,0,1,0,1
2019-05-29,11905.8,11928.75,11861.1,16.41,15.92,-0.192,-0.838,-501.11,,0,-1,0,0,-1
2019-05-30,11865.3,11861.1,11945.9,15.61,16.41,0.035,-0.691,-304.27,,0,-1,0,0,-1
2019-05-31,11999.8,11945.9,11922.8,16.07,15.61,0.451,0.21,1664.74,,1,0,1,0,2
2019-06-03,11953.75,11922.8,12088.55,15.97,16.07,0.26,-1.32,676.15,,0,-1,0,0,-1
2019-06-04,12052.65,12088.55,12021.65,15.63,15.97,-0.297,-0.277,3068.88,,0,0,1,0,1
2019-06-06,12039.8,12021.65,11843.75,15.53,15.63,0.151,0.816,-416.08,,0,1,0,0,1
2019-06-07,11865.2,11843.75,11870.65,14.86,15.53,0.181,0.614,-1448.99,,0,1,-1,0,0
2019-06-10,11934.9,11870.65,11922.7,14.98,14.86,0.541,1.05,-478.84,,1,1,0,0,2
2019-06-11,11959.85,11922.7,11965.6,14.49,14.98,0.312,0.466,216.2,,1,0,0,0,1
2019-06-12,11962.45,11965.6,11906.2,14.12,14.49,-0.026,-0.035,95.79,,0,0,0,0,0
2019-06-13,11873.9,11906.2,11914.05,13.66,14.12,-0.271,-0.204,-1050.43,,0,0,-1,0,-1
2019-06-14,11910.1,11914.05,11823.3,13.9,13.66,-0.033,0.41,172.35,,0,0,0,0,0
2019-06-17,11844.0,11823.3,11672.15,14.65,13.9,0.175,-0.161,-238.64,,0,0,0,0,0
2019-06-18,11677.05,11672.15,11691.5,14.6,14.65,0.042,0.093,-331.27,,0,0,0,0,0
2019-06-19,11744.45,11691.5,11691.45,14.73,14.6,0.453,0.972,31.73,,1,1,0,0,2
2019-06-20,11653.65,11691.45,11831.75,14.0,14.73,-0.323,0.299,-97.05,,-1,0,0,0,-1
2019-06-21,11827.6,11831.75,11724.1,14.61,14.0,-0.035,0.947,-438.41,,0,1,0,0,1
2019-06-24,11725.8,11724.1,11699.65,15.22,14.61,0.015,-0.126,-730.58,,0,0,0,0,0
2019-06-25,11681.0,11699.65,11796.45,15.01,15.22,-0.159,-0.173,207.33,,0,0,0,0,0
2019-06-26,11768.15,11796.45,11847.55,14.75,15.01,-0.24,-0.95,1157.87,,0,-1,1,0,0
2019-06-27,11860.85,11847.55,11841.55,14.65,14.75,0.112,-0.123,106.26,,0,0,0,0,0
2019-06-28,11861.15,11841.55,11788.85,14.95,14.65,0.166,0.382,-0.71,,0,0,0,0,0
2019-07-01,11839.9,11788.85,11865.6,14.6,14.95,0.433,0.576,-513.91,,1,1,0,0,2
2019-07-02,11890.3,11865.6,11910.3,14.25,14.6,0.208,0.767,426.53,,0,1,0,0,1
2019-07-03,11932.15,11910.3,11916.75,13.7,14.25,0.183,0.293,-512.0,,0,0,0,0,0
2019-07-04,11928.8,11916.75,11946.75,13.53,13.7,0.101,0.767,-390.18,,0,1,0,0,1
2019-07-05,11964.75,11946.75,11811.15,13.07,13.53,0.151,0.767,-28.95,,0,1,0,0,1
2019-07-08,11770.4,11811.15,11558.6,13.85,13.07,-0.345,-0.181,-89.38,,-1,0,0,0,-1
2019-07-09,11531.6,11558.6,11555.9,13.69,13.85,-0.234,-0.484,-401.99,,0,0,0,0,0
2019-07-10,11536.15,11555.9,11498.9,13.64,13.69,-0.171,0.124,-674.26,,0,0,0,0,0
2019-07-11,11561.45,11498.9,11582.9,12.47,13.64,0.544,0.451,-604.94,,1,0,0,0,1
2019-07-12,11601.15,11582.9,11552.5,12.0,12.47,0.158,0.229,-316.86,,0,0,0,0,0
2019-07-15,11614.75,11552.5,11588.35,12.02,12.0,0.539,0.462,-850.11,,1,0,0,0,1
2019-07-16,11596.65,11588.35,11662.6,11.56,12.02,0.072,0.018,-216.44,,0,0,0,0,0
2019-07-17,11670.75,11662.6,11687.5,11.8,11.56,0.07,-0.34,-444.99,,0,0,0,0,0
2019-07-18,11675.6,11687.5,11596.9,11.75,11.8,-0.102,-0.653,-16.97,,0,-1,0,0,-1
2019-07-19,11627.95,11596.9,11419.25,12.52,11.75,0.268,0.358,-1404.86,,0,0,-1,0,-1
2019-07-22,11392.85,11419.25,11346.2,13.01,12.52,-0.231,-0.618,-950.15,,0,-1,0,0,-1
2019-07-23,11372.25,11346.2,11331.05,13.43,13.01,0.23,0.283,-1916.91,,0,0,-1,0,-1
2019-07-24,11322.45,11331.05,11271.3,12.76,13.43,-0.076,0.685,-2607.97,,0,1,-1,0,0
2019-07-25,11290.4,11271.3,11252.15,12.64,12.76,0.169,0.469,-1393.71,,0,0,-1,0,-1
2019-07-26,11247.45,11252.15,11284.3,12.13,12.64,-0.042,-0.526,-126.65,,0,-1,0,0,-1
2019-07-29,11307.5,11284.3,11189.2,13.06,12.13,0.206,0.739,-1503.26,,0,1,-1,0,0
2019-07-30,11213.7,11189.2,11085.4,13.61,13.06,0.219,-0.162,-704.42,,0,0,0,0,0
2019-07-31,11034.05,11085.4,11118.0,13.59,13.61,-0.463,-0.258,-644.59,,-1,0,0,0,-1
2019-08-01,11060.2,11118.0,10980.0,14.56,13.59,-0.52,-1.089,-1497.07,,-1,-1,-1,0,-3
2019-08-02,10930.3,10980.0,10997.35,15.19,14.56,-0.453,-0.9,-1056.55,,-1,-1,-1,0,-3
2019-08-05,10895.8,10997.35,10862.6,16.59,15.19,-0.923,-0.728,-2888.06,,-1,-1,-1,0,-3
2019-08-06,10815.4,10862.6,10948.25,16.12,16.59,-0.435,-2.978,-2016.73,,-1,-1,-1,0,-3
2019-08-07,10958.1,10948.25,10855.5,16.74,16.12,0.09,1.302,-2107.93,,0,1,-1,0,0
2019-08-08,10899.2,10855.5,11032.45,16.09,16.74,0.403,0.077,-383.66,,1,0,0,0,1
2019-08-09,11087.9,11032.45,11109.65,15.85,16.09,0.503,1.876,-437.39,,1,1,0,0,2
2019-08-13,11139.4,11109.65,10925.85,17.78,15.85,0.268,-1.232,203.73,,0,-1,0,0,-1
2019-08-14,11003.25,10925.85,11029.4,16.36,17.78,0.708,1.513,-638.28,,1,1,0,0,2
2019-08-16,11043.65,11029.4,11047.8,16.65,16.36,0.129,0.246,1614.63,,0,0,1,0,1
2019-08-19,11094.8,11047.8,11053.9,16.75,16.65,0.425,1.443,-1339.27,,1,1,-1,0,1
2019-08-20,11063.9,11053.9,11017.0,16.63,16.75,0.09,1.211,-305.74,,0,1,0,0,1
2019-08-21,11018.15,11017.0,10918.7,17.02,16.63,0.01,-0.791,373.23,,0,-1,0,0,-1
2019-08-22,10905.3,10918.7,10741.35,17.85,17.02,-0.123,0.825,-770.81,,0,1,0,0,1
2019-08-23,10699.6,10741.35,10829.35,17.35,17.85,-0.389,-0.051,-902.99,,-1,0,0,0,-1
2019-08-26,11000.3,10829.35,11057.85,16.66,17.35,1.579,-2.595,-1737.2,,1,-1,-1,0,-1
2019-08-27,11106.55,11057.85,11105.35,16.01,16.66,0.44,1.098,-752.9,,1,1,0,0,2
2019-08-28,11101.3,11105.35,11046.1,16.84,16.01,-0.036,-0.32,-923.94,,0,0,0,0,0
2019-08-29,10996.05,11046.1,10948.3,16.43,16.84,-0.453,0.655,-935.27,,-1,1,0,0,0
2019-08-30,10987.8,10948.3,11023.25,16.28,16.43,0.361,1.269,-986.58,,1,1,0,0,2
2019-09-03,10960.95,11023.25,10797.9,18.06,16.28,-0.565,0.064,1162.95,,-1,0,1,0,0
2019-09-04,10790.4,10797.9,10844.65,17.24,18.06,-0.069,-0.69,-2016.2,,0,-1,-1,0,-2
2019-09-05,10860.95,10844.65,10847.9,17.27,17.24,0.15,1.084,-1738.49,,0,1,-1,0,0
2019-09-06,10883.8,10847.9,10946.2,16.27,17.27,0.331,1.301,-561.17,,1,1,0,0,2
2019-09-09,10936.7,10946.2,11003.05,15.85,16.27,-0.087,0.091,-957.05,,0,0,0,0,0
2019-09-11,11028.5,11003.05,11035.7,15.37,15.85,0.231,0.032,-188.08,,0,0,0,0,0
2019-09-12,11058.3,11035.7,10982.8,14.9,15.37,0.205,0.723,266.89,,0,1,0,0,1
2019-09-13,10986.8,10982.8,11075.9,14.12,14.9,0.036,0.288,783.55,,0,0,0,0,0
2019-09-16,10994.85,11075.9,11003.5,14.95,14.12,-0.732,-0.072,-405.45,,-1,0,0,0,-1
2019-09-17,11000.1,11003.5,10817.6,16.02,14.95,-0.031,-0.314,-751.26,,0,0,0,0,0
2019-09-18,10872.8,10817.6,10840.65,15.35,16.02,0.51,0.258,-808.29,,1,0,0,0,1
2019-09-19,10845.2,10840.65,10704.8,15.55,15.35,0.042,0.034,-959.09,,0,0,0,0,0
2019-09-20,10746.8,10704.8,11274.2,15.4,15.55,0.392,0.002,-892.52,,1,0,0,0,1
2019-09-23,11542.7,11274.2,11600.2,16.79,15.4,2.382,-0.49,35.78,,1,0,0,0,1
2019-09-24,11590.7,11600.2,11588.2,16.73,16.79,-0.082,-0.01,2684.05,,0,0,1,0,1
2019-09-25,11564.85,11588.2,11440.2,16.17,16.73,-0.202,-0.842,-828.49,,0,-1,0,0,-1
2019-09-26,11469.85,11440.2,11571.2,16.34,16.17,0.259,0.616,-342.4,,0,1,0,0,1
2019-09-27,11556.35,11571.2,11512.4,16.11,16.34,-0.128,-0.243,737.17,,0,0,0,0,0
2019-09-30,11491.15,11512.4,11474.45,15.87,16.11,-0.185,-0.532,-213.6,,0,-1,0,0,-1
2019-10-01,11515.4,11474.45,11359.9,16.76,15.87,0.357,0.505,-469.4,,1,1,0,0,2
2019-10-03,11322.25,11359.9,11314.0,17.7,16.76,-0.331,-1.79,-1298.56,,-1,-1,-1,0,-3
2019-10-04,11388.45,11314.0,11174.75,17.58,17.7,0.658,0.797,-810.72,,1,1,0,0,2
2019-10-07,11196.2,11174.75,11126.4,17.83,17.58,0.192,1.422,-682.93,,0,1,0,0,1
2019-10-09,11152.95,11126.4,11313.3,17.16,17.83,0.239,-1.556,-494.21,,0,-1,0,0,-1
2019-10-10,11280.5,11313.3,11234.55,17.23,17.16,-0.29,0.91,-485.24,,0,1,0,0,1
2019-10-11,11257.7,11234.55,11305.05,17.14,17.23,0.206,0.642,-263.11,,0,1,0,0,1
2019-10-14,11335.9,11305.05,11341.15,17.43,17.14,0.273,1.094,749.74,,0,1,0,0,1
2019-10-15,11360.85,11341.15,11428.3,16.85,17.43,0.174,-0.139,895.63,,0,0,0,0,0
2019-10-16,11464.95,11428.3,11464.0,16.36,16.85,0.321,0.996,436.02,,1,1,0,0,2
2019-10-17,11466.3,11464.0,11586.35,15.88,16.36,0.02,-0.2,686.33,,0,0,0,0,0
2019-10-18,11580.3,11586.35,11661.85,15.93,15.88,-0.052,0.276,1158.63,,0,0,1,0,1
2019-10-22,11657.15,11661.85,11588.35,16.81,15.93,-0.04,0.687,36.56,,0,1,0,0,1
2019-10-23,11596.2,11588.35,11604.1,16.54,16.81,0.068,-0.357,-557.5,,0,0,0,0,0
2019-10-24,11661.65,11604.1,11582.6,16.24,16.54,0.496,0.285,-213.23,,1,0,0,0,1
2019-10-25,11646.15,11582.6,11583.9,15.32,16.24,0.549,0.192,-72.87,,1,0,0,0,1
2019-10-29,11643.95,11583.9,11786.85,16.42,15.32,0.518,0.558,6.61,,1,1,0,0,2
2019-10-30,11883.9,11786.85,11844.1,16.66,16.42,0.823,-0.083,876.64,,1,0,0,0,1
2019-10-31,11890.45,11844.1,11877.45,16.28,16.66,0.391,0.325,7192.42,,1,0,1,0,2
2019-11-01,11886.6,11877.45,11890.6,15.73,16.28,0.077,-0.302,1870.87,,0,0,1,0,1
2019-11-04,11928.9,11890.6,11941.3,15.93,15.73,0.322,0.966,533.37,,1,1,0,0,2
2019-11-05,11974.6,11941.3,11917.2,15.92,15.93,0.279,0.37,-138.53,,0,0,0,0,0
2019-11-06,11911.5,11917.2,11966.05,15.78,15.92,-0.048,-0.119,473.17,,0,0,0,0,0
2019-11-07,12021.1,11966.05,12012.05,15.21,15.78,0.46,0.07,1011.49,,1,0,1,0,2
2019-11-08,11987.15,12012.05,11908.15,15.86,15.21,-0.207,0.273,926.6,,0,0,0,0,0
2019-11-11,11879.2,11908.15,11913.45,16.25,15.86,-0.243,0.256,932.2,,0,0,0,0,0
2019-11-13,11908.3,11913.45,11840.45,16.46,16.25,-0.043,0.156,664.2,,0,0,0,0,0
2019-11-14,11858.75,11840.45,11872.1,15.65,16.46,0.155,0.071,664.2,,0,0,0,0,0
2019-11-15,11904.2,11872.1,11895.45,15.03,15.65,0.27,0.084,-562.05,,0,0,0,0,0
2019-11-18,11915.15,11895.45,11884.5,15.76,15.03,0.166,0.77,-1008.37,,0,1,-1,0,0
2019-11-19,11919.45,11884.5,11940.1,15.41,15.76,0.294,0.05,-270.66,,0,0,0,0,0
2019-11-20,12004.75,11940.1,11999.1,15.16,15.41,0.541,-0.059,-915.37,,1,0,0,0,1
2019-11-21,12025.65,11999.1,11968.4,14.98,15.16,0.221,-0.376,566.52,,0,0,0,0,0
2019-11-22,11967.3,11968.4,11914.4,14.87,14.98,-0.009,-0.158,5023.54,,0,0,1,0,1
2019-11-25,11922.45,11914.4,12073.75,15.0,14.87,0.068,0.217,305.72,,0,0,0,0,0
2019-11-26,12110.2,12073.75,12037.7,14.84,15.0,0.302,0.751,960.9,,1,1,0,0,2
2019-11-27,12068.5,12037.7,12100.7,14.62,14.84,0.256,0.22,4677.75,,0,0,1,0,1
2019-11-28,12132.1,12100.7,12151.15,13.99,14.62,0.259,0.417,42.93,,0,0,0,0,0
2019-11-29,12146.2,12151.15,12056.05,13.9,13.99,-0.041,0.417,1008.89,,0,0,1,0,1
2019-12-02,12137.05,12056.05,12048.2,14.2,13.9,0.672,-0.401,-1892.29,,1,0,-1,0,0
2019-12-03,12067.65,12048.2,11994.2,14.56,14.2,0.161,-0.863,-1731.33,,0,-1,-1,0,-2
2019-12-04,11969.95,11994.2,12043.2,13.32,14.56,-0.202,-0.664,-1131.12,,0,-1,-1,0,-2
2019-12-05,12071.25,12043.2,12018.4,14.31,13.32,0.233,0.632,-781.06,,0,1,0,0,1
2019-12-06,12047.35,12018.4,11921.5,13.64,14.31,0.241,0.15,653.36,,0,0,0,0,0
2019-12-09,11939.1,11921.5,11937.5,14.6,13.64,0.148,0.914,-867.66,,0,1,0,0,1
2019-12-10,11950.5,11937.5,11856.8,14.29,14.6,0.109,-0.316,459.22,,0,0,0,0,0
2019-12-11,11867.35,11856.8,11910.15,13.38,14.29,0.089,-0.11,-366.79,,0,0,0,0,0
2019-12-12,11944.3,11910.15,11971.8,13.35,13.38,0.287,0.291,605.41,,0,0,0,0,0
2019-12-13,12026.4,11971.8,12086.7,13.3,13.35,0.456,0.858,-683.83,,1,1,0,0,2
2019-12-16,12131.35,12086.7,12053.95,13.42,13.3,0.369,0.007,115.7,,1,0,0,0,1
2019-12-17,12082.45,12053.95,12165.0,12.52,13.42,0.236,0.715,728.13,,0,1,0,0,1
2019-12-18,12197.0,12165.0,12221.65,12.34,12.52,0.263,0.034,1248.47,,0,0,1,0,1
2019-12-19,12223.4,12221.65,12259.7,12.12,12.34,0.014,-0.043,1836.81,,0,0,1,0,1
2019-12-20,12266.45,12259.7,12271.8,12.33,12.12,0.055,0.446,739.43,,0,0,0,0,0
2019-12-23,12235.45,12271.8,12262.75,11.96,12.33,-0.296,0.494,338.86,,0,0,0,0,0
2019-12-24,12269.25,12262.75,12214.55,11.63,11.96,0.053,0.087,1463.28,,0,0,1,0,1
2019-12-26,12211.85,12214.55,12126.55,11.12,11.63,-0.022,-0.02,-114.38,,0,0,0,0,0
2019-12-27,12172.9,12126.55,12245.8,10.53,11.12,0.382,0.513,-504.13,,1,1,0,0,2
2019-12-30,12274.9,12245.8,12255.85,11.01,10.53,0.238,0.003,81.37,,0,0,0,0,0
2019-12-31,12247.1,12255.85,12168.45,11.67,11.01,-0.071,-0.578,-130.52,,0,-1,0,0,-1
2020-01-03,12261.1,12282.2,12226.65,12.7,11.49,-0.172,0.838,688.76,,0,1,0,0,1
2020-01-06,12170.6,12226.65,11993.05,14.78,12.7,-0.458,-0.706,1263.05,,-1,-1,1,0,-1
2020-01-07,12079.1,11993.05,12052.95,14.61,14.78,0.717,0.353,-103.84,,1,0,0,0,1
2020-01-08,11939.1,12052.95,12025.35,15.64,14.61,-0.945,-0.28,-682.23,,-1,0,0,0,-1
2020-01-09,12153.15,12025.35,12215.9,14.0,15.64,1.063,0.49,-515.85,,1,0,0,0,1
2020-01-10,12271.0,12215.9,12256.8,14.08,14.0,0.451,0.666,-431.11,,1,1,0,0,2
2020-01-13,12296.7,12256.8,12329.55,14.28,14.08,0.326,-0.286,578.28,,1,0,0,0,1
2020-01-14,12333.1,12329.55,12362.3,13.91,14.28,0.029,0.698,68.24,,0,1,0,0,1
2020-01-15,12349.4,12362.3,12343.3,14.12,13.91,-0.104,-0.151,-205.56,,0,0,0,0,0
2020-01-16,12347.1,12343.3,12355.5,14.18,14.12,0.031,0.187,279.53,,0,0,0,0,0
2020-01-17,12328.4,12355.5,12352.35,14.13,14.18,-0.219,0.837,-395.24,,0,1,0,0,1
2020-01-20,12430.5,12352.35,12224.55,15.41,14.13,0.633,0.386,264.26,,1,0,0,0,1
2020-01-21,12195.3,12224.55,12169.85,15.86,15.41,-0.239,0.386,5.87,,0,0,0,0,0
2020-01-22,12218.35,12169.85,12106.9,16.36,15.86,0.399,-0.265,-50.08,,1,0,0,0,1
2020-01-23,12123.75,12106.9,12180.35,15.86,16.36,0.139,0.029,-176.43,,0,0,0,0,0
2020-01-24,12174.55,12180.35,12248.25,15.56,15.86,-0.048,0.114,1352.13,,0,0,1,0,1
2020-01-27,12197.1,12248.25,12119.0,17.18,15.56,-0.418,-0.904,659.11,,-1,-1,0,0,-2
2020-01-28,12148.1,12119.0,12055.8,17.3,17.18,0.24,-1.573,-438.85,,0,-1,0,0,-1
2020-01-29,12114.9,12055.8,12129.5,16.5,17.3,0.49,1.005,-1357.56,,1,1,-1,0,1
2020-01-30,12147.75,12129.5,12035.8,16.8,16.5,0.15,-0.087,-1014.27,,0,0,-1,0,-1
2020-01-31,12100.4,12035.8,11962.1,17.37,16.8,0.537,0.313,-962.28,,1,0,0,0,1
2020-02-03,11627.45,11962.1,11707.9,15.78,17.37,-2.798,-1.771,-1199.53,,-1,-1,-1,0,-3
2020-02-04,11786.25,11707.9,11979.65,14.38,15.78,0.669,0.725,-1200.27,,1,1,-1,0,1
2020-02-05,12005.85,11979.65,12089.15,14.17,14.38,0.219,1.498,366.21,,0,1,0,0,1
2020-02-06,12120.0,12089.15,12137.95,13.78,14.17,0.255,1.125,248.94,,0,1,0,0,1
2020-02-07,12151.15,12137.95,12098.35,13.75,13.78,0.109,0.333,-560.36,,0,0,0,0,0
2020-02-10,12102.35,12098.35,12031.5,14.21,13.75,0.033,-0.54,161.93,,0,-1,0,0,-1
2020-02-11,12108.4,12031.5,12107.9,13.88,14.21,0.639,0.733,-184.58,,1,1,0,0,2
2020-02-12,12151.0,12107.9,12201.2,13.62,13.88,0.356,0.169,-209.39,,1,0,0,0,1
2020-02-13,12219.55,12201.2,12174.65,13.37,13.62,0.15,0.646,48.81,,0,1,0,0,1
2020-02-14,12190.15,12174.65,12113.45,13.62,13.37,0.127,-0.163,1061.39,,0,0,1,0,1
2020-02-17,12131.8,12113.45,12045.8,14.42,13.62,0.151,0.184,-704.92,,0,0,0,0,0
2020-02-18,12028.25,12045.8,11992.5,14.51,14.42,-0.146,0.184,-374.06,,0,0,0,0,0
2020-02-19,12090.6,11992.5,12125.9,14.02,14.51,0.818,-0.292,-74.39,,1,0,0,0,1
2020-02-20,12119.0,12125.9,12080.85,13.7,14.02,-0.057,0.471,-190.66,,0,0,0,0,0
2020-02-24,12012.55,12080.85,11829.4,17.0,13.7,-0.565,-1.052,1495.25,,-1,-1,1,0,-1
2020-02-25,11877.5,11829.4,11797.9,16.9,17.0,0.407,-3.351,-1160.9,,1,-1,-1,0,-1
2020-02-26,11738.55,11797.9,11678.5,18.26,16.9,-0.503,-3.028,-2315.07,,-1,-1,-1,0,-3
2020-02-27,11661.25,11678.5,11633.3,17.77,18.26,-0.148,-0.378,-3336.6,,0,0,-1,0,-1
2020-02-28,11382.0,11633.3,11201.75,23.24,17.77,-2.16,-4.416,-3127.36,,-1,-1,-1,0,-3
2020-03-02,11387.35,11201.75,11132.75,25.2,23.24,1.657,-0.824,-1428.74,,1,-1,-1,0,-1
2020-03-03,11217.55,11132.75,11303.3,24.54,25.2,0.762,4.604,-1354.72,,1,1,-1,0,1
2020-03-04,11351.35,11303.3,11251.0,24.23,24.54,0.425,-2.811,-2415.8,,1,-1,-1,0,-1
2020-03-05,11306.05,11251.0,11269.0,23.25,24.23,0.489,4.22,-878.38,,1,1,0,0,2
2020-03-06,10942.65,11269.0,10989.45,25.64,23.25,-2.896,-3.392,-2476.75,,-1,-1,-1,0,-3
2020-03-09,10742.05,10989.45,10451.45,30.8,25.64,-2.251,-1.705,-3594.84,,-1,-1,-1,0,-3
2020-03-11,10334.3,10451.45,10458.4,31.56,30.8,-1.121,4.94,-6595.56,,-1,1,-1,0,-1
2020-03-12,10039.95,10458.4,9590.15,41.16,31.56,-4.001,-4.887,-3515.38,,-1,-1,-1,0,-3
2020-03-13,9107.6,9590.15,9955.2,51.47,41.16,-5.032,-9.511,-3475.29,,-1,-1,-1,0,-3
2020-03-16,9587.8,9955.2,9197.4,58.88,51.47,-3.691,9.287,-6027.58,,-1,1,-1,0,-1
2020-03-17,9285.4,9197.4,8967.05,62.93,58.88,0.957,-11.984,-3809.93,,1,-1,-1,0,-1
2020-03-18,9088.45,8967.05,8468.8,63.96,62.93,1.354,5.995,-4044.69,,1,1,-1,0,1
2020-03-19,8063.3,8468.8,8263.45,72.2,63.96,-4.788,-5.183,-5085.35,,-1,-1,-1,0,-3
2020-03-20,8284.45,8263.45,8745.45,67.1,72.2,0.254,0.471,-4622.93,,0,0,-1,0,-1
2020-03-23,7945.7,8745.45,7610.25,71.99,67.1,-9.145,-4.336,-4622.93,,-1,-1,-1,0,-3
2020-03-24,7848.3,7610.25,7801.05,83.61,71.99,3.128,-2.929,-2989.29,,1,-1,-1,0,-1
2020-03-25,7735.15,7801.05,8317.85,77.63,83.61,-0.845,9.383,-2153.35,,-1,1,-1,0,-1
2020-03-26,8451.0,8317.85,8641.45,71.53,77.63,1.601,1.154,-1893.36,,1,1,-1,0,1
2020-03-27,8949.1,8641.45,8660.25,70.39,71.53,3.56,6.241,-484.78,,1,1,0,0,2
2020-03-30,8385.95,8660.25,8281.1,71.89,70.39,-3.167,-3.369,355.78,,-1,-1,0,0,-2
2020-03-31,8529.35,8281.1,8597.75,64.41,71.89,2.998,3.352,-4363.61,,1,1,-1,0,1
2020-04-01,8584.1,8597.75,8253.8,60.05,64.41,-0.159,-1.601,-3044.94,,0,-1,-1,0,-2
2020-04-03,8356.55,8253.8,8083.8,55.3,60.05,1.245,2.283,-1116.79,,1,1,-1,0,1
2020-04-07,8446.3,8083.8,8792.2,51.8,55.3,4.484,7.033,-1960.97,,1,1,-1,0,1
2020-04-08,8688.9,8792.2,8748.75,52.24,51.8,-1.175,-0.16,741.77,,-1,0,0,0,-1
2020-04-09,8973.05,8748.75,9111.9,49.75,52.24,2.564,3.406,1943.41,,1,1,1,0,3
2020-04-13,9103.95,9111.9,8993.85,51.46,49.75,-0.087,1.449,1737.62,,0,1,1,0,2
2020-04-15,9196.4,8993.85,8925.3,49.74,51.46,2.252,3.057,-1243.74,,1,1,-1,0,1
2020-04-16,8851.25,8925.3,8992.8,46.1,49.74,-0.83,-2.203,1358.66,,-1,-1,1,0,-1
2020-04-17,9323.45,8992.8,9266.75,42.59,46.1,3.677,0.582,-2920.36,,1,1,-1,0,1
2020-04-20,9390.2,9266.75,9261.85,43.46,42.59,1.332,2.679,-1391.98,,1,1,-1,0,1
2020-04-21,9016.95,9261.85,8981.45,45.2,43.46,-2.644,-1.788,-265.89,,-1,-1,0,0,-2
2020-04-22,9026.75,8981.45,9187.3,42.82,45.2,0.504,-3.067,-2095.23,,1,-1,-1,0,-1
2020-04-23,9232.35,9187.3,9313.9,39.23,42.82,0.49,2.293,-1326.09,,1,1,-1,0,1
2020-04-24,9163.9,9313.9,9154.4,39.12,39.23,-1.61,-0.054,-114.58,,-1,0,0,0,-1
2020-04-27,9259.7,9154.4,9282.3,38.04,39.12,1.15,1.392,-207.29,,1,1,0,0,2
2020-04-28,9389.8,9282.3,9380.9,35.35,38.04,1.158,1.471,-916.42,,1,1,0,0,2
2020-04-29,9408.6,9380.9,9553.35,33.84,35.35,0.295,-0.524,-122.15,,0,-1,0,0,-1
2020-04-30,9753.5,9553.35,9859.9,33.99,33.84,2.095,2.658,722.08,,1,1,0,0,2
2020-05-04,9533.5,9859.9,9293.5,43.67,33.99,-3.31,-2.806,1968.8,,-1,-1,1,0,-1
2020-05-05,9429.4,9293.5,9205.6,43.61,43.67,1.462,0.425,-1373.98,,1,0,-1,0,0
2020-05-06,9226.8,9205.6,9270.9,41.25,43.61,0.23,0.904,-1059.39,,0,1,-1,0,0
2020-05-07,9234.05,9270.9,9199.05,39.93,41.25,-0.397,-0.698,-493.68,,-1,-1,0,0,-2
2020-05-08,9376.95,9199.05,9251.5,38.41,39.93,1.934,1.15,19056.49,,1,1,1,0,3
2020-05-11,9348.15,9251.5,9239.2,38.04,38.41,1.045,1.687,1724.71,,1,1,1,0,3
2020-05-12,9168.85,9239.2,9196.55,38.21,38.04,-0.761,0.013,534.87,,-1,0,0,0,-1
2020-05-13,9584.2,9196.55,9383.55,38.84,38.21,4.215,-2.05,-1662.03,,1,-1,-1,0,-1
2020-05-14,9213.95,9383.55,9142.75,38.18,38.84,-1.807,-1.746,-283.43,,-1,-1,0,0,-2
2020-05-15,9182.4,9142.75,9136.85,38.02,38.18,0.434,1.152,-2152.52,,1,1,-1,0,1
2020-05-18,9158.3,9136.85,8823.25,40.92,38.02,0.235,0.393,-2388.04,,0,0,-1,0,-1
2020-05-19,8961.7,8823.25,8879.1,39.45,40.92,1.569,3.15,-2512.82,,1,1,-1,0,1
2020-05-20,8889.15,8879.1,9066.55,35.81,39.45,0.113,-1.048,-1328.31,,0,-1,-1,0,-2
2020-05-21,9079.45,9066.55,9106.25,32.99,35.81,0.142,1.665,-1466.52,,0,1,-1,0,0
2020-05-22,9067.9,9106.25,9039.25,32.38,32.99,-0.421,-0.777,-258.73,,-1,-1,0,0,-2
2020-05-26,9099.75,9039.25,9029.05,31.47,32.38,0.669,0.235,-1353.9,,1,0,-1,0,0
2020-05-27,9082.2,9029.05,9314.95,31.27,31.47,0.589,1.229,4716.13,,1,1,1,0,3
2020-05-28,9364.95,9314.95,9490.1,30.02,31.27,0.537,1.483,-334.74,,1,1,0,0,2
2020-05-29,9422.2,9490.1,9580.3,30.22,30.02,-0.715,-0.211,2354.14,,-1,0,1,0,0
2020-06-01,9726.85,9580.3,9826.15,30.74,30.22,1.53,0.481,1460.71,,1,0,1,0,2
2020-06-02,9880.85,9826.15,9979.1,30.12,30.74,0.557,0.375,1575.46,,1,0,1,0,2
2020-06-03,10108.3,9979.1,10061.55,30.04,30.12,1.295,0.821,7498.29,,1,1,1,0,3
2020-06-04,10054.25,10061.55,10029.1,29.69,30.04,-0.073,1.365,1851.12,,0,1,1,0,2
2020-06-05,10093.8,10029.1,10142.15,28.68,29.69,0.645,-0.337,2905.04,,1,0,1,0,2
2020-06-08,10326.75,10142.15,10167.45,29.65,28.68,1.82,2.621,97.61,,1,1,0,0,2
2020-06-09,10181.15,10167.45,10046.65,30.21,29.65,0.135,1.204,813.27,,0,1,0,0,1
2020-06-10,10072.6,10046.65,10116.15,29.44,30.21,0.258,-0.78,490.81,,0,-1,0,0,-1
2020-06-11,10094.1,10116.15,9902.0,29.66,29.44,-0.218,-0.531,-919.26,,0,-1,0,0,-1
2020-06-12,9544.95,9902.0,9972.9,30.82,29.66,-3.606,-5.894,-805.14,,-1,-1,0,0,-2
2020-06-15,9919.35,9972.9,9813.7,32.58,30.82,-0.537,1.306,-1311.49,,-1,1,-1,0,-1
2020-06-16,10014.8,9813.7,9914.0,32.97,32.58,2.049,0.831,-2960.33,,1,1,-1,0,1
2020-06-17,9876.7,9914.0,9881.15,33.35,32.97,-0.376,1.896,-1478.52,,-1,1,-1,0,-1
2020-06-18,9863.25,9881.15,10091.65,31.46,33.35,-0.181,-0.36,-486.62,,0,0,0,0,0
2020-06-19,10119.0,10091.65,10244.4,29.97,31.46,0.271,0.059,366.57,,0,0,0,0,0
2020-06-22,10318.75,10244.4,10311.2,30.46,29.97,0.726,-0.565,1237.0,,1,-1,1,0,1
2020-06-23,10347.95,10311.2,10471.0,29.34,30.46,0.356,0.65,424.21,,1,1,0,0,2
2020-06-24,10529.25,10471.0,10305.3,29.58,29.34,0.556,0.431,168.96,,1,0,0,0,1
2020-06-25,10235.55,10305.3,10288.9,29.73,29.58,-0.677,-2.586,1766.9,,-1,-1,1,0,-1
2020-06-26,10378.9,10288.9,10383.0,28.74,29.73,0.875,1.096,-1050.61,,1,1,-1,0,1
2020-06-29,10311.95,10383.0,10312.4,28.91,28.74,-0.684,-2.423,-753.18,,-1,-1,0,0,-2
2020-06-30,10382.6,10312.4,10302.1,29.12,28.91,0.681,1.469,-1937.06,,1,1,-1,0,1
2020-07-01,10323.8,10302.1,10430.05,28.12,29.12,0.211,1.541,-2000.08,,0,1,-1,0,0
2020-07-02,10493.05,10430.05,10551.7,26.51,28.12,0.604,0.502,-1696.45,,1,1,-1,0,1
2020-07-03,10614.95,10551.7,10607.35,25.77,26.51,0.599,0.454,-556.72,,1,0,0,0,1
2020-07-06,10723.85,10607.35,10763.65,25.2,25.77,1.098,0.454,857.29,,1,0,0,0,1
2020-07-07,10802.85,10763.65,10799.65,25.1,25.2,0.364,1.588,348.35,,1,1,0,0,2
2020-07-08,10818.65,10799.65,10705.75,26.1,25.1,0.176,-1.082,829.9,,0,-1,0,0,-1
2020-07-09,10755.55,10705.75,10813.45,24.91,26.1,0.465,0.783,-994.87,,1,1,0,0,2
2020-07-10,10764.1,10813.45,10768.05,24.94,24.91,-0.456,-0.564,212.77,,-1,-1,0,0,-2
2020-07-13,10851.85,10768.05,10802.7,25.25,24.94,0.778,1.047,-1031.0,,1,1,-1,0,1
2020-07-14,10750.85,10802.7,10607.35,26.64,25.25,-0.48,-0.936,221.76,,-1,-1,0,0,-2
2020-07-15,10701.0,10607.35,10618.2,26.29,26.64,0.883,1.341,-1565.62,,1,1,-1,0,1
2020-07-16,10706.2,10618.2,10739.95,25.36,26.29,0.829,0.908,-221.7,,1,1,0,0,2
2020-07-17,10752.0,10739.95,10901.7,24.16,25.36,0.112,-0.341,-1091.08,,0,0,-1,0,-1
2020-07-20,10999.45,10901.7,11022.2,24.71,24.16,0.897,0.285,697.08,,1,0,0,0,1
2020-07-21,11126.1,11022.2,11162.25,24.43,24.71,0.943,0.841,1709.97,,1,1,1,0,3
2020-07-22,11231.2,11162.25,11132.6,24.89,24.43,0.618,0.168,2265.88,,1,0,1,0,2
2020-07-23,11135.0,11132.6,11215.45,24.64,24.89,0.022,0.575,1665.57,,0,1,1,0,2
2020-07-24,11149.95,11215.45,11194.15,24.54,24.64,-0.584,-1.232,1740.5,,-1,-1,1,0,-1
2020-07-27,11225.0,11194.15,11131.8,25.02,24.54,0.276,-0.619,1740.5,,0,-1,1,0,0
2020-07-28,11154.1,11131.8,11300.55,23.64,25.02,0.2,0.74,-453.31,,0,1,0,0,1
2020-07-29,11276.9,11300.55,11202.85,24.11,23.64,-0.209,-0.647,245.95,,0,-1,0,0,-1
2020-07-30,11254.3,11202.85,11102.15,24.73,24.11,0.459,1.243,-352.62,,1,1,0,0,2
2020-07-31,11139.5,11102.15,11073.45,24.19,24.73,0.336,-0.375,207.3,,1,0,0,0,1
2020-08-03,11057.55,11073.45,10891.6,25.19,24.19,-0.144,0.767,-958.64,,0,1,0,0,1
2020-08-04,10946.65,10891.6,11095.25,23.82,25.19,0.505,0.718,7818.49,,1,1,1,0,3
2020-08-05,11155.75,11095.25,11101.65,23.57,23.82,0.545,0.361,703.74,,1,0,0,0,1
2020-08-06,11185.7,11101.65,11200.15,23.15,23.57,0.757,0.643,-60.18,,1,1,0,0,2
2020-08-07,11186.65,11200.15,11214.05,22.58,23.15,-0.121,0.643,637.43,,0,1,0,0,1
2020-08-10,11270.25,11214.05,11270.15,22.51,22.58,0.501,0.063,397.32,,1,0,0,0,1
2020-08-11,11322.25,11270.15,11322.5,21.36,22.51,0.462,0.274,302.88,,1,0,0,0,1
2020-08-12,11289.0,11322.5,11308.4,20.85,21.36,-0.296,-0.797,1013.66,,0,-1,1,0,0
2020-08-13,11334.85,11308.4,11300.45,20.57,20.85,0.234,1.4,351.15,,0,1,0,0,1
2020-08-14,11353.3,11300.45,11178.4,21.67,20.57,0.468,-0.205,416.28,,1,0,0,0,1
2020-08-17,11248.9,11178.4,11247.1,21.31,21.67,0.631,-0.017,46.39,,1,0,0,0,1
2020-08-18,11259.8,11247.1,11385.35,20.43,21.31,0.113,0.271,332.9,,0,0,0,0,0
2020-08-19,11452.15,11385.35,11408.4,19.96,20.43,0.587,0.23,1134.57,,1,0,1,0,2
2020-08-20,11317.45,11408.4,11312.2,20.62,19.96,-0.797,-0.44,459.01,,-1,0,0,0,-1
2020-08-21,11409.65,11312.2,11371.6,19.94,20.62,0.861,0.316,-268.46,,1,0,0,0,1
2020-08-24,11412.0,11371.6,11466.45,19.23,19.94,0.355,0.344,410.16,,1,0,0,0,1
2020-08-25,11513.1,11466.45,11472.25,19.32,19.23,0.407,1.004,219.07,,1,1,0,0,2
2020-08-26,11512.85,11472.25,11549.6,19.3,19.32,0.354,0.36,1481.2,,1,0,1,0,2
2020-08-27,11609.3,11549.6,11559.25,18.9,19.3,0.517,1.02,1581.31,,1,1,1,0,3
2020-08-28,11602.95,11559.25,11647.6,18.35,18.9,0.378,0.167,1164.32,,1,0,1,0,2
2020-08-31,11777.55,11647.6,11387.5,22.84,18.35,1.116,0.673,1004.11,,1,1,1,0,3
2020-09-01,11464.3,11387.5,11470.25,21.8,22.84,0.674,-0.219,-3395.49,,1,0,-1,0,0
2020-09-02,11478.55,11470.25,11535.0,21.11,21.8,0.072,0.753,486.09,,0,1,0,0,1
2020-09-03,11566.2,11535.0,11527.45,20.5,21.11,0.27,1.537,990.57,,0,1,0,0,1
2020-09-04,11354.4,11527.45,11333.85,22.15,20.5,-1.501,-3.513,7.72,,-1,-1,0,0,-2
2020-09-07,11359.6,11333.85,11355.05,22.01,22.15,0.227,-0.813,-1888.78,,0,-1,-1,0,-2
2020-09-08,11378.55,11355.05,11317.35,22.72,22.01,0.207,-0.813,-6.93,,0,-1,0,0,-1
2020-09-09,11218.6,11317.35,11278.0,22.23,22.72,-0.873,-2.776,-1056.52,,-1,-1,-1,0,-3
2020-09-10,11363.3,11278.0,11449.25,21.26,22.23,0.756,2.014,-959.09,,1,1,0,0,2
2020-09-11,11447.8,11449.25,11464.45,20.71,21.26,-0.013,-1.758,838.37,,0,-1,0,0,-1
2020-09-14,11540.15,11464.45,11440.05,21.19,20.71,0.66,0.053,1175.81,,1,0,1,0,2
2020-09-15,11487.2,11440.05,11521.8,20.6,21.19,0.412,1.274,298.22,,1,1,0,0,2
2020-09-16,11538.45,11521.8,11604.55,19.66,20.6,0.145,0.522,1170.89,,0,1,1,0,2
2020-09-17,11539.4,11604.55,11516.1,20.1,19.66,-0.561,-0.462,264.66,,-1,0,0,0,-1
2020-09-18,11584.1,11516.1,11504.95,20.05,20.1,0.59,-0.841,-249.82,,1,-1,0,0,0
2020-09-21,11503.8,11504.95,11250.55,22.19,20.05,-0.01,-1.118,205.15,,0,-1,0,0,-1
2020-09-22,11301.75,11250.55,11153.65,21.41,22.19,0.455,-1.157,-539.81,,1,-1,0,0,0
2020-09-23,11258.75,11153.65,11131.85,20.99,21.41,0.942,1.052,-2072.76,,1,1,-1,0,1
2020-09-24,11011.0,11131.85,10805.55,23.51,20.99,-1.086,-2.372,-3912.44,,-1,-1,-1,0,-3
2020-09-25,10910.4,10805.55,11050.25,20.68,23.51,0.97,0.299,-1885.69,,1,0,-1,0,0
2020-09-28,11140.85,11050.25,11227.55,19.57,20.68,0.82,1.598,-2080.21,,1,1,-1,0,1
2020-09-29,11288.6,11227.55,11222.4,19.77,19.57,0.544,1.611,-26.98,,1,1,0,0,2
2020-09-30,11244.45,11222.4,11247.55,19.53,19.77,0.196,-0.481,-26.98,,0,0,0,0,0
2020-10-01,11364.45,11247.55,11416.95,18.35,19.53,1.039,0.825,-712.48,,1,1,0,0,2
2020-10-05,11487.8,11416.95,11503.35,19.7,18.35,0.621,-0.958,1632.25,,1,-1,1,0,1
2020-10-06,11603.45,11503.35,11662.4,19.64,19.7,0.87,1.797,236.71,,1,1,0,0,2
2020-10-07,11679.25,11662.4,11738.85,20.06,19.64,0.144,-1.397,1101.76,,0,-1,1,0,0
2020-10-08,11835.4,11738.85,11834.6,20.38,20.06,0.822,1.74,1093.81,,1,1,1,0,3
2020-10-09,11852.05,11834.6,11914.2,20.38,20.38,0.147,0.801,978.37,,0,1,0,0,1
2020-10-12,11973.55,11914.2,11930.95,21.13,20.38,0.498,0.879,-39.39,,1,1,0,0,2
2020-10-13,11934.65,11930.95,11934.5,20.72,21.13,0.031,1.642,615.17,,0,1,0,0,1
2020-10-14,11917.4,11934.5,11971.05,20.21,20.72,-0.143,-0.631,832.14,,0,-1,0,0,-1
2020-10-15,12023.45,11971.05,11680.35,22.06,20.21,0.438,-0.662,821.86,,1,-1,0,0,0
2020-10-16,11727.4,11680.35,11762.45,21.65,22.06,0.403,-0.153,-604.07,,1,0,0,0,1
2020-10-19,11879.2,11762.45,11873.05,21.82,21.65,0.993,0.013,-479.59,,1,0,0,0,1
2020-10-20,11861.0,11873.05,11896.8,22.69,21.82,-0.101,-1.633,1656.78,,0,-1,1,0,0
2020-10-21,11958.55,11896.8,11937.65,22.92,22.69,0.519,0.473,1585.07,,1,0,1,0,2
2020-10-22,11890.0,11937.65,11896.45,22.64,22.92,-0.399,-0.22,2108.48,,-1,0,1,0,0
2020-10-23,11957.9,11896.45,11930.35,21.83,22.64,0.517,0.522,1118.46,,1,1,1,0,3
2020-10-26,11937.4,11930.35,11767.75,22.83,21.83,0.059,0.345,906.93,,0,0,0,0,0
2020-10-27,11807.1,11767.75,11889.4,22.2,22.83,0.334,-1.859,-119.42,,1,-1,0,0,0
2020-10-28,11922.6,11889.4,11729.6,23.28,22.2,0.279,-0.303,3514.89,,0,0,1,0,1
2020-10-29,11633.3,11729.6,11670.8,24.02,23.28,-0.821,-3.529,-1130.98,,-1,-1,-1,0,-3
2020-10-30,11678.45,11670.8,11642.4,24.75,24.02,0.066,1.195,-420.95,,0,1,0,0,1
2020-11-02,11697.35,11642.4,11669.15,25.21,24.75,0.472,-1.213,-870.88,,1,-1,0,0,0
2020-11-03,11734.45,11669.15,11813.5,24.24,25.21,0.56,1.232,740.61,,1,1,0,0,2
2020-11-04,11783.35,11813.5,11908.5,23.2,24.24,-0.255,1.78,2274.4,,0,1,1,0,2
2020-11-05,12062.4,11908.5,12120.3,20.97,23.2,1.292,2.205,146.22,,1,1,0,0,2
2020-11-06,12156.65,12120.3,12263.55,20.5,20.97,0.3,1.946,5368.31,,0,1,1,0,2
2020-11-09,12399.4,12263.55,12461.05,20.11,20.5,1.108,-0.029,4869.87,,1,0,1,0,2
2020-11-10,12556.4,12461.05,12631.1,21.58,20.11,0.765,1.17,4548.39,,1,1,1,0,3
2020-11-11,12680.6,12631.1,12749.15,22.03,21.58,0.392,-0.14,5627.32,,1,0,1,0,2
2020-11-12,12702.15,12749.15,12690.8,20.62,22.03,-0.369,0.765,6207.19,,-1,1,1,0,1
2020-11-13,12659.7,12690.8,12719.95,19.7,20.62,-0.245,-0.998,1514.12,,0,-1,1,0,0
2020-11-17,12932.5,12719.95,12874.2,19.8,19.7,1.671,1.165,1935.92,,1,1,1,0,3
2020-11-18,12860.1,12874.2,12938.25,19.12,19.8,-0.11,-0.479,4905.35,,0,0,1,0,1
2020-11-19,12839.5,12938.25,12771.7,19.57,19.12,-0.763,-1.156,3071.93,,-1,-1,1,0,-1
2020-11-20,12813.4,12771.7,12859.05,19.62,19.57,0.327,0.395,1180.61,,1,0,1,0,2
2020-11-23,12960.3,12859.05,12926.45,20.8,19.62,0.787,-0.679,3860.78,,1,-1,1,0,1
2020-11-24,13002.6,12926.45,13055.15,21.06,20.8,0.589,0.564,4738.44,,1,1,1,0,3
2020-11-25,13130.0,13055.15,12858.4,23.13,21.06,0.573,1.616,4563.18,,1,1,1,0,3
2020-11-26,12906.45,12858.4,12987.0,20.02,23.13,0.374,-0.158,24.2,,1,0,0,0,1
2020-11-27,13012.05,12987.0,12968.95,19.82,20.02,0.193,-0.158,2027.31,,0,0,1,0,1
2020-12-01,13062.2,12968.95,13109.05,20.18,19.82,0.719,-0.46,7712.98,,1,0,1,0,2
2020-12-02,13121.4,13109.05,13113.75,19.91,20.18,0.094,1.127,3242.0,,0,1,1,0,2
2020-12-03,13215.3,13113.75,13133.9,19.0,19.91,0.774,0.179,357.35,,1,0,0,0,1
2020-12-04,13177.4,13133.9,13258.55,18.03,19.0,0.331,-0.062,3637.42,,1,0,1,0,2
2020-12-07,13264.85,13258.55,13355.75,18.02,18.03,0.048,0.884,2969.59,,0,1,1,0,2
2020-12-08,13393.85,13355.75,13392.95,18.62,18.02,0.285,-0.194,3792.06,,0,0,1,0,1
2020-12-09,13458.1,13392.95,13529.1,18.92,18.62,0.486,0.279,2909.6,,1,0,1,0,2
2020-12-10,13488.5,13529.1,13478.3,18.71,18.92,-0.3,-0.795,3564.23,,-1,-1,1,0,-1
2020-12-11,13512.3,13478.3,13513.85,18.79,18.71,0.252,-0.129,2259.98,,0,0,1,0,1
2020-12-14,13571.45,13513.85,13558.15,19.4,18.79,0.426,-0.126,4195.43,,1,0,1,0,2
2020-12-15,13547.2,13558.15,13567.85,19.35,19.4,-0.081,-0.436,2264.38,,0,0,1,0,1
2020-12-16,13663.1,13567.85,13682.7,19.2,19.35,0.702,1.292,2484.09,,1,1,1,0,3
2020-12-17,13713.55,13682.7,13740.7,19.16,19.2,0.225,0.177,1981.77,,0,0,1,0,1
2020-12-18,13764.4,13740.7,13760.55,18.62,19.16,0.172,0.576,2355.25,,0,1,1,0,2
2020-12-21,13741.9,13760.55,13328.4,23.19,18.62,-0.136,-0.351,2720.95,,0,0,1,0,1
2020-12-22,13373.65,13328.4,13466.3,21.99,23.19,0.34,-0.391,-323.55,,1,0,0,0,1
2020-12-23,13473.5,13466.3,13601.1,20.5,21.99,0.053,-0.207,1153.0,,0,0,1,0,1
2020-12-24,13672.15,13601.1,13749.25,19.97,20.5,0.522,0.075,536.13,,1,0,0,0,1
2020-12-28,13815.15,13749.25,13873.2,20.43,19.97,0.479,0.354,1225.69,,1,0,1,0,2
2020-12-29,13910.35,13873.2,13932.6,20.79,20.43,0.268,0.872,1588.93,,0,1,1,0,2
2020-12-30,13980.9,13932.6,13981.95,21.11,20.79,0.347,-0.223,2349.53,,1,0,1,0,2
2020-12-31,13970.0,13981.95,13981.75,21.1,21.11,-0.085,0.134,1824.52,,0,0,1,0,1
2021-01-05,14075.15,14132.9,14199.5,20.46,20.03,-0.409,-1.475,1843.22,,-1,-1,1,0,-1
2021-01-06,14240.95,14199.5,14146.25,21.0,20.46,0.292,0.708,986.3,,0,1,0,0,1
2021-01-07,14253.75,14146.25,14137.35,20.62,21.0,0.76,0.571,-483.64,,1,1,0,0,2
2021-01-08,14258.4,14137.35,14347.25,20.64,20.62,0.856,1.485,382.3,,1,1,0,0,2
2021-01-11,14474.05,14347.25,14484.75,22.38,20.64,0.884,0.549,6029.83,,1,1,1,0,3
2021-01-12,14473.8,14484.75,14563.45,22.85,22.38,-0.076,-0.655,3138.9,,0,-1,1,0,0
2021-01-13,14639.8,14563.45,14564.85,23.29,22.85,0.524,0.042,571.47,,1,0,0,0,1
2021-01-14,14550.05,14564.85,14595.6,23.03,23.29,-0.102,0.228,1879.06,,0,0,1,0,1
2021-01-15,14594.35,14595.6,14433.7,24.01,23.03,-0.009,-0.375,1076.62,,0,0,1,0,1
2021-01-18,14453.3,14433.7,14281.3,24.4,24.01,0.136,-0.719,971.06,,0,-1,0,0,-1
2021-01-19,14371.65,14281.3,14521.15,22.9,24.4,0.633,-0.719,650.6,,1,-1,0,0,0
2021-01-20,14538.3,14521.15,14644.7,21.55,22.9,0.118,0.814,257.55,,0,1,0,0,1
2021-01-21,14730.95,14644.7,14590.35,22.18,21.55,0.589,1.394,2289.05,,1,1,1,0,3
2021-01-27,14237.95,14238.9,13967.5,24.39,23.25,-0.007,-0.149,-765.3,,0,0,0,0,0
2021-01-28,13810.4,13967.5,13817.55,24.29,24.39,-1.125,-2.568,-1688.22,,-1,-1,-1,0,-3
2021-01-29,13946.6,13817.55,13634.6,25.34,24.29,0.934,0.976,-3712.51,,1,1,-1,0,1
2021-02-01,13758.6,13634.6,14281.2,23.32,25.34,0.909,-1.931,-5930.66,,1,-1,-1,0,-1
2021-02-02,14481.1,14281.2,14647.85,23.35,23.32,1.4,1.605,1494.23,,1,1,1,0,3
2021-02-03,14754.9,14647.85,14789.95,23.75,23.35,0.731,1.39,6181.56,,1,1,1,0,3
2021-02-04,14789.05,14789.95,14895.65,23.12,23.75,-0.006,0.101,2520.92,,0,0,1,0,1
2021-02-05,14952.6,14895.65,14924.25,23.42,23.12,0.382,1.085,1936.74,,1,1,1,0,3
2021-02-08,15064.3,14924.25,15115.8,23.96,23.42,0.938,0.39,1461.71,,1,0,1,0,2
2021-02-09,15164.15,15115.8,15109.3,24.27,23.96,0.32,0.74,1876.6,,1,1,1,0,3
2021-02-10,15119.05,15109.3,15106.5,23.95,24.27,0.065,-0.111,1300.65,,0,0,1,0,1
2021-02-11,15073.25,15106.5,15173.3,23.05,23.95,-0.22,-0.035,1786.97,,0,0,1,0,1
2021-02-12,15186.2,15173.3,15163.3,22.04,23.05,0.085,0.166,944.36,,0,0,0,0,0
2021-02-19,15074.8,15118.95,14981.75,22.25,21.54,-0.292,-0.442,903.07,,0,0,0,0,0
2021-02-22,14999.05,14981.75,14675.7,25.47,22.25,0.115,-0.185,118.75,,0,0,0,0,0
2021-02-23,14782.25,14675.7,14707.8,25.23,25.47,0.726,-0.773,-893.25,,1,-1,0,0,0
2021-02-24,14729.15,14707.8,14982.0,24.17,25.23,0.145,0.126,-1569.04,,0,0,-1,0,-1
2021-02-25,15079.85,14982.0,15097.35,22.89,24.17,0.653,1.135,28739.17,,1,1,1,0,3
2021-02-26,14888.6,15097.35,14529.15,28.14,22.89,-1.383,-2.448,188.08,,-1,-1,0,0,-2
2021-03-01,14702.5,14529.15,14761.55,25.63,28.14,1.193,-0.475,-8295.17,,1,0,-1,0,0
2021-03-02,14865.3,14761.55,14919.1,23.61,25.63,0.703,2.379,125.15,,1,1,0,0,2
2021-03-03,15064.4,14919.1,15245.6,22.09,23.61,0.974,-0.808,2223.16,,1,-1,1,0,1
2021-03-04,15026.75,15245.6,15080.75,24.15,22.09,-1.435,-1.307,2088.7,,-1,-1,1,0,-1
2021-03-05,14977.95,15080.75,14938.1,25.56,24.15,-0.682,-1.342,-223.11,,-1,-1,0,0,-2
2021-03-08,15002.45,14938.1,14956.2,24.68,25.56,0.431,1.95,-2014.16,,1,1,-1,0,1
2021-03-09,15049.9,14956.2,15098.4,22.5,24.68,0.626,-0.536,-1494.49,,1,-1,-1,0,-1
2021-03-10,15202.15,15098.4,15174.8,20.75,22.5,0.687,1.415,2801.87,,1,1,1,0,3
2021-03-12,15321.15,15174.8,15030.95,21.71,20.75,0.964,1.04,-15.69,,1,1,0,0,2
2021-03-15,15048.4,15030.95,14929.5,21.23,21.71,0.116,0.102,-942.6,,0,0,0,0,0
2021-03-16,14996.1,14929.5,14910.45,20.19,21.23,0.446,0.649,-1101.35,,1,1,-1,0,1
2021-03-17,14946.55,14910.45,14721.3,20.16,20.19,0.242,-0.157,1692.31,,0,0,1,0,1
2021-03-18,14855.5,14721.3,14557.85,20.08,20.16,0.912,0.288,2625.82,,1,0,1,0,2
2021-03-19,14471.15,14557.85,14744.0,19.99,20.08,-0.596,-1.476,1258.47,,-1,-1,1,0,-1
2021-03-22,14736.3,14744.0,14736.4,20.49,19.99,-0.052,-0.06,1418.43,,0,0,1,0,1
2021-03-23,14768.55,14736.4,14814.75,20.67,20.49,0.218,0.703,-786.98,,0,1,0,0,1
2021-03-24,14712.45,14814.75,14549.4,22.46,20.67,-0.691,-0.763,-108.24,,-1,-1,0,0,-2
2021-03-25,14570.9,14549.4,14324.9,22.7,22.46,0.148,-0.547,-1951.9,,0,-1,-1,0,-2
2021-03-26,14506.3,14324.9,14507.3,20.65,22.7,1.266,0.524,-3383.6,,1,1,-1,0,1
2021-03-30,14628.5,14507.3,14845.1,20.49,20.65,0.835,-0.087,-50.13,,1,0,0,0,1
2021-03-31,14811.85,14845.1,14690.7,20.65,20.49,-0.224,-0.316,769.47,,0,0,0,0,0
2021-04-01,14798.4,14690.7,14867.35,19.99,20.65,0.733,0.362,-1685.91,,1,0,-1,0,0
2021-04-05,14837.7,14867.35,14637.8,21.22,19.99,-0.199,1.183,149.41,,0,1,0,0,1
2021-04-06,14737.0,14637.8,14683.5,20.84,21.22,0.678,1.444,-931.66,,1,1,0,0,2
2021-04-07,14716.45,14683.5,14819.05,20.25,20.84,0.224,-0.097,-1092.75,,0,0,-1,0,-1
2021-04-08,14875.65,14819.05,14873.8,20.31,20.25,0.382,0.148,227.42,,1,0,0,0,1
2021-04-09,14882.65,14873.8,14834.85,19.79,20.31,0.06,0.422,110.85,,0,0,0,0,0
2021-04-12,14644.65,14834.85,14310.8,23.0,19.79,-1.282,0.772,-653.51,,-1,1,0,0,0
2021-04-13,14364.9,14310.8,14504.8,20.46,23.0,0.378,-0.02,-1746.43,,1,0,-1,0,0
2021-04-15,14522.4,14504.8,14581.45,20.89,20.46,0.121,-0.409,-730.81,,0,0,0,0,0
2021-04-16,14599.6,14581.45,14617.85,20.4,20.89,0.124,1.109,979.7,,0,1,0,0,1
2021-04-19,14306.6,14617.85,14359.45,22.49,20.4,-2.129,0.361,437.51,,-1,0,0,0,-1
2021-04-20,14526.7,14359.45,14296.4,22.43,22.49,1.165,-0.531,-1633.7,,1,-1,-1,0,-1
2021-04-22,14219.15,14296.4,14406.15,23.03,22.43,-0.54,0.931,-1082.33,,-1,1,-1,0,-1
2021-04-23,14326.35,14406.15,14341.35,22.69,23.03,-0.554,-0.921,-909.56,,-1,-1,0,0,-2
2021-04-26,14449.45,14341.35,14485.0,23.5,22.69,0.754,1.093,-1360.76,,1,1,-1,0,1
2021-04-27,14493.8,14485.0,14653.05,23.08,23.5,0.061,0.178,-1111.89,,0,0,-1,0,-1
2021-04-28,14710.5,14653.05,14864.55,22.58,23.08,0.392,-0.021,-1454.75,,1,0,-1,0,0
2021-04-29,14979.0,14864.55,14894.9,23.31,22.58,0.77,-0.085,766.02,,1,0,0,0,1
2021-04-30,14747.35,14894.9,14631.1,23.03,23.31,-0.991,0.676,809.37,,-1,1,0,0,0
2021-05-03,14481.05,14631.1,14634.15,23.69,23.03,-1.026,-0.719,-3465.07,,-1,-1,-1,0,-3
2021-05-04,14687.25,14634.15,14496.5,23.01,23.69,0.363,0.275,-2289.46,,1,0,-1,0,0
2021-05-07,14816.85,14724.8,14823.15,20.82,22.04,0.625,0.817,1222.58,,1,1,1,0,3
2021-05-10,14928.25,14823.15,14942.35,20.23,20.82,0.709,0.737,-1142.75,,1,1,-1,0,1
2021-05-14,14749.4,14696.5,14677.8,20.27,20.08,0.36,1.217,-1260.59,,1,1,-1,0,1
2021-05-17,14756.25,14677.8,14923.15,19.61,20.27,0.534,1.492,-2607.85,,1,1,-1,0,1
2021-05-18,15067.2,14923.15,15108.1,19.24,19.61,0.965,-0.253,-2255.84,,1,0,-1,0,0
2021-05-19,15058.6,15108.1,15030.15,19.32,19.24,-0.328,-0.852,618.49,,-1,-1,0,0,-2
2021-05-24,15211.35,15175.3,15197.7,19.13,19.08,0.238,-0.078,510.16,,0,0,0,0,0
2021-05-27,15323.95,15301.45,15337.85,19.91,20.87,0.147,0.188,241.6,,0,0,0,0,0
2021-05-28,15421.2,15337.85,15435.65,17.4,19.91,0.543,0.117,-660.9,,1,0,0,0,1
2021-06-02,15520.35,15574.85,15576.2,17.21,17.39,-0.35,-0.049,-449.86,,-1,0,0,0,-1
2021-06-03,15655.55,15576.2,15690.35,15.75,17.21,0.509,0.145,921.1,,1,0,0,0,1
2021-06-04,15712.5,15690.35,15670.25,15.94,15.75,0.141,-0.363,1079.2,,0,0,1,0,1
2021-06-07,15725.1,15670.25,15751.65,15.57,15.94,0.35,0.883,1499.37,,1,1,1,0,3
2021-06-08,15773.9,15751.65,15740.1,15.23,15.57,0.141,-0.08,-186.46,,0,0,0,0,0
2021-06-09,15766.3,15740.1,15635.35,14.75,15.23,0.166,0.018,1422.71,,0,0,1,0,1
2021-06-10,15692.1,15635.35,15737.75,15.0,14.75,0.363,-0.182,-846.37,,1,0,0,0,1
2021-06-11,15796.45,15737.75,15799.35,14.1,15.0,0.373,0.465,1329.7,,1,0,1,0,2
2021-06-14,15791.4,15799.35,15811.85,14.72,14.1,-0.05,0.195,18.64,,0,0,0,0,0
2021-06-15,15866.95,15811.85,15869.25,14.61,14.72,0.348,0.182,-503.51,,1,0,0,0,1
2021-06-16,15847.5,15869.25,15767.55,14.87,14.61,-0.137,-0.201,633.69,,0,0,0,0,0
2021-06-17,15648.3,15767.55,15691.4,15.29,14.87,-0.756,-0.539,-870.29,,-1,-1,0,0,-2
2021-06-18,15756.5,15691.4,15683.35,14.8,15.29,0.415,-0.044,-879.73,,1,0,0,0,1
2021-06-21,15525.85,15683.35,15746.5,15.06,14.8,-1.004,-1.312,2680.57,,-1,-1,1,0,-1
2021-06-22,15840.5,15746.5,15772.75,14.74,15.06,0.597,1.4,-1244.71,,1,1,-1,0,1
2021-06-23,15862.8,15772.75,15686.95,15.37,14.74,0.571,0.512,-1027.94,,1,1,-1,0,1
2021-06-24,15737.3,15686.95,15790.45,15.1,15.37,0.321,-0.108,3156.53,,1,0,1,0,2
2021-06-25,15839.35,15790.45,15860.35,13.37,15.1,0.31,0.581,-2890.94,,1,1,-1,0,1
2021-06-28,15915.35,15860.35,15814.7,13.4,13.37,0.347,0.333,-678.84,,1,0,0,0,1
2021-06-29,15807.5,15814.7,15748.45,13.0,13.4,-0.046,0.231,-1658.72,,0,0,-1,0,-1
2021-06-30,15776.9,15748.45,15721.5,13.05,13.0,0.181,0.028,116.63,,0,0,0,0,0
2021-07-01,15755.05,15721.5,15680.0,12.84,13.05,0.213,0.133,-1646.66,,0,0,-1,0,-1
2021-07-02,15705.85,15680.0,15722.2,12.09,12.84,0.165,0.522,-1245.29,,0,1,-1,0,0
2021-07-07,15819.6,15818.25,15879.65,12.21,12.28,0.009,-0.202,-543.3,,0,0,0,0,0
2021-07-08,15855.4,15879.65,15727.9,13.56,12.21,-0.153,0.336,532.94,,0,0,0,0,0
2021-07-09,15688.25,15727.9,15689.8,12.94,13.56,-0.252,-0.856,-554.92,,0,-1,0,0,-1
2021-07-12,15766.8,15689.8,15692.6,12.99,12.94,0.491,1.128,-1124.65,,1,1,-1,0,1
2021-07-13,15794.0,15692.6,15812.35,12.62,12.99,0.646,0.345,-745.97,,1,0,0,0,1
2021-07-14,15808.7,15812.35,15853.95,12.59,12.62,-0.023,-0.352,113.83,,0,0,0,0,0
2021-07-15,15872.15,15853.95,15924.2,12.27,12.59,0.115,0.116,-1303.95,,0,0,-1,0,-1
2021-07-16,15958.35,15924.2,15923.4,11.71,12.27,0.214,-0.326,-264.77,,0,0,0,0,0
2021-07-19,15754.5,15923.4,15752.4,12.68,11.71,-1.061,-0.754,-466.3,,-1,-1,0,0,-2
2021-07-20,15703.95,15752.4,15632.1,13.21,12.68,-0.308,-1.587,-2198.71,,-1,-1,-1,0,-3
2021-07-22,15736.6,15632.1,15824.05,11.89,13.21,0.668,0.824,-2834.96,,1,1,-1,0,1
2021-07-23,15856.8,15824.05,15856.05,11.76,11.89,0.207,0.202,-247.59,,0,0,0,0,0
2021-07-26,15849.3,15856.05,15824.45,12.45,11.76,-0.043,1.015,-163.31,,0,1,0,0,1
2021-07-27,15860.5,15824.45,15746.45,13.23,12.45,0.228,0.238,-2376.79,,0,0,-1,0,-1
2021-07-28,15761.55,15746.45,15709.4,13.69,13.23,0.096,-0.471,-1459.08,,0,0,-1,0,-1
2021-07-29,15762.7,15709.4,15778.45,12.95,13.69,0.339,-0.019,-2274.77,,1,0,-1,0,0
2021-07-30,15800.6,15778.45,15763.05,12.8,12.95,0.14,0.421,-866.26,,0,0,0,0,0
2021-08-02,15874.9,15763.05,15885.15,12.81,12.8,0.71,-0.541,-3848.31,,1,-1,-1,0,-1
2021-08-03,15951.55,15885.15,16130.75,13.75,12.81,0.418,-0.184,-1539.88,,1,0,-1,0,0
2021-08-04,16195.25,16130.75,16258.8,13.21,13.75,0.4,0.82,2116.6,,1,1,1,0,3
2021-08-05,16288.95,16258.8,16294.6,12.87,13.21,0.185,-0.463,2828.57,,0,0,1,0,1
2021-08-06,16304.4,16294.6,16238.2,12.61,12.87,0.06,0.601,-719.88,,0,1,0,0,1
2021-08-09,16281.35,16238.2,16258.25,12.61,12.61,0.266,0.168,-69.37,,0,0,0,0,0
2021-08-10,16274.8,16258.25,16280.1,12.71,12.61,0.102,-0.094,211.91,,0,0,0,0,0
2021-08-11,16327.3,16280.1,16282.25,12.71,12.71,0.29,0.099,-178.51,,0,0,0,0,0
2021-08-12,16303.65,16282.25,16364.4,12.37,12.71,0.131,0.128,238.14,,0,0,0,0,0
2021-08-13,16385.7,16364.4,16529.1,12.99,12.37,0.13,0.415,-212.11,,0,0,0,0,0
2021-08-16,16518.4,16529.1,16563.05,13.46,12.99,-0.065,0.161,819.77,,0,0,0,0,0
2021-08-17,16545.25,16563.05,16614.6,13.41,13.46,-0.107,0.262,-1088.32,,0,0,-1,0,-1
2021-08-18,16691.95,16614.6,16568.85,12.91,13.41,0.466,-0.706,-343.73,,1,-1,0,0,0
2021-08-20,16382.5,16568.85,16450.5,14.02,12.91,-1.125,0.126,-595.32,,-1,0,0,0,-1
2021-08-23,16592.25,16450.5,16496.45,13.69,14.02,0.862,0.814,-2287.03,,1,1,-1,0,1
2021-08-24,16561.4,16496.45,16624.6,13.19,13.69,0.394,0.852,-1363.36,,1,1,-1,0,1
2021-08-25,16654.0,16624.6,16634.65,13.5,13.19,0.177,0.15,-1644.91,,0,0,-1,0,-1
2021-08-26,16627.95,16634.65,16636.9,13.54,13.5,-0.04,0.222,-1071.83,,0,0,-1,0,-1
2021-08-27,16642.55,16636.9,16705.2,13.41,13.54,0.034,-0.582,-1974.48,,0,-1,-1,0,-2
2021-08-30,16775.85,16705.2,16931.05,13.32,13.41,0.423,0.881,-778.75,,1,1,0,0,2
2021-08-31,16947.5,16931.05,17132.2,14.52,13.32,0.097,0.431,1202.81,,0,0,1,0,1
2021-09-01,17185.6,17132.2,17076.25,14.19,14.52,0.312,-0.135,3881.16,,1,0,1,0,2
2021-09-02,17095.4,17076.25,17234.15,14.24,14.19,0.112,0.031,666.66,,0,0,0,0,0
2021-09-03,17262.45,17234.15,17323.6,14.54,14.24,0.164,0.284,348.52,,0,0,0,0,0
2021-09-06,17399.35,17323.6,17377.8,15.11,14.54,0.437,-0.034,768.58,,1,0,0,0,1
2021-09-07,17401.55,17377.8,17362.1,14.9,15.11,0.137,-0.034,-589.36,,0,0,0,0,0
2021-09-08,17375.75,17362.1,17353.5,14.41,14.9,0.079,-0.34,-145.45,,0,0,0,0,0
2021-09-09,17312.85,17353.5,17369.25,13.94,14.41,-0.234,-0.132,-802.51,,0,0,0,0,0
2021-09-13,17363.55,17369.25,17355.3,14.03,13.94,-0.033,-0.772,423.44,,0,-1,0,0,-1
2021-09-14,17420.35,17355.3,17380.0,13.58,14.03,0.375,0.228,1419.31,,1,0,1,0,2
2021-09-15,17387.65,17380.0,17519.45,13.73,13.58,0.044,-0.575,1649.6,,0,-1,1,0,0
2021-09-16,17539.2,17519.45,17629.5,14.41,13.73,0.113,0.847,232.84,,0,1,0,0,1
2021-09-17,17709.65,17629.5,17585.15,15.23,14.41,0.455,-0.155,1621.88,,1,0,1,0,2
2021-09-20,17443.85,17585.15,17396.9,17.49,15.23,-0.804,-0.911,1552.59,,-1,-1,1,0,-1
2021-09-21,17450.5,17396.9,17562.0,16.52,17.49,0.308,-1.698,92.54,,1,-1,0,0,0
2021-09-22,17580.9,17562.0,17546.65,16.49,16.52,0.108,-0.081,1041.92,,0,0,1,0,1
2021-09-23,17670.85,17546.65,17822.95,16.6,16.49,0.708,0.952,-1943.26,,1,1,-1,0,1
2021-09-24,17897.45,17822.95,17853.2,16.92,16.6,0.418,1.213,357.93,,1,1,0,0,2
2021-09-27,17932.2,17853.2,17855.1,18.05,16.92,0.442,0.146,442.49,,1,0,0,0,1
2021-09-28,17906.45,17855.1,17748.6,18.54,18.05,0.288,-0.278,-594.63,,0,0,0,0,0
2021-09-29,17657.95,17748.6,17711.3,18.84,18.54,-0.511,-2.036,-1957.7,,-1,-1,-1,0,-3
2021-09-30,17718.9,17711.3,17618.15,18.4,18.84,0.043,0.157,-1896.02,,0,0,-1,0,-1
2021-10-01,17531.9,17618.15,17532.05,17.21,18.4,-0.49,-1.191,-2225.6,,-1,-1,-1,0,-3
2021-10-04,17615.55,17532.05,17691.25,16.74,17.21,0.476,1.149,131.39,,1,1,0,0,2
2021-10-05,17661.35,17691.25,17822.3,16.4,16.74,-0.169,-1.299,860.5,,0,-1,0,0,-1
2021-10-06,17861.5,17822.3,17646.0,17.33,16.4,0.22,1.052,-1915.08,,0,1,-1,0,0
2021-10-07,17810.55,17646.0,17790.35,16.16,17.33,0.933,0.41,-802.81,,1,0,0,0,1
2021-10-08,17886.85,17790.35,17895.2,15.65,16.16,0.542,0.83,-1764.25,,1,1,-1,0,1
2021-10-11,17867.55,17895.2,17945.95,16.09,15.65,-0.155,-0.191,-64.01,,0,0,0,0,0
2021-10-12,17915.8,17945.95,17991.95,15.85,16.09,-0.168,-0.687,-1303.22,,0,-1,-1,0,-2
2021-10-13,18097.85,17991.95,18161.75,16.1,15.85,0.589,-0.242,-278.32,,1,0,0,0,1
2021-10-14,18272.85,18161.75,18338.55,15.77,16.1,0.612,0.302,937.31,,1,0,0,0,1
2021-10-18,18500.1,18338.55,18477.05,17.18,15.77,0.881,0.746,1681.6,,1,1,1,0,3
2021-10-19,18602.35,18477.05,18418.75,17.38,17.18,0.678,0.337,512.44,,1,0,0,0,1
2021-10-20,18439.9,18418.75,18266.6,18.31,17.38,0.115,0.739,-505.79,,0,1,0,0,1
2021-10-21,18382.7,18266.6,18178.1,18.04,18.31,0.636,0.366,-1843.09,,1,0,-1,0,0
2021-10-22,18230.7,18178.1,18114.9,17.55,18.04,0.289,0.3,-2818.9,,0,0,-1,0,-1
2021-10-25,18229.5,18114.9,18125.4,17.61,17.55,0.633,-0.107,-2697.7,,1,0,-1,0,0
2021-10-26,18154.5,18125.4,18268.4,16.75,17.61,0.161,0.475,-2459.1,,0,0,-1,0,-1
2021-10-27,18295.85,18268.4,18210.95,16.83,16.75,0.15,0.182,-2368.66,,0,0,-1,0,-1
2021-10-28,18187.65,18210.95,17857.25,17.91,16.83,-0.128,-0.505,-1913.36,,0,-1,-1,0,-2
2021-10-29,17833.05,17857.25,17671.65,17.43,17.91,-0.136,0.983,-3818.51,,0,1,-1,0,0
2021-11-01,17783.15,17671.65,17929.65,17.24,17.43,0.631,0.195,-5142.63,,1,0,-1,0,0
2021-11-02,17970.9,17929.65,17888.95,17.06,17.24,0.23,0.18,-202.13,,0,0,0,0,0
2021-11-03,17947.95,17888.95,17829.2,16.13,17.06,0.33,0.368,244.87,,1,0,0,0,1
2021-11-04,17935.05,17829.2,17916.8,15.75,16.13,0.594,0.646,-401.48,,1,1,0,0,2
2021-11-08,18040.2,17916.8,18068.55,16.34,15.75,0.689,0.373,-401.48,,1,0,0,0,1
2021-11-09,18084.35,18068.55,18044.25,16.0,16.34,0.087,0.089,-860.65,,0,0,0,0,0
2021-11-10,17973.45,18044.25,18017.2,16.31,16.0,-0.392,-0.35,-2445.25,,-1,0,-1,0,-2
2021-11-11,17967.45,18017.2,17873.6,16.35,16.31,-0.276,-0.823,-469.5,,0,-1,0,0,-1
2021-11-12,17977.6,17873.6,18102.75,15.22,16.35,0.582,0.055,-1637.46,,1,0,-1,0,0
2021-11-15,18140.95,18102.75,18109.45,15.47,15.22,0.211,0.722,511.1,,0,1,0,0,1
2021-11-16,18127.05,18109.45,17999.2,15.2,15.47,0.097,-0.001,424.74,,0,0,0,0,0
2021-11-17,17939.35,17999.2,17898.65,14.98,15.2,-0.333,0.387,-560.67,,-1,0,0,0,-1
2021-11-18,17890.55,17898.65,17764.8,14.86,14.98,-0.045,-0.26,-344.35,,0,0,0,0,0
2021-11-22,17796.25,17764.8,17416.55,17.52,14.86,0.177,-0.14,-3930.62,,0,0,-1,0,-1
2021-11-23,17281.75,17416.55,17503.35,18.02,17.52,-0.774,-0.32,-3438.76,,-1,0,-1,0,-2
2021-11-24,17550.05,17503.35,17415.05,17.1,18.02,0.267,0.166,-4477.06,,0,0,-1,0,-1
2021-11-25,17417.3,17415.05,17536.25,16.66,17.1,0.013,0.229,-5122.65,,0,0,-1,0,-1
2021-11-26,17338.75,17536.25,17026.45,20.8,16.66,-1.126,0.229,-2300.65,,-1,0,-1,0,-2
2021-11-29,17055.8,17026.45,17053.95,20.83,20.8,0.172,-2.272,-5785.83,,0,-1,-1,0,-2
2021-11-30,17051.15,17053.95,16983.2,21.17,20.83,-0.016,1.32,-3332.21,,0,1,-1,0,0
2021-12-01,17104.4,16983.2,17166.9,19.45,21.17,0.714,-1.896,-5445.25,,1,-1,-1,0,-1
2021-12-02,17183.2,17166.9,17401.65,18.09,19.45,0.095,-1.182,-2765.84,,0,-1,-1,0,-2
2021-12-03,17424.9,17401.65,17196.7,18.45,18.09,0.134,1.419,-909.71,,0,1,0,0,1
2021-12-06,17209.05,17196.7,16912.25,20.08,18.45,0.072,-0.845,-3356.17,,0,-1,-1,0,-2
2021-12-07,17044.1,16912.25,17176.7,18.46,20.08,0.78,1.173,-3361.28,,1,1,-1,0,1
2021-12-08,17315.25,17176.7,17469.75,17.27,18.46,0.807,2.071,-2584.97,,1,1,-1,0,1
2021-12-09,17524.4,17469.75,17516.85,16.6,17.27,0.313,0.309,-579.27,,1,0,0,0,1
2021-12-10,17476.05,17516.85,17511.3,16.06,16.6,-0.233,-0.718,-1585.55,,0,-1,-1,0,-2
2021-12-13,17619.1,17511.3,17368.25,16.57,16.06,0.616,0.955,-1092.4,,1,1,-1,0,1
2021-12-14,17283.2,17368.25,17324.9,16.95,16.57,-0.49,-0.914,-2743.44,,-1,-1,-1,0,-3
2021-12-15,17323.65,17324.9,17221.4,17.22,16.95,-0.007,-0.747,-763.18,,0,-1,0,0,-1
2021-12-16,17373.0,17221.4,17248.4,15.9,17.22,0.88,1.635,-3407.04,,1,1,-1,0,1
2021-12-17,17276.0,17248.4,16985.2,16.34,15.9,0.16,-0.874,-1468.71,,0,-1,-1,0,-2
2021-12-20,16824.25,16985.2,16614.2,18.97,16.34,-0.948,-1.029,-2069.9,,-1,-1,-1,0,-3
2021-12-21,16773.15,16614.2,16770.85,17.54,18.97,0.957,-1.139,-3565.36,,1,-1,-1,0,-1
2021-12-22,16865.55,16770.85,16955.45,16.58,17.54,0.565,1.778,-1209.82,,1,1,-1,0,1
2021-12-23,17066.8,16955.45,17072.6,15.83,16.58,0.657,1.018,-827.26,,1,1,0,0,2
2021-12-24,17149.5,17072.6,17003.75,16.15,15.83,0.45,0.622,-271.59,,1,1,0,0,2
2021-12-27,16937.75,17003.75,17086.25,17.12,16.15,-0.388,0.622,-715.0,,-1,1,0,0,0
2021-12-28,17177.6,17086.25,17233.25,16.48,17.12,0.535,1.384,-1038.25,,1,1,-1,0,1
2021-12-29,17220.1,17233.25,17213.6,16.24,16.48,-0.076,-0.101,207.31,,0,0,0,0,0
2021-12-30,17201.45,17213.6,17203.95,16.57,16.24,-0.071,0.14,-975.23,,0,0,0,0,0
2021-12-31,17244.5,17203.95,17354.05,16.22,16.57,0.236,-0.299,-986.32,,0,0,0,0,0
2022-01-03,17387.15,17354.05,17625.7,16.45,16.22,0.191,-0.263,575.39,,0,0,0,0,0
2022-01-04,17681.4,17625.7,17805.25,16.12,16.45,0.316,0.637,902.64,,1,1,0,0,2
2022-01-05,17820.1,17805.25,17925.25,17.23,16.12,0.083,-0.063,1273.86,,0,0,1,0,1
2022-01-06,17768.5,17925.25,17745.9,17.98,17.23,-0.874,-1.939,336.83,,-1,-1,0,0,-2
2022-01-07,17797.6,17745.9,17812.7,17.6,17.98,0.291,-0.096,-1926.77,,0,0,-1,0,-1
2022-01-10,17913.3,17812.7,18003.3,17.68,17.6,0.565,-0.405,496.27,,1,0,0,0,1
2022-01-11,17997.75,18003.3,18055.75,17.76,17.68,-0.031,-0.144,-124.23,,0,0,0,0,0
2022-01-12,18170.4,18055.75,18212.35,17.18,17.76,0.635,0.916,111.91,,1,1,0,0,2
2022-01-13,18257.0,18212.35,18257.8,16.7,17.18,0.245,0.282,-1001.57,,0,0,-1,0,-1
2022-01-14,18185.0,18257.8,18255.75,16.56,16.7,-0.399,-1.424,-1390.85,,-1,-1,-1,0,-3
2022-01-17,18235.65,18255.75,18308.1,16.77,16.56,-0.11,0.082,-1598.2,,0,0,-1,0,-1
2022-01-18,18337.2,18308.1,18113.05,17.78,16.77,0.159,0.082,-855.47,,0,0,0,0,0
2022-01-19,18129.2,18113.05,17938.4,17.82,17.78,0.089,-1.839,-1254.95,,0,-1,-1,0,-2
2022-01-20,17921.0,17938.4,17757.0,17.79,17.82,-0.097,-0.969,-2704.77,,0,-1,-1,0,-2
2022-01-21,17613.7,17757.0,17617.15,18.89,17.79,-0.807,-1.104,-4679.84,,-1,-1,-1,0,-3
2022-01-24,17575.15,17617.15,17149.1,22.83,18.89,-0.238,-1.891,-3148.58,,0,-1,-1,0,-2
2022-01-25,17001.55,17149.1,17277.95,21.36,22.83,-0.86,0.277,-3751.58,,-1,0,-1,0,-2
2022-01-27,17062.0,17277.95,17110.15,21.07,21.36,-1.25,-0.15,-7094.48,,-1,0,-1,0,-2
2022-01-28,17208.3,17110.15,17101.95,20.7,21.07,0.574,-0.538,-6266.75,,1,-1,-1,0,-1
2022-01-31,17301.05,17101.95,17339.85,21.95,20.7,1.164,2.435,-5045.34,,1,1,-1,0,1
2022-02-01,17529.45,17339.85,17576.85,19.98,21.95,1.093,1.889,-3624.48,,1,1,-1,0,1
2022-02-02,17706.2,17576.85,17780.0,18.65,19.98,0.736,0.686,-21.79,,1,1,0,0,2
2022-02-03,17767.75,17780.0,17560.2,19.16,18.65,-0.069,0.942,-183.6,,0,1,0,0,1
2022-02-04,17590.2,17560.2,17516.3,18.9,19.16,0.171,-2.439,-1597.54,,0,-1,-1,0,-2
2022-02-07,17456.3,17516.3,17213.6,20.44,18.9,-0.343,0.516,-2267.86,,-1,1,-1,0,-1
2022-02-08,17279.85,17213.6,17266.75,19.68,20.44,0.385,-0.37,-1157.23,,1,0,-1,0,0
2022-02-09,17370.1,17266.75,17463.8,18.56,19.68,0.599,0.84,-1967.89,,1,1,-1,0,1
2022-02-10,17554.1,17463.8,17605.85,17.71,18.56,0.517,1.452,-892.64,,1,1,0,0,2
2022-02-11,17451.0,17605.85,17374.75,18.68,17.71,-0.88,-1.812,-1732.58,,-1,-1,-1,0,-3
2022-02-14,17076.15,17374.75,16842.8,22.98,18.68,-1.719,-1.897,108.53,,-1,-1,0,0,-2
2022-02-15,16933.25,16842.8,17352.45,20.61,22.98,0.537,-0.384,-4253.7,,1,0,-1,0,0
2022-02-16,17408.45,17352.45,17322.2,20.59,20.61,0.323,1.577,-2298.76,,1,1,-1,0,1
2022-02-17,17396.55,17322.2,17304.6,22.01,20.59,0.429,0.088,-1890.96,,1,0,-1,0,0
2022-02-18,17236.05,17304.6,17276.3,22.17,22.01,-0.396,-2.117,-1242.1,,-1,-1,-1,0,-3
2022-02-21,17192.25,17276.3,17206.65,22.9,22.17,-0.487,-0.717,-2529.96,,-1,-1,-1,0,-3
2022-02-22,16847.95,17206.65,17092.2,26.66,22.9,-2.085,-0.717,-2261.9,,-1,-1,-1,0,-3
2022-02-23,17194.5,17092.2,17063.25,24.54,26.66,0.599,-1.014,-3245.52,,1,-1,-1,0,-1
2022-02-24,16548.9,17063.25,16247.95,31.98,24.54,-3.014,-1.841,-3417.16,,-1,-1,-1,0,-3
2022-02-25,16515.65,16247.95,16658.4,26.74,31.98,1.648,1.496,-6448.24,,1,1,-1,0,1
2022-02-28,16481.6,16658.4,16793.9,28.57,26.74,-1.061,2.237,-4470.7,,-1,1,-1,0,-1
2022-03-02,16593.1,16793.9,16605.95,29.23,28.57,-1.196,-1.547,-3948.47,,-1,-1,-1,0,-3
2022-03-03,16723.2,16605.95,16498.05,28.16,29.23,0.706,1.864,-4338.94,,1,1,-1,0,1
2022-03-04,16339.45,16498.05,16245.35,27.96,28.16,-0.961,-0.525,-6644.65,,-1,-1,-1,0,-3
2022-03-07,15867.95,16245.35,15863.15,29.33,27.96,-2.323,-0.793,-7631.02,,-1,-1,-1,0,-3
2022-03-08,15747.75,15863.15,16013.45,28.59,29.33,-0.727,-2.952,-7482.08,,-1,-1,-1,0,-3
2022-03-09,16078.0,16013.45,16345.35,27.47,28.59,0.403,-0.723,-8142.6,,1,-1,-1,0,-1
2022-03-10,16757.1,16345.35,16594.9,25.58,27.47,2.519,2.57,-4818.71,,1,1,-1,0,1
2022-03-11,16528.8,16594.9,16630.45,25.35,25.58,-0.398,-0.429,-1981.15,,-1,0,-1,0,-2
2022-03-14,16633.7,16630.45,16871.3,25.68,25.35,0.02,-1.296,-2263.9,,0,-1,-1,0,-2
2022-03-15,16900.65,16871.3,16663.0,26.73,25.68,0.174,-0.742,-176.52,,0,-1,0,0,-1
2022-03-16,16876.65,16663.0,16975.35,24.12,26.73,1.282,2.141,-1249.74,,1,1,-1,0,1
2022-03-17,17202.9,16975.35,17287.05,22.61,24.12,1.34,2.238,311.99,,1,1,0,0,2
2022-03-21,17329.5,17287.05,17117.6,24.62,22.61,0.246,1.166,2800.14,,0,1,1,0,2
2022-03-22,17120.4,17117.6,17315.5,24.07,24.62,0.016,-0.043,-2962.12,,0,0,-1,0,-1
2022-03-23,17405.05,17315.5,17245.65,24.75,24.07,0.517,1.13,384.48,,1,1,0,0,2
2022-03-24,17094.95,17245.65,17222.75,23.93,24.75,-0.874,-1.227,481.33,,-1,-1,0,0,-2
2022-03-25,17289.0,17222.75,17153.0,23.43,23.93,0.385,1.434,-1740.71,,1,1,-1,0,1
2022-03-28,17181.85,17153.0,17222.0,22.61,23.43,0.168,0.507,-1507.37,,0,1,-1,0,0
2022-03-29,17297.2,17222.0,17325.3,21.3,22.61,0.437,0.714,-801.41,,1,1,0,0,2
2022-03-30,17468.15,17325.3,17498.25,20.61,21.3,0.825,1.226,35.47,,1,1,0,0,2
2022-03-31,17519.2,17498.25,17464.75,20.56,20.61,0.12,-0.629,1357.47,,0,-1,1,0,0
2022-04-01,17436.9,17464.75,17670.45,18.43,20.56,-0.159,-1.565,3088.73,,0,-1,1,0,0
2022-04-04,17809.1,17670.45,18053.4,17.91,18.43,0.785,0.341,1909.78,,1,0,1,0,2
2022-04-05,18080.6,18053.4,17957.4,18.49,17.91,0.151,0.809,1152.21,,0,1,1,0,2
2022-04-06,17842.75,17957.4,17807.65,19.02,18.49,-0.638,-1.255,374.89,,-1,-1,0,0,-2
2022-04-07,17723.3,17807.65,17639.55,19.0,19.02,-0.474,-0.972,-2279.97,,-1,-1,-1,0,-3
2022-04-08,17698.15,17639.55,17784.35,17.69,19.0,0.332,0.425,-5009.62,,1,0,-1,0,0
2022-04-11,17740.9,17784.35,17674.95,18.27,17.69,-0.244,-0.265,-575.04,,0,0,0,0,0
2022-04-12,17584.85,17674.95,17530.3,18.16,18.27,-0.51,-1.688,-1145.24,,-1,-1,-1,0,-3
2022-04-13,17599.9,17530.3,17475.65,17.79,18.16,0.397,-0.342,-3128.39,,1,0,-1,0,0
2022-04-18,17183.45,17475.65,17173.65,19.34,17.79,-1.672,-1.214,-2061.04,,-1,-1,-1,0,-3
2022-04-19,17258.95,17173.65,16958.65,19.77,19.34,0.497,-0.02,-6387.45,,1,0,-1,0,0
2022-04-20,17045.25,16958.65,17136.55,18.67,19.77,0.511,1.606,-5871.69,,1,1,-1,0,1
2022-04-21,17234.6,17136.55,17392.6,17.85,18.67,0.572,-0.062,-3009.26,,1,0,-1,0,0
2022-04-22,17242.75,17392.6,17171.95,18.35,17.85,-0.862,-1.475,-713.69,,-1,-1,0,0,-2
2022-04-25,17009.05,17171.95,16953.95,21.26,18.35,-0.949,-2.774,-2461.72,,-1,-1,-1,0,-3
2022-04-26,17121.3,16953.95,17200.8,19.19,21.26,0.987,0.57,-3302.85,,1,1,-1,0,1
2022-04-27,17073.35,17200.8,17038.4,20.61,19.19,-0.741,-2.815,-1174.05,,-1,-1,-1,0,-3
2022-04-28,17189.5,17038.4,17245.05,19.38,20.61,0.887,0.21,-4064.54,,1,0,-1,0,0
2022-04-29,17329.25,17245.05,17102.55,19.42,19.38,0.488,2.475,743.22,,1,1,0,0,2
2022-05-02,16924.45,17102.55,17069.1,20.28,19.42,-1.041,-3.628,-3648.3,,-1,-1,-1,0,-3
2022-05-04,17096.6,17069.1,16677.6,21.88,20.28,0.161,0.484,-1853.46,,0,0,-1,0,-1
2022-05-05,16854.75,16677.6,16682.65,20.29,21.88,1.062,2.986,-3288.18,,1,1,-1,0,1
2022-05-06,16415.55,16682.65,16411.25,21.25,20.29,-1.601,-3.565,-2074.74,,-1,-1,-1,0,-3
2022-05-09,16227.7,16411.25,16301.85,22.03,21.25,-1.118,-0.567,-5517.08,,-1,-1,-1,0,-3
2022-05-10,16248.9,16301.85,16240.05,22.3,22.03,-0.325,-3.204,-3361.8,,-1,-1,-1,0,-3
2022-05-11,16270.05,16240.05,16167.1,22.8,22.3,0.185,0.246,-3960.59,,0,0,-1,0,-1
2022-05-12,16021.1,16167.1,15808.0,24.27,22.8,-0.903,-1.646,-3609.35,,-1,-1,-1,0,-3
2022-05-13,15977.0,15808.0,15782.15,23.49,24.27,1.069,-0.13,-5255.75,,1,0,-1,0,0
2022-05-16,15845.1,15782.15,15842.3,24.53,23.49,0.399,2.387,-3780.08,,1,1,-1,0,1
2022-05-17,15912.6,15842.3,16259.3,22.74,24.53,0.444,-0.395,-1788.93,,1,0,-1,0,0
2022-05-18,16318.15,16259.3,16240.3,22.3,22.74,0.362,2.017,-2192.44,,1,1,-1,0,1
2022-05-19,15917.4,16240.3,15809.4,24.56,22.3,-1.988,-4.04,-1254.64,,-1,-1,-1,0,-3
2022-05-20,16043.8,15809.4,16266.15,23.1,24.56,1.483,-0.583,-4899.92,,1,-1,-1,0,-1
2022-05-23,16290.95,16266.15,16214.7,23.4,23.1,0.152,0.015,-1265.41,,0,0,-1,0,-1
2022-05-24,16225.55,16214.7,16125.15,25.64,23.4,0.067,1.856,-1951.17,,0,1,-1,0,0
2022-05-25,16196.35,16125.15,16025.8,25.28,25.64,0.442,-0.812,-2393.45,,1,-1,-1,0,-1
2022-05-26,16105.0,16025.8,16170.15,22.72,25.28,0.494,0.945,-1803.06,,1,1,-1,0,1
2022-05-27,16296.6,16170.15,16352.45,21.48,22.72,0.782,1.988,-1597.84,,1,1,-1,0,1
2022-05-30,16527.9,16352.45,16661.4,19.98,21.48,1.073,2.474,-1943.1,,1,1,-1,0,1
2022-05-31,16578.45,16661.4,16584.55,20.48,19.98,-0.498,2.474,502.08,,-1,1,0,0,0
2022-06-01,16594.4,16584.55,16522.75,20.85,20.48,0.059,-0.627,-1003.56,,0,-1,-1,0,-2
2022-06-02,16481.65,16522.75,16628.0,20.32,20.85,-0.249,-0.748,-1930.16,,0,-1,-1,0,-2
2022-06-03,16761.65,16628.0,16584.3,19.98,20.32,0.804,1.843,-451.82,,1,1,0,0,2
2022-06-06,16530.7,16584.3,16569.55,20.2,19.98,-0.323,-1.635,-3770.51,,-1,-1,-1,0,-3
2022-06-07,16469.6,16569.55,16416.35,20.43,20.2,-0.603,0.314,-2397.65,,-1,0,-1,0,-2
2022-06-08,16474.95,16416.35,16356.25,19.84,20.43,0.357,0.952,-2293.98,,1,1,-1,0,1
2022-06-09,16263.85,16356.25,16478.1,19.14,19.84,-0.565,-1.079,-2484.25,,-1,-1,-1,0,-3
2022-06-10,16283.95,16478.1,16201.8,19.58,19.14,-1.178,-2.38,-1512.64,,-1,-1,-1,0,-3
2022-06-13,15877.55,16201.8,15774.4,22.37,19.58,-2.001,-2.911,-3973.95,,-1,-1,-1,0,-3
2022-06-14,15674.25,15774.4,15732.1,21.89,22.37,-0.635,-3.877,-4164.01,,-1,-1,-1,0,-3
2022-06-15,15729.25,15732.1,15692.15,22.15,21.89,-0.018,-0.377,-4502.25,,0,0,-1,0,-1
2022-06-16,15832.25,15692.15,15360.6,22.87,22.15,0.893,1.459,-3531.15,,1,1,-1,0,1
2022-06-17,15272.65,15360.6,15293.5,22.76,22.87,-0.573,-3.251,-3257.65,,-1,-1,-1,0,-3
2022-06-20,15334.5,15293.5,15350.15,22.41,22.76,0.268,0.22,-7818.61,,0,0,-1,0,-1
2022-06-21,15455.95,15350.15,15638.8,21.14,22.41,0.689,0.22,-1217.12,,1,0,-1,0,0
2022-06-22,15545.65,15638.8,15413.3,21.3,21.14,-0.596,2.448,-2701.21,,-1,1,-1,0,-1
2022-06-23,15451.55,15413.3,15556.65,20.88,21.3,0.248,-0.13,-2920.61,,0,0,-1,0,-1
2022-06-24,15657.4,15556.65,15699.25,20.55,20.88,0.648,0.953,-2319.06,,1,1,-1,0,1
2022-06-27,15926.2,15699.25,15832.05,21.01,20.55,1.446,3.056,-2353.77,,1,1,-1,0,1
2022-06-28,15757.45,15832.05,15850.2,21.45,21.01,-0.471,-0.297,-1278.42,,-1,0,-1,0,-2
2022-06-29,15701.7,15850.2,15799.1,21.9,21.45,-0.937,-2.014,-1244.44,,-1,-1,-1,0,-3
2022-06-30,15774.5,15799.1,15780.25,21.84,21.9,-0.156,-0.071,-851.06,,0,0,0,0,0
2022-07-01,15703.7,15780.25,15752.05,21.25,21.84,-0.485,-0.876,-1138.05,,-1,-1,-1,0,-3
2022-07-04,15710.5,15752.05,15835.35,20.97,21.25,-0.264,1.055,-2324.74,,0,1,-1,0,0
2022-07-05,15909.15,15835.35,15810.85,20.79,20.97,0.466,1.055,-2149.56,,1,1,-1,0,1
2022-07-06,15818.2,15810.85,15989.8,20.27,20.79,0.046,0.158,1295.84,,0,0,1,0,1
2022-07-07,16113.75,15989.8,16132.9,19.2,20.27,0.775,0.357,-330.13,,1,0,0,0,1
2022-07-08,16273.65,16132.9,16220.6,18.4,19.2,0.872,1.496,-925.22,,1,1,0,0,2
2022-07-11,16136.15,16220.6,16216.0,18.37,18.4,-0.521,-0.083,-109.31,,-1,0,0,0,-1
2022-07-12,16126.2,16216.0,16058.3,18.55,18.37,-0.554,-1.153,-170.51,,-1,-1,0,0,-2
2022-07-13,16128.2,16058.3,15966.65,18.52,18.55,0.435,-0.924,-1565.68,,1,-1,-1,0,-1
2022-07-14,16018.85,15966.65,15938.65,18.34,18.52,0.327,-0.446,-2839.52,,1,0,-1,0,0
2022-07-15,16010.8,15938.65,16049.2,17.6,18.34,0.453,-0.3,309.06,,1,0,0,0,1
2022-07-18,16151.4,16049.2,16278.5,17.16,17.6,0.637,1.92,-1649.36,,1,1,-1,0,1
2022-07-19,16187.05,16278.5,16340.55,17.2,17.16,-0.562,-0.836,156.08,,-1,-1,0,0,-2
2022-07-20,16562.8,16340.55,16520.85,16.82,17.2,1.36,2.763,976.4,,1,1,0,0,2
2022-07-21,16523.55,16520.85,16605.25,16.86,16.82,0.016,0.59,1780.94,,0,1,1,0,2
2022-07-22,16661.25,16605.25,16719.45,16.65,16.86,0.337,0.986,1799.32,,1,1,1,0,3
2022-07-25,16662.55,16719.45,16631.0,17.68,16.65,-0.34,-0.933,-675.45,,-1,-1,0,0,-2
2022-07-26,16632.9,16631.0,16483.85,18.17,17.68,0.011,0.132,-844.78,,0,0,0,0,0
2022-07-27,16475.35,16483.85,16641.8,18.13,18.17,-0.052,-1.154,-1548.29,,0,-1,-1,0,-2
2022-07-28,16774.85,16641.8,16929.6,17.01,18.13,0.799,2.616,-436.81,,1,1,0,0,2
2022-07-29,17079.5,16929.6,17158.25,16.55,17.01,0.885,1.213,1637.69,,1,1,1,0,3
2022-08-01,17243.2,17158.25,17340.05,17.49,16.55,0.495,1.421,1046.32,,1,1,1,0,3
2022-08-02,17310.15,17340.05,17345.45,18.53,17.49,-0.172,-0.282,2320.61,,0,0,1,0,1
2022-08-03,17349.25,17345.45,17388.15,18.45,18.53,0.022,-0.666,825.18,,0,-1,0,0,-1
2022-08-04,17463.1,17388.15,17382.0,19.26,18.45,0.431,1.564,765.17,,1,1,0,0,2
2022-08-05,17423.65,17382.0,17397.5,18.92,19.26,0.24,-0.078,1474.77,,0,0,1,0,1
2022-08-08,17401.5,17397.5,17525.1,19.3,18.92,0.023,-0.163,1605.81,,0,0,1,0,1
2022-08-10,17566.1,17525.1,17534.75,19.59,19.3,0.234,-0.425,1449.7,,0,0,1,0,1
2022-08-11,17711.65,17534.75,17659.0,18.36,19.59,1.009,2.129,1061.88,,1,1,1,0,3
2022-08-12,17659.65,17659.0,17698.15,17.61,18.36,0.004,-0.071,2298.08,,0,0,1,0,1
2022-08-16,17797.2,17698.15,17825.25,17.68,17.61,0.56,0.397,3040.46,,1,0,1,0,2
2022-08-17,17868.15,17825.25,17944.25,17.68,17.68,0.241,0.188,1376.84,,0,0,1,0,1
2022-08-18,17898.65,17944.25,17956.5,17.35,17.68,-0.254,-0.724,2347.22,,0,-1,1,0,0
2022-08-19,17966.55,17956.5,17758.45,18.29,17.35,0.056,0.227,-1706.0,,0,0,-1,0,-1
2022-08-22,17682.9,17758.45,17490.7,19.04,18.29,-0.425,-1.29,1110.9,,-1,-1,1,0,-1
2022-08-23,17357.35,17490.7,17577.5,19.05,19.04,-0.762,-2.14,-453.77,,-1,-1,0,0,-2
2022-08-24,17525.45,17577.5,17604.95,18.43,19.05,-0.296,-0.224,563.0,,0,0,0,0,0
2022-08-25,17679.0,17604.95,17522.45,19.57,18.43,0.421,0.292,23.19,,1,0,0,0,1
2022-08-26,17619.3,17522.45,17558.9,18.22,19.57,0.553,1.409,369.06,,1,1,0,0,2
2022-08-29,17188.65,17558.9,17312.9,19.82,18.22,-2.109,-3.369,-51.12,,-1,-1,0,0,-2
2022-08-30,17414.95,17312.9,17759.3,18.7,19.82,0.589,-0.667,-561.22,,1,-1,0,0,0
2022-09-01,17485.7,17759.3,17542.8,19.87,18.7,-1.541,-0.782,4165.86,,-1,-1,1,0,-1
2022-09-02,17598.4,17542.8,17539.45,19.55,19.87,0.317,0.3,-2290.31,,1,0,-1,0,0
2022-09-05,17546.45,17539.45,17665.8,19.66,19.55,0.04,-1.074,-8.79,,0,-1,0,0,-1
2022-09-06,17695.7,17665.8,17655.6,19.52,19.66,0.169,-1.074,-811.75,,0,-1,0,0,-1
2022-09-07,17519.4,17655.6,17624.4,19.37,19.52,-0.771,-0.41,1144.53,,-1,0,1,0,0
2022-09-08,17748.15,17624.4,17798.75,18.31,19.37,0.702,1.834,758.37,,1,1,0,0,2
2022-09-09,17923.35,17798.75,17833.35,17.72,18.31,0.7,0.661,2913.09,,1,1,1,0,3
2022-09-12,17890.85,17833.35,17936.35,17.94,17.72,0.322,1.527,2132.42,,1,1,1,0,3
2022-09-13,18044.45,17936.35,18070.05,17.47,17.94,0.603,1.058,2049.65,,1,1,1,0,3
2022-09-14,17771.15,18070.05,18003.75,18.28,17.47,-1.654,-4.324,1956.98,,-1,-1,1,0,-1
2022-09-15,18046.35,18003.75,17877.4,18.39,18.28,0.237,0.339,-1397.51,,0,0,-1,0,-1
2022-09-16,17796.8,17877.4,17530.85,19.82,18.39,-0.451,-1.132,-1270.68,,-1,-1,-1,0,-3
2022-09-19,17540.65,17530.85,17622.25,19.94,19.82,0.056,-0.718,-3260.05,,0,-1,-1,0,-2
2022-09-20,17770.4,17622.25,17816.25,18.8,19.94,0.841,0.686,312.31,,1,1,0,0,2
2022-09-21,17766.35,17816.25,17718.35,19.33,18.8,-0.28,-1.127,1196.19,,0,-1,1,0,0
2022-09-22,17609.65,17718.35,17629.8,18.82,19.33,-0.613,-1.712,-461.04,,-1,-1,0,0,-2
2022-09-23,17593.85,17629.8,17327.35,20.59,18.82,-0.204,-0.843,-2509.55,,0,-1,-1,0,-2
2022-09-26,17156.3,17327.35,17016.3,21.89,20.59,-0.987,-1.723,-2899.68,,-1,-1,-1,0,-3
2022-09-27,17110.9,17016.3,17007.4,21.57,21.89,0.556,-1.034,-5101.3,,1,-1,-1,0,-1
2022-09-28,16870.55,17007.4,16858.6,22.1,21.57,-0.805,-0.212,-2823.96,,-1,0,-1,0,-2
2022-09-29,16993.6,16858.6,16818.1,21.3,22.1,0.801,1.967,-2772.49,,1,1,-1,0,1
2022-09-30,16798.05,16818.1,17094.35,19.97,21.3,-0.119,-2.113,-3599.42,,0,-1,-1,0,-2
2022-10-03,17102.1,17094.35,16887.35,21.37,19.97,0.045,-1.507,-1565.31,,0,-1,-1,0,-2
2022-10-04,17147.45,16887.35,17274.3,19.57,21.37,1.54,2.588,590.58,,1,1,0,0,2
2022-10-06,17379.25,17274.3,17331.8,19.32,19.57,0.608,-0.202,1344.63,,1,0,1,0,2
2022-10-07,17287.2,17331.8,17314.65,18.81,19.32,-0.257,-1.025,279.01,,0,-1,0,0,-1
2022-10-10,17094.35,17314.65,17241.0,19.62,18.81,-1.272,-2.8,-2250.77,,-1,-1,-1,0,-3
2022-10-11,17256.05,17241.0,16983.55,20.49,19.62,0.087,-0.749,-2139.02,,0,-1,-1,0,-2
2022-10-12,17025.55,16983.55,17123.6,20.18,20.49,0.247,-0.652,-4612.67,,0,-1,-1,0,-2
2022-10-13,17087.35,17123.6,17014.35,20.29,20.18,-0.212,-0.329,-542.36,,0,0,0,0,0
2022-10-14,17322.3,17014.35,17185.7,18.26,20.29,1.81,2.597,-1636.43,,1,1,-1,0,1
2022-10-17,17144.8,17185.7,17311.8,18.42,18.26,-0.238,-2.366,-1011.23,,0,-1,-1,0,-2
2022-10-18,17438.75,17311.8,17486.95,17.45,18.42,0.733,2.648,-372.03,,1,1,0,0,2
2022-10-19,17568.15,17486.95,17512.25,17.49,17.45,0.464,1.143,-153.4,,1,1,0,0,2
2022-10-20,17423.1,17512.25,17563.95,17.23,17.49,-0.509,-0.667,-453.91,,-1,-1,0,0,-2
2022-10-21,17622.85,17563.95,17576.3,17.28,17.23,0.335,-0.795,1864.79,,1,-1,1,0,1
2022-10-24,17736.35,17576.3,17730.75,17.42,17.28,0.911,2.372,438.89,,1,1,0,0,2
2022-10-25,17808.3,17730.75,17656.35,16.88,17.42,0.437,1.188,438.89,,1,1,0,0,2
2022-10-27,17771.4,17656.35,17736.95,16.6,16.88,0.652,-0.739,-247.01,,1,-1,0,0,0
2022-10-28,17756.4,17736.95,17786.8,15.92,16.6,0.11,-0.608,2818.4,,0,-1,1,0,0
2022-10-31,17910.2,17786.8,18012.2,15.8,15.92,0.694,2.463,1568.75,,1,1,1,0,3
2022-11-01,18130.7,18012.2,18145.4,16.13,15.8,0.658,-0.745,4178.61,,1,-1,1,0,1
2022-11-02,18177.9,18145.4,18082.85,16.66,16.13,0.179,-0.41,2609.94,,0,0,1,0,1
2022-11-03,17968.35,18082.85,18052.7,15.94,16.66,-0.633,-2.5,1436.3,,-1,-1,1,0,-1
2022-11-04,18053.4,18052.7,18117.15,15.66,15.94,0.004,-1.059,677.62,,0,-1,0,0,-1
2022-11-07,18211.75,18117.15,18202.8,15.59,15.66,0.522,1.362,1436.25,,1,1,1,0,3
2022-11-09,18288.25,18202.8,18157.0,15.92,15.59,0.469,0.56,1948.51,,1,1,1,0,3
2022-11-10,18044.35,18157.0,18028.2,15.57,15.92,-0.62,-2.078,386.83,,-1,-1,0,0,-2
2022-11-11,18272.35,18028.2,18349.7,14.41,15.57,1.354,5.543,36.06,,1,1,0,0,2
2022-11-14,18376.4,18349.7,18329.15,14.91,14.41,0.146,0.924,3958.23,,0,1,1,0,2
2022-11-15,18362.75,18329.15,18403.4,14.64,14.91,0.183,-0.894,1089.41,,0,-1,1,0,0
2022-11-16,18398.25,18403.4,18409.65,15.1,14.64,-0.028,0.871,-221.32,,0,1,0,0,1
2022-11-17,18358.7,18409.65,18343.9,14.88,15.1,-0.277,-0.825,-386.06,,0,-1,0,0,-1
2022-11-18,18382.95,18343.9,18307.65,14.39,14.88,0.213,-0.309,618.37,,0,0,0,0,0
2022-11-21,18246.4,18307.65,18159.95,14.8,14.39,-0.335,0.476,-751.2,,-1,0,0,0,-1
2022-11-22,18179.15,18159.95,18244.2,13.84,14.8,0.106,-0.388,-1593.83,,0,0,-1,0,-1
2022-11-23,18325.2,18244.2,18267.25,14.04,13.84,0.444,1.358,-697.83,,1,1,0,0,2
2022-11-24,18326.1,18267.25,18484.1,13.48,14.04,0.322,0.591,-789.86,,1,1,0,0,2
2022-11-25,18528.45,18484.1,18512.75,13.33,13.48,0.24,0.591,1231.98,,0,1,1,0,2
2022-11-28,18430.55,18512.75,18562.75,13.57,13.33,-0.444,-0.028,369.08,,-1,0,0,0,-1
2022-11-29,18552.45,18562.75,18618.05,13.62,13.57,-0.055,-1.544,935.88,,0,-1,0,0,-1
2022-11-30,18625.7,18618.05,18758.35,13.81,13.62,0.041,-0.159,1241.57,,0,0,1,0,1
2022-12-01,18871.95,18758.35,18812.5,13.36,13.81,0.606,3.095,9010.41,,1,1,1,0,3
2022-12-02,18752.4,18812.5,18696.1,13.45,13.36,-0.319,-0.087,-1565.93,,-1,0,-1,0,-2
2022-12-05,18719.55,18696.1,18701.05,13.73,13.45,0.125,-0.119,214.76,,0,0,0,0,0
2022-12-06,18600.65,18701.05,18642.75,14.04,13.73,-0.537,-1.789,-1139.07,,-1,-1,-1,0,-3
2022-12-07,18638.85,18642.75,18560.5,14.08,14.04,-0.021,-1.44,-635.35,,0,-1,0,0,-1
2022-12-08,18570.85,18560.5,18609.35,13.4,14.08,0.056,-0.186,-1241.87,,0,0,-1,0,-1
2022-12-09,18662.4,18609.35,18496.6,13.48,13.4,0.285,0.752,-1131.67,,0,1,-1,0,0
2022-12-12,18402.15,18496.6,18497.15,13.32,13.48,-0.511,-0.735,-158.01,,-1,-1,0,0,-2
2022-12-13,18524.4,18497.15,18608.0,12.88,13.32,0.147,1.428,-138.81,,0,1,0,0,1
2022-12-14,18671.25,18608.0,18660.3,12.89,12.88,0.34,0.729,619.92,,1,1,0,0,2
2022-12-15,18614.4,18660.3,18414.9,13.73,12.89,-0.246,-0.605,372.16,,0,-1,0,0,-1
2022-12-16,18319.1,18414.9,18269.0,14.07,13.73,-0.52,-2.492,-710.74,,-1,-1,0,0,-2
2022-12-19,18288.1,18269.0,18420.45,13.55,14.07,0.105,-1.114,-1975.44,,0,-1,-1,0,-2
2022-12-20,18340.3,18420.45,18385.3,13.78,13.55,-0.435,-0.901,-538.1,,-1,-1,0,0,-2
2022-12-21,18435.15,18385.3,18199.1,15.56,13.78,0.271,0.104,455.94,,0,0,0,0,0
2022-12-22,18288.8,18199.1,18127.35,15.19,15.56,0.493,1.487,-1119.11,,1,1,-1,0,1
2022-12-23,17977.65,18127.35,17806.8,16.16,15.19,-0.826,-1.445,928.63,,-1,-1,0,0,-2
2022-12-28,18084.75,18132.3,18122.5,15.4,15.29,-0.262,-0.405,-867.65,,0,0,0,0,0
2022-12-29,18045.7,18122.5,18191.0,14.81,15.4,-0.424,-1.202,-872.59,,-1,-1,0,0,-2
2022-12-30,18259.1,18191.0,18105.3,14.87,14.81,0.374,1.746,-572.78,,1,1,0,0,2
2023-01-02,18131.7,18105.3,18197.45,14.69,14.87,0.146,-0.254,-2950.89,,0,0,-1,0,-1
2023-01-03,18163.2,18197.45,18232.55,14.39,14.69,-0.188,-0.254,-212.57,,0,0,0,0,0
2023-01-04,18230.65,18232.55,18042.95,15.2,14.39,-0.01,-0.4,-628.07,,0,0,0,0,0
2023-01-05,18101.95,18042.95,17992.15,14.98,15.2,0.327,0.754,-2620.89,,1,1,-1,0,1
2023-01-06,18008.05,17992.15,17859.45,15.03,14.98,0.088,-1.165,-1449.45,,0,-1,-1,0,-2
2023-01-09,17952.55,17859.45,18101.2,14.65,15.03,0.521,2.284,-2902.46,,1,1,-1,0,1
2023-01-10,18121.3,18101.2,17914.15,15.51,14.65,0.111,-0.077,-203.13,,0,0,0,0,0
2023-01-11,17924.25,17914.15,17895.7,15.44,15.51,0.056,0.698,-2109.34,,0,1,-1,0,0
2023-01-12,17920.85,17895.7,17858.2,15.28,15.44,0.141,1.285,-3208.15,,0,1,-1,0,0
2023-01-13,17867.5,17858.2,17956.6,14.46,15.28,0.052,0.342,-1662.63,,0,0,-1,0,-1
2023-01-16,18033.15,17956.6,17894.85,15.02,14.46,0.426,0.4,-2422.39,,1,0,-1,0,0
2023-01-17,17922.8,17894.85,18053.3,14.59,15.02,0.156,0.4,-750.59,,0,0,0,0,0
2023-01-18,18074.3,18053.3,18165.35,14.37,14.59,0.116,-0.203,211.06,,0,0,0,0,0
2023-01-19,18119.8,18165.35,18107.85,13.96,14.37,-0.251,-1.556,-319.23,,0,-1,0,0,-1
2023-01-20,18115.6,18107.85,18027.65,13.79,13.96,0.043,-0.764,399.98,,0,-1,0,0,-1
2023-01-23,18118.45,18027.65,18118.55,13.62,13.79,0.504,1.892,-2002.25,,1,1,-1,0,1
2023-01-24,18183.95,18118.55,18118.3,13.66,13.62,0.361,1.188,-219.87,,1,1,0,0,2
2023-01-25,18093.35,18118.3,17891.95,14.66,13.66,-0.138,-0.071,-760.51,,0,0,0,0,0
2023-01-27,17877.2,17891.95,17604.35,17.32,14.66,-0.082,1.101,-2393.94,,0,1,-1,0,0
2023-01-30,17541.95,17604.35,17648.95,17.71,17.32,-0.354,0.249,-5977.86,,-1,0,-1,0,-2
2023-01-31,17731.45,17648.95,17662.15,16.88,17.71,0.467,-1.297,-6792.8,,1,-1,-1,0,-1
2023-02-01,17811.6,17662.15,17616.3,16.78,16.88,0.846,1.464,-5439.64,,1,1,-1,0,1
2023-02-02,17517.1,17616.3,17610.4,15.73,16.78,-0.563,1.045,1785.21,,-1,1,1,0,1
2023-02-03,17721.75,17610.4,17854.05,14.4,15.73,0.632,1.47,-3065.35,,1,1,-1,0,1
2023-02-06,17818.55,17854.05,17764.6,14.69,14.4,-0.199,-1.035,-932.44,,0,-1,0,0,-1
2023-02-07,17790.1,17764.6,17721.5,14.13,14.69,0.144,-0.614,-1218.14,,0,-1,-1,0,-2
2023-02-08,17750.3,17721.5,17871.7,13.6,14.13,0.163,1.287,-2559.96,,0,1,-1,0,0
2023-02-09,17885.5,17871.7,17893.45,13.04,13.6,0.077,-1.108,-736.82,,0,-1,0,0,-1
2023-02-10,17847.55,17893.45,17856.5,12.75,13.04,-0.257,-0.883,-144.73,,0,-1,0,0,-1
2023-02-13,17859.1,17856.5,17770.9,13.68,12.75,0.015,0.22,1458.02,,0,0,1,0,1
2023-02-14,17840.35,17770.9,17929.85,13.45,13.68,0.391,1.145,1322.39,,1,1,1,0,3
2023-02-15,17896.6,17929.85,18015.85,12.86,13.45,-0.185,-0.028,1305.3,,0,0,1,0,1
2023-02-16,18094.75,18015.85,18035.85,12.89,12.86,0.438,0.277,432.15,,1,0,0,0,1
2023-02-17,17974.85,18035.85,17944.2,13.09,12.89,-0.338,-1.379,1570.62,,-1,-1,1,0,-1
2023-02-20,17965.55,17944.2,17844.6,13.38,13.09,0.119,-0.277,-624.61,,0,0,0,0,0
2023-02-21,17905.8,17844.6,17826.7,14.01,13.38,0.343,-0.277,-158.95,,1,0,0,0,1
2023-02-22,17755.35,17826.7,17554.3,15.59,14.01,-0.4,-2.004,525.8,,-1,-1,0,0,-2
2023-02-23,17574.65,17554.3,17511.25,15.08,15.59,0.116,-0.157,-579.82,,0,0,0,0,0
2023-02-24,17591.35,17511.25,17465.8,14.19,15.08,0.457,0.533,-1417.24,,1,1,-1,0,1
2023-02-27,17428.6,17465.8,17392.7,13.88,14.19,-0.213,-1.054,-1470.34,,0,-1,-1,0,-2
2023-02-28,17383.25,17392.7,17303.95,14.02,13.88,-0.054,0.307,-2022.52,,0,0,-1,0,-1
2023-03-01,17360.1,17303.95,17450.9,13.0,14.02,0.324,-0.304,-4559.21,,1,0,-1,0,0
2023-03-02,17421.5,17450.9,17321.9,12.97,13.0,-0.168,-0.473,-424.88,,0,0,0,0,0
2023-03-03,17451.25,17321.9,17594.35,12.18,12.97,0.747,0.758,12770.81,,1,1,1,0,3
2023-03-06,17680.35,17594.35,17711.45,12.27,12.18,0.489,1.615,246.24,,1,1,0,0,2
2023-03-08,17665.75,17711.45,17754.4,12.45,12.27,-0.258,-1.533,721.37,,0,-1,0,0,-1
2023-03-09,17772.05,17754.4,17589.6,12.73,12.45,0.099,0.141,3671.56,,0,0,1,0,1
2023-03-10,17443.8,17589.6,17412.9,13.41,12.73,-0.829,-1.846,-561.78,,-1,-1,0,0,-2
2023-03-13,17421.9,17412.9,17154.3,16.22,13.41,0.052,-1.448,-2061.47,,0,-1,-1,0,-2
2023-03-14,17160.55,17154.3,17043.3,16.22,16.22,0.036,-0.151,-1546.86,,0,0,-1,0,-1
2023-03-15,17166.45,17043.3,16972.15,16.3,16.22,0.723,1.648,-3086.96,,1,1,-1,0,1
2023-03-16,16994.65,16972.15,16985.6,16.22,16.3,0.133,-0.698,-1271.25,,0,-1,-1,0,-2
2023-03-17,17111.8,16985.6,17100.05,14.77,16.22,0.743,1.756,-282.06,,1,1,0,0,2
2023-03-20,17066.6,17100.05,16988.4,16.01,14.77,-0.196,-1.102,-1766.53,,0,-1,-1,0,-2
2023-03-21,17060.4,16988.4,17107.5,15.08,16.01,0.424,0.892,-2545.87,,1,1,-1,0,1
2023-03-22,17177.45,17107.5,17151.9,14.81,15.08,0.409,1.298,-1454.63,,1,1,-1,0,1
2023-03-23,17097.4,17151.9,17076.9,14.49,14.81,-0.318,-1.646,61.72,,-1,-1,0,0,-2
2023-03-24,17076.2,17076.9,16945.05,15.24,14.49,-0.004,0.298,-995.01,,0,0,0,0,0
2023-03-27,16984.3,16945.05,16985.7,15.45,15.24,0.232,0.564,-1720.44,,0,1,-1,0,0
2023-03-28,17031.75,16985.7,16951.7,15.1,15.45,0.271,0.165,-890.64,,0,0,0,0,0
2023-03-29,16977.3,16951.7,17080.7,13.63,15.1,0.151,-0.157,1531.13,,0,0,1,0,1
2023-03-31,17210.35,17080.7,17359.75,12.94,13.63,0.759,0.572,1245.39,,1,1,1,0,3
2023-04-03,17427.95,17359.75,17398.05,12.59,12.94,0.393,1.444,357.86,,1,1,0,0,2
2023-04-05,17422.3,17398.05,17557.05,12.41,12.59,0.139,-0.58,321.93,,0,-1,0,0,-1
2023-04-06,17533.85,17557.05,17599.15,11.8,12.41,-0.132,-0.249,806.82,,0,0,0,0,0
2023-04-10,17634.9,17599.15,17624.05,12.27,11.8,0.203,0.358,475.81,,0,0,0,0,0
2023-04-11,17704.8,17624.05,17722.3,11.98,12.27,0.458,0.1,882.52,,1,0,0,0,1
2023-04-12,17759.55,17722.3,17812.4,12.27,11.98,0.21,-0.004,342.84,,0,0,0,0,0
2023-04-13,17807.3,17812.4,17828.0,11.91,12.27,-0.029,-0.413,1907.95,,0,0,1,0,1
2023-04-17,17863.0,17828.0,17706.85,12.27,11.91,0.196,-0.207,221.85,,0,0,0,0,0
2023-04-18,17766.6,17706.85,17660.15,12.08,12.27,0.337,0.331,-533.2,,1,0,0,0,1
2023-04-19,17653.35,17660.15,17618.75,12.15,12.08,-0.039,0.086,-810.6,,0,0,0,0,0
2023-04-20,17638.6,17618.75,17624.45,11.94,12.15,0.113,-0.008,-13.17,,0,0,0,0,0
2023-04-21,17639.75,17624.45,17624.05,11.63,11.94,0.087,-0.595,-1169.32,,0,-1,-1,0,-2
2023-04-24,17707.55,17624.05,17743.4,11.67,11.63,0.474,0.09,-2116.76,,1,0,-1,0,0
2023-04-25,17761.55,17743.4,17769.25,11.52,11.67,0.102,0.085,-412.27,,0,0,0,0,0
2023-04-26,17767.3,17769.25,17813.6,11.65,11.52,-0.011,-1.581,-407.35,,0,-1,0,0,-1
2023-04-27,17813.1,17813.6,17915.05,11.43,11.65,-0.003,-0.384,1257.48,,0,0,1,0,1
2023-04-28,17950.4,17915.05,18065.0,10.95,11.43,0.197,1.957,1652.95,,0,1,1,0,2
2023-05-02,18124.8,18065.0,18147.65,11.9,10.95,0.331,-0.039,1652.95,,1,0,1,0,2
2023-05-03,18113.8,18147.65,18089.85,11.84,11.9,-0.187,-1.159,1652.95,,0,-1,1,0,0
2023-05-04,18081.0,18089.85,18255.8,11.73,11.84,-0.049,-0.7,1652.95,,0,-1,1,0,0
2023-05-05,18117.3,18255.8,18069.0,12.3,11.73,-0.759,-0.722,1652.95,,-1,-1,1,0,-1
2023-05-08,18120.6,18069.0,18264.4,12.64,12.3,0.286,1.847,1652.95,,0,1,1,0,2
2023-05-09,18303.4,18264.4,18265.95,12.68,12.64,0.214,0.045,1652.95,,0,0,1,0,1
2023-05-10,18313.6,18265.95,18315.1,13.08,12.68,0.261,-0.458,1652.95,,0,0,1,0,1
2023-05-11,18357.8,18315.1,18297.0,13.22,13.08,0.233,0.448,1652.95,,0,0,1,0,1
2023-05-12,18273.75,18297.0,18314.8,12.85,13.22,-0.127,-0.17,1652.95,,0,0,1,0,1
2023-05-15,18339.3,18314.8,18398.85,13.17,12.85,0.134,-0.158,1652.95,,0,0,1,0,1
2023-05-16,18432.35,18398.85,18286.5,13.29,13.17,0.182,0.296,1652.95,,0,0,1,0,1
2023-05-17,18300.45,18286.5,18181.75,13.11,13.29,0.076,-0.638,1652.95,,0,-1,1,0,0
2023-05-18,18287.5,18181.75,18129.95,12.8,13.11,0.582,1.189,1652.95,,1,1,1,0,3
2023-05-19,18186.15,18129.95,18203.4,12.3,12.8,0.31,0.945,1652.95,,1,1,1,0,3
2023-05-22,18201.1,18203.4,18314.4,12.57,12.3,-0.013,-0.145,1652.95,,0,0,1,0,1
2023-05-23,18362.9,18314.4,18348.0,12.61,12.57,0.265,0.016,1652.95,,0,0,1,0,1
2023-05-24,18294.8,18348.0,18285.4,13.11,12.61,-0.29,-1.122,1652.95,,0,-1,1,0,0
2023-05-25,18268.9,18285.4,18321.15,12.52,13.11,-0.09,-0.732,1652.95,,0,-1,1,0,0
2023-05-26,18368.35,18321.15,18499.35,11.9,12.52,0.258,0.876,1652.95,,0,1,1,0,2
2023-05-29,18619.15,18499.35,18598.65,12.3,11.9,0.648,1.305,1652.95,,1,1,1,0,3
2023-05-30,18606.65,18598.65,18633.85,12.01,12.3,0.043,1.305,1652.95,,0,1,1,0,2
2023-05-31,18594.2,18633.85,18534.4,11.97,12.01,-0.213,0.002,1652.95,,0,0,1,0,1
2023-06-01,18579.4,18534.4,18487.75,11.6,11.97,0.243,-0.611,1652.95,,0,-1,1,0,0
2023-06-02,18550.85,18487.75,18534.1,11.13,11.6,0.341,0.985,1652.95,,1,1,1,0,3
2023-06-05,18612.0,18534.1,18593.85,11.14,11.13,0.42,1.453,1652.95,,1,1,1,0,3
2023-06-06,18600.8,18593.85,18599.0,11.38,11.14,0.037,-0.2,1652.95,,0,0,1,0,1
2023-06-07,18665.6,18599.0,18726.4,11.44,11.38,0.358,0.235,1652.95,,1,0,1,0,2
2023-06-08,18725.35,18726.4,18634.55,11.26,11.44,-0.006,-0.381,1652.95,,0,0,1,0,1
2023-06-09,18655.9,18634.55,18563.4,11.12,11.26,0.115,0.619,1652.95,,0,1,1,0,2
2023-06-12,18595.05,18563.4,18601.5,11.25,11.12,0.17,0.115,1652.95,,0,0,1,0,1
2023-06-13,18631.8,18601.5,18716.15,11.11,11.25,0.163,0.932,1652.95,,0,1,1,0,2
2023-06-14,18744.6,18716.15,18755.9,11.16,11.11,0.152,0.693,1652.95,,0,1,1,0,2
2023-06-15,18774.45,18755.9,18688.1,11.08,11.16,0.099,0.082,1652.95,,0,0,1,0,1
2023-06-16,18723.3,18688.1,18826.0,10.84,11.08,0.188,1.218,1652.95,,0,1,1,0,2
2023-06-19,18873.3,18826.0,18755.45,11.23,10.84,0.251,-0.367,1652.95,,0,0,1,0,1
2023-06-20,18752.35,18755.45,18816.7,11.13,11.23,-0.017,-0.367,1652.95,,0,0,1,0,1
2023-06-21,18849.4,18816.7,18856.85,11.29,11.13,0.174,-0.474,1652.95,,0,0,1,0,1
2023-06-22,18853.6,18856.85,18771.25,11.55,11.29,-0.017,-0.525,1652.95,,0,-1,1,0,0
2023-06-23,18741.85,18771.25,18665.5,11.24,11.55,-0.157,0.371,1652.95,,0,0,1,0,1
2023-06-26,18682.35,18665.5,18691.2,11.4,11.24,0.09,-0.766,1652.95,,0,-1,1,0,0
2023-06-27,18748.55,18691.2,18817.4,10.78,11.4,0.307,-0.449,1652.95,,1,0,1,0,2
2023-06-28,18908.15,18817.4,18972.1,10.89,10.78,0.482,1.146,1652.95,,1,1,1,0,3
2023-06-30,19076.85,18972.1,19189.05,10.8,10.89,0.552,0.447,1652.95,,1,0,1,0,2
2023-07-03,19246.5,19189.05,19322.55,11.54,10.8,0.299,1.227,1652.95,,0,1,1,0,2
2023-07-04,19406.6,19322.55,19389.0,11.7,11.54,0.435,0.117,1652.95,,1,0,1,0,2
2023-07-05,19405.95,19389.0,19398.5,11.88,11.7,0.087,0.117,1652.95,,0,0,1,0,1
2023-07-06,19385.7,19398.5,19497.3,11.84,11.88,-0.066,-0.197,1652.95,,0,0,1,0,1
2023-07-07,19422.8,19497.3,19331.8,11.53,11.84,-0.382,-0.792,1652.95,,-1,-1,1,0,-1
2023-07-10,19400.35,19331.8,19355.9,11.46,11.53,0.355,-0.287,1652.95,,1,0,1,0,2
2023-07-11,19427.1,19355.9,19439.4,11.01,11.46,0.368,0.241,1652.95,,1,0,1,0,2
2023-07-12,19497.45,19439.4,19384.3,10.94,11.01,0.299,0.674,1652.95,,0,1,1,0,2
2023-07-13,19495.2,19384.3,19413.75,10.94,10.94,0.572,0.741,1652.95,,1,1,1,0,3
2023-07-14,19493.45,19413.75,19564.5,10.68,10.94,0.411,0.847,1652.95,,1,1,1,0,3
2023-07-17,19612.15,19564.5,19711.45,11.32,10.68,0.244,-0.102,1652.95,,0,0,1,0,1
2023-07-18,19787.5,19711.45,19749.25,11.71,11.32,0.386,0.386,1652.95,,1,0,1,0,2
2023-07-19,19802.95,19749.25,19833.15,11.6,11.71,0.272,0.712,1652.95,,0,1,1,0,2
2023-07-20,19831.7,19833.15,19979.15,11.79,11.6,-0.007,0.236,1652.95,,0,0,1,0,1
2023-07-21,19800.45,19979.15,19745.0,11.49,11.79,-0.894,-0.676,1652.95,,-1,-1,1,0,-1
2023-07-24,19748.45,19745.0,19672.35,11.65,11.49,0.017,0.032,1652.95,,0,0,1,0,1
2023-07-25,19729.35,19672.35,19680.6,10.24,11.65,0.29,0.403,1652.95,,0,0,1,0,1
2023-07-26,19733.35,19680.6,19778.3,10.46,10.24,0.268,0.281,1652.95,,0,0,1,0,1
2023-07-27,19850.9,19778.3,19659.9,10.51,10.46,0.367,-0.016,1652.95,,1,0,1,0,2
2023-07-28,19659.75,19659.9,19646.05,10.14,10.51,-0.001,-0.642,1652.95,,0,-1,1,0,0
2023-07-31,19666.35,19646.05,19753.8,10.41,10.14,0.103,0.988,1652.95,,0,1,1,0,2
2023-08-01,19784.0,19753.8,19733.55,10.28,10.41,0.153,0.147,1652.95,,0,0,1,0,1
2023-08-02,19655.4,19733.55,19526.55,11.28,10.28,-0.396,-0.267,1652.95,,-1,0,1,0,0
2023-08-03,19463.75,19526.55,19381.65,11.19,11.28,-0.322,-1.384,1652.95,,-1,-1,1,0,-1
2023-08-04,19462.8,19381.65,19517.0,10.57,11.19,0.419,-0.255,1652.95,,1,0,1,0,2
2023-08-07,19576.85,19517.0,19597.3,11.1,10.57,0.307,-0.53,1652.95,,1,-1,1,0,1
2023-08-08,19627.2,19597.3,19570.85,11.33,11.1,0.153,0.902,1652.95,,0,1,1,0,2
2023-08-09,19578.8,19570.85,19632.55,11.14,11.33,0.041,-0.422,1652.95,,0,0,1,0,1
2023-08-10,19605.55,19632.55,19543.1,11.4,11.14,-0.138,-0.704,1652.95,,0,-1,1,0,0
2023-08-11,19554.25,19543.1,19428.3,11.52,11.4,0.057,0.025,1652.95,,0,0,1,0,1
2023-08-14,19383.95,19428.3,19434.55,12.0,11.52,-0.228,-0.107,1652.95,,0,0,1,0,1
2023-08-16,19369.0,19434.55,19465.0,12.13,12.0,-0.337,-1.155,1652.95,,-1,-1,1,0,-1
2023-08-17,19450.55,19465.0,19365.25,12.24,12.13,-0.074,-0.756,1652.95,,0,-1,1,0,0
2023-08-18,19301.75,19365.25,19310.15,12.14,12.24,-0.328,-0.771,1652.95,,-1,-1,1,0,-1
2023-08-21,19320.65,19310.15,19393.6,11.96,12.14,0.054,-0.015,1652.95,,0,0,1,0,1
2023-08-22,19417.1,19393.6,19396.45,11.75,11.96,0.121,0.688,1652.95,,0,1,1,0,2
2023-08-23,19439.2,19396.45,19444.0,11.73,11.75,0.22,-0.278,1652.95,,0,0,1,0,1
2023-08-24,19535.15,19444.0,19386.7,11.7,11.73,0.469,1.104,1652.95,,1,1,1,0,3
2023-08-25,19297.4,19386.7,19265.8,12.08,11.7,-0.461,-1.346,1652.95,,-1,-1,1,0,-1
2023-08-28,19298.35,19265.8,19306.05,12.4,12.08,0.169,0.672,1652.95,,0,1,1,0,2
2023-08-29,19374.85,19306.05,19342.65,12.23,12.4,0.356,0.626,1652.95,,1,1,1,0,3
2023-08-30,19433.45,19342.65,19347.45,11.8,12.23,0.469,1.451,1652.95,,1,1,1,0,3
2023-08-31,19375.55,19347.45,19253.8,12.06,11.8,0.145,0.383,1652.95,,0,0,1,0,1
2023-09-01,19258.15,19253.8,19435.3,11.37,12.06,0.023,-0.16,1652.95,,0,0,1,0,1
2023-09-04,19525.05,19435.3,19528.8,10.96,11.37,0.462,0.18,1652.95,,1,0,1,0,2
2023-09-05,19564.65,19528.8,19574.9,10.82,10.96,0.184,0.18,1652.95,,0,0,1,0,1
2023-09-06,19581.2,19574.9,19611.05,10.68,10.82,0.032,-0.419,1652.95,,0,0,1,0,1
2023-09-07,19598.65,19611.05,19727.05,10.87,10.68,-0.063,-0.697,1652.95,,0,-1,1,0,0
2023-09-08,19774.8,19727.05,19819.95,10.78,10.87,0.242,-0.321,1652.95,,0,0,1,0,1
2023-09-11,19890.0,19819.95,19996.35,11.35,10.78,0.353,0.143,1652.95,,1,0,1,0,2
2023-09-12,20110.15,19996.35,19993.2,11.69,11.35,0.569,0.672,1652.95,,1,1,1,0,3
2023-09-13,19989.5,19993.2,20070.0,11.83,11.69,-0.019,-0.57,1652.95,,0,-1,1,0,0
2023-09-14,20127.95,20070.0,20103.1,11.32,11.83,0.289,0.124,1652.95,,0,0,1,0,1
2023-09-15,20156.45,20103.1,20192.35,10.9,11.32,0.265,0.843,1652.95,,0,1,1,0,2
2023-09-18,20155.95,20192.35,20133.3,10.84,10.9,-0.18,-1.216,1652.95,,0,-1,1,0,0
2023-09-20,19980.75,20133.3,19901.4,11.13,10.84,-0.758,-0.215,1652.95,,-1,0,1,0,0
2023-09-21,19840.55,19901.4,19742.35,10.82,11.13,-0.306,-0.939,1652.95,,-1,-1,1,0,-1
2023-09-22,19744.85,19742.35,19674.25,10.66,10.82,0.013,-1.64,1652.95,,0,-1,1,0,0
2023-09-25,19678.2,19674.25,19674.55,10.9,10.66,0.02,-0.23,1652.95,,0,0,1,0,1
2023-09-26,19682.8,19674.55,19664.7,11.19,10.9,0.042,0.402,1652.95,,0,0,1,0,1
2023-09-27,19637.05,19664.7,19716.45,11.59,11.19,-0.141,-1.473,1652.95,,0,-1,1,0,0
2023-09-28,19761.8,19716.45,19523.55,12.82,11.59,0.23,0.023,1652.95,,0,0,1,0,1
2023-09-29,19581.2,19523.55,19638.3,11.45,12.82,0.295,0.589,1652.95,,0,1,1,0,2
2023-10-03,19622.4,19638.3,19528.75,11.79,11.45,-0.081,0.008,1652.95,,0,0,1,0,1
2023-10-04,19446.3,19528.75,19436.1,11.66,11.79,-0.422,-1.374,1652.95,,-1,-1,1,0,-1
2023-10-05,19521.85,19436.1,19545.75,10.94,11.66,0.441,0.811,1652.95,,1,1,1,0,3
2023-10-06,19621.2,19545.75,19653.5,10.3,10.94,0.386,-0.13,1652.95,,1,0,1,0,2
2023-10-09,19539.45,19653.5,19512.35,11.4,10.3,-0.58,1.181,1652.95,,-1,1,1,0,1
2023-10-10,19565.6,19512.35,19689.85,11.27,11.4,0.273,0.63,1652.95,,0,1,1,0,2
2023-10-11,19767.0,19689.85,19811.35,10.99,11.27,0.392,0.521,1652.95,,1,1,1,0,3
2023-10-12,19822.7,19811.35,19794.0,10.62,10.99,0.057,0.429,1652.95,,0,0,1,0,1
2023-10-13,19654.55,19794.0,19751.05,10.62,10.62,-0.705,-0.625,1652.95,,-1,-1,1,0,-1
2023-10-16,19737.25,19751.05,19731.75,11.07,10.62,-0.07,-0.502,1652.95,,0,-1,1,0,0
2023-10-17,19843.2,19731.75,19811.5,10.7,11.07,0.565,1.059,1652.95,,1,1,1,0,3
2023-10-18,19820.45,19811.5,19671.1,10.97,10.7,0.045,-0.01,1652.95,,0,0,1,0,1
2023-10-19,19545.2,19671.1,19624.7,10.9,10.97,-0.64,-1.34,1652.95,,-1,-1,1,0,-1
2023-10-20,19542.15,19624.7,19542.65,10.82,10.9,-0.421,-0.848,1652.95,,-1,-1,1,0,-1
2023-10-23,19521.6,19542.65,19281.75,10.91,10.82,-0.108,-1.259,1652.95,,0,-1,1,0,0
2023-10-25,19286.45,19281.75,19122.15,11.31,10.91,0.024,0.727,1652.95,,0,1,1,0,2
2023-10-26,19027.25,19122.15,18857.25,11.73,11.31,-0.496,-1.434,1652.95,,-1,-1,1,0,-1
2023-10-27,18928.75,18857.25,19047.25,10.91,11.73,0.379,-1.183,1652.95,,1,-1,1,0,1
2023-10-30,19053.4,19047.25,19140.9,11.49,10.91,0.032,-0.48,1652.95,,0,0,1,0,1
2023-10-31,19232.95,19140.9,19079.6,11.83,11.49,0.481,1.201,1652.95,,1,1,1,0,3
2023-11-01,19064.05,19079.6,18989.15,12.05,11.83,-0.081,0.647,1652.95,,0,1,1,0,2
2023-11-02,19120.0,18989.15,19133.25,11.08,12.05,0.689,1.051,1652.95,,1,1,1,0,3
2023-11-03,19241.0,19133.25,19230.6,10.88,11.08,0.563,1.886,1652.95,,1,1,1,0,3
2023-11-06,19345.85,19230.6,19411.75,11.11,10.88,0.599,0.939,1652.95,,1,1,1,0,3
2023-11-07,19404.05,19411.75,19406.7,11.19,11.11,-0.04,0.175,1652.95,,0,0,1,0,1
2023-11-08,19449.6,19406.7,19443.5,11.04,11.19,0.221,0.284,1652.95,,0,0,1,0,1
2023-11-09,19457.4,19443.5,19395.3,10.98,11.04,0.071,0.1,1652.95,,0,0,1,0,1
2023-11-10,19351.85,19395.3,19425.35,11.11,10.98,-0.224,-0.808,1652.95,,0,-1,1,0,0
2023-11-13,19486.75,19425.35,19443.55,11.19,11.11,0.316,1.562,1652.95,,1,1,1,0,3
2023-11-15,19651.4,19443.55,19675.45,11.14,11.19,1.069,1.908,1652.95,,1,1,1,0,3
2023-11-16,19674.7,19675.45,19765.2,11.65,11.14,-0.004,0.16,1652.95,,0,0,1,0,1
2023-11-17,19674.75,19765.2,19731.8,11.83,11.65,-0.458,0.119,1652.95,,-1,0,1,0,0
2023-11-20,19731.15,19731.8,19694.0,12.15,11.83,-0.003,0.128,1652.95,,0,0,1,0,1
2023-11-21,19770.9,19694.0,19783.4,12.23,12.15,0.39,0.739,1652.95,,1,1,1,0,3
2023-11-22,19784.0,19783.4,19811.85,11.87,12.23,0.003,-0.202,1652.95,,0,0,1,0,1
2023-11-23,19828.45,19811.85,19802.0,11.32,11.87,0.084,0.406,1652.95,,0,0,1,0,1
2023-11-24,19809.6,19802.0,19794.7,11.33,11.32,0.038,0.406,1652.95,,0,0,1,0,1
2023-11-28,19844.65,19794.7,19889.7,12.18,11.33,0.252,-0.195,1652.95,,0,0,1,0,1
2023-11-29,19976.55,19889.7,20096.6,12.71,12.18,0.437,0.098,1652.95,,1,0,1,0,2
2023-11-30,20108.5,20096.6,20133.15,12.69,12.71,0.059,-0.095,1652.95,,0,0,1,0,1
2023-12-01,20194.1,20133.15,20267.9,12.38,12.69,0.303,0.378,1652.95,,1,0,1,0,2
2023-12-04,20601.95,20267.9,20686.8,12.99,12.38,1.648,0.587,1652.95,,1,1,1,0,3
2023-12-05,20808.9,20686.8,20855.1,13.46,12.99,0.59,-0.541,1652.95,,1,-1,1,0,1
2023-12-06,20950.75,20855.1,20937.7,13.74,13.46,0.459,-0.057,1652.95,,1,0,1,0,2
2023-12-07,20932.4,20937.7,20901.15,12.67,13.74,-0.025,-0.391,1652.95,,0,0,1,0,1
2023-12-08,20934.1,20901.15,20969.4,12.47,12.67,0.158,0.797,1652.95,,0,1,1,0,2
2023-12-11,20965.3,20969.4,20997.1,12.76,12.47,-0.02,0.41,1652.95,,0,0,1,0,1
2023-12-12,21018.55,20997.1,20906.4,12.71,12.76,0.102,0.392,1652.95,,0,0,1,0,1
2023-12-13,20929.75,20906.4,20926.35,12.07,12.71,0.112,0.46,1652.95,,0,0,1,0,1
2023-12-14,21110.4,20926.35,21182.7,12.32,12.07,0.88,1.365,1652.95,,1,1,1,0,3
2023-12-15,21287.45,21182.7,21456.65,13.13,12.32,0.495,0.265,1652.95,,1,0,1,0,2
2023-12-18,21434.8,21456.65,21418.65,13.9,13.13,-0.102,-0.008,1652.95,,0,0,1,0,1
2023-12-19,21477.65,21418.65,21453.1,13.87,13.9,0.275,0.453,1652.95,,0,0,1,0,1
2023-12-20,21543.5,21453.1,21150.15,14.45,13.87,0.421,0.587,1652.95,,1,1,1,0,3
2023-12-21,21033.95,21150.15,21255.05,13.76,14.45,-0.549,-1.468,1652.95,,-1,-1,1,0,-1
2023-12-22,21295.85,21255.05,21349.4,13.71,13.76,0.192,1.03,1652.95,,0,1,1,0,2
2023-12-26,21365.2,21349.4,21441.35,14.68,13.71,0.074,0.166,1652.95,,0,0,1,0,1
2023-12-27,21497.65,21441.35,21654.75,15.56,14.68,0.263,0.423,1652.95,,0,0,1,0,1
2023-12-28,21715.0,21654.75,21778.7,15.14,15.56,0.278,0.143,1652.95,,0,0,1,0,1
2023-12-29,21737.65,21778.7,21731.4,14.5,15.14,-0.188,0.037,1652.95,,0,0,1,0,1
2024-01-03,21661.1,21665.8,21517.35,14.1,14.58,-0.022,-0.566,1652.95,,0,-1,1,0,0
2024-01-04,21605.8,21517.35,21658.6,13.33,14.1,0.411,-0.802,1652.95,,1,-1,1,0,1
2024-01-05,21705.75,21658.6,21710.8,12.63,13.33,0.218,-0.343,1652.95,,0,0,1,0,1
2024-01-08,21747.6,21710.8,21513.0,13.46,12.63,0.169,0.183,1652.95,,0,0,1,0,1
2024-01-09,21653.6,21513.0,21544.85,13.26,13.46,0.654,1.411,1652.95,,1,1,1,0,3
2024-01-10,21529.3,21544.85,21618.7,12.97,13.26,-0.072,-0.148,1652.95,,0,0,1,0,1
2024-01-11,21688.0,21618.7,21647.2,12.77,12.97,0.321,0.567,1652.95,,1,1,1,0,3
2024-01-12,21773.55,21647.2,21894.55,13.1,12.77,0.584,-0.067,1652.95,,1,0,1,0,2
2024-01-15,22053.15,21894.55,22097.45,13.79,13.1,0.724,0.075,1652.95,,1,0,1,0,2
2024-01-16,22080.5,22097.45,22032.3,13.57,13.79,-0.077,0.075,1652.95,,0,0,1,0,1
2024-01-17,21647.25,22032.3,21571.95,15.08,13.57,-1.748,-0.373,1652.95,,-1,0,1,0,0
2024-01-18,21414.2,21571.95,21462.25,14.07,15.08,-0.731,-0.562,1652.95,,-1,-1,1,0,-1
2024-01-19,21615.2,21462.25,21622.4,13.88,14.07,0.713,0.881,1652.95,,1,1,1,0,3
2024-01-23,21716.7,21622.4,21238.8,14.85,13.88,0.436,0.219,1652.95,,1,0,1,0,2
2024-01-24,21185.25,21238.8,21453.95,14.38,14.85,-0.252,0.292,1652.95,,0,0,1,0,1
2024-01-25,21454.6,21453.95,21352.6,13.87,14.38,0.003,0.081,1652.95,,0,0,1,0,1
2024-01-29,21433.1,21352.6,21737.6,15.68,13.87,0.377,-0.065,1652.95,,1,0,1,0,2
2024-01-30,21775.75,21737.6,21522.1,16.1,15.68,0.176,0.756,1652.95,,0,1,1,0,2
2024-01-31,21487.25,21522.1,21725.7,16.05,16.1,-0.162,-0.06,1652.95,,0,0,1,0,1
2024-02-01,21780.65,21725.7,21697.45,14.46,16.05,0.253,-1.611,1652.95,,0,-1,1,0,0
2024-02-02,21812.75,21697.45,21853.8,14.7,14.46,0.531,1.249,1652.95,,1,1,1,0,3
2024-02-05,21921.05,21853.8,21771.7,15.62,14.7,0.308,1.068,1652.95,,1,1,1,0,3
2024-02-06,21825.2,21771.7,21929.4,15.79,15.62,0.246,-0.319,1652.95,,0,0,1,0,1
2024-02-07,22045.05,21929.4,21930.5,15.51,15.79,0.527,0.231,1652.95,,1,0,1,0,2
2024-02-08,22009.65,21930.5,21717.95,15.83,15.51,0.361,0.824,1652.95,,1,1,1,0,3
2024-02-09,21727.0,21717.95,21782.5,15.45,15.83,0.042,0.057,1652.95,,0,0,1,0,1
2024-02-12,21800.8,21782.5,21616.05,16.06,15.45,0.084,0.574,1652.95,,0,1,1,0,2
2024-02-13,21664.3,21616.05,21743.25,15.81,16.06,0.223,-0.095,1652.95,,0,0,1,0,1
2024-02-14,21578.15,21743.25,21840.05,15.44,15.81,-0.759,-1.367,1652.95,,-1,-1,1,0,-1
2024-02-15,21906.55,21840.05,21910.75,15.23,15.44,0.304,0.958,1652.95,,1,1,1,0,3
2024-02-16,22020.3,21910.75,22040.7,15.22,15.23,0.5,0.582,1652.95,,1,1,1,0,3
2024-02-21,22248.85,22196.95,22055.05,15.93,16.07,0.234,-0.601,1652.95,,0,-1,1,0,0
2024-02-22,22081.55,22055.05,22217.45,15.2,15.93,0.12,0.126,1652.95,,0,0,1,0,1
2024-02-23,22290.0,22217.45,22212.7,14.97,15.2,0.327,2.112,1652.95,,1,1,1,0,3
2024-02-26,22169.2,22212.7,22122.05,15.6,14.97,-0.196,0.035,1652.95,,0,0,1,0,1
2024-02-27,22090.2,22122.05,22198.35,15.73,15.6,-0.144,-0.379,1652.95,,0,0,1,0,1
2024-02-28,22214.1,22198.35,21951.15,16.33,15.73,0.071,0.171,1652.95,,0,0,1,0,1
2024-02-29,21935.2,21951.15,21982.8,15.57,16.33,-0.073,-0.166,1652.95,,0,0,1,0,1
2024-03-01,22048.3,21982.8,22338.75,15.24,15.57,0.298,0.523,1652.95,,0,1,1,0,2
2024-03-04,22403.5,22338.75,22405.6,14.92,15.24,0.29,0.801,1652.95,,0,1,1,0,2
2024-03-05,22371.25,22405.6,22356.3,14.38,14.92,-0.153,-0.119,1652.95,,0,0,1,0,1
2024-03-06,22327.5,22356.3,22474.05,14.3,14.38,-0.129,-1.019,1652.95,,0,-1,1,0,0
2024-03-07,22505.3,22474.05,22493.55,13.61,14.3,0.139,0.514,1652.95,,0,1,1,0,2
2024-03-11,22517.5,22493.55,22332.65,14.0,13.61,0.106,-0.653,1652.95,,0,-1,1,0,0
2024-03-12,22334.45,22332.65,22335.7,13.64,14.0,0.008,-0.112,1652.95,,0,0,1,0,1
2024-03-13,22432.2,22335.7,21997.7,14.43,13.64,0.432,1.12,1652.95,,1,1,1,0,3
2024-03-14,21982.55,21997.7,22146.65,13.62,14.43,-0.069,-0.192,1652.95,,0,0,1,0,1
2024-03-15,22064.85,22146.65,22023.35,13.69,13.62,-0.369,-0.287,1652.95,,-1,0,1,0,0
2024-03-18,21990.1,22023.35,22055.7,13.9,13.69,-0.151,-0.648,1652.95,,0,-1,1,0,0
2024-03-19,21946.45,22055.7,21817.45,14.11,13.9,-0.495,0.632,1652.95,,-1,1,1,0,1
2024-03-20,21843.9,21817.45,21839.1,13.47,14.11,0.121,0.565,1652.95,,0,1,1,0,2
2024-03-21,21989.9,21839.1,22011.95,12.51,13.47,0.691,0.89,1652.95,,1,1,1,0,3
2024-03-22,21932.2,22011.95,22096.75,12.22,12.51,-0.362,0.324,1652.95,,-1,0,1,0,0
2024-03-26,21947.9,22096.75,22004.7,12.82,12.22,-0.674,-0.305,1652.95,,-1,0,1,0,0
2024-03-27,22053.95,22004.7,22123.65,12.7,12.82,0.224,-0.28,1652.95,,0,0,1,0,1
2024-03-28,22163.6,22123.65,22326.9,12.83,12.7,0.181,0.863,1652.95,,0,1,1,0,2
2024-04-01,22455.0,22326.9,22462.0,12.08,12.83,0.574,0.112,1652.95,,1,0,1,0,2
2024-04-02,22458.8,22462.0,22453.3,11.65,12.08,-0.014,-0.201,1652.95,,0,0,1,0,1
2024-04-03,22385.7,22453.3,22434.65,11.37,11.65,-0.301,-0.724,1652.95,,-1,-1,1,0,-1
2024-04-04,22592.1,22434.65,22514.65,11.22,11.37,0.702,0.109,1652.95,,1,0,1,0,2
2024-04-05,22486.4,22514.65,22513.7,11.34,11.22,-0.125,-1.233,1652.95,,0,-1,1,0,0
2024-04-08,22578.35,22513.7,22666.3,11.61,11.34,0.287,1.11,1652.95,,0,1,1,0,2
2024-04-09,22765.1,22666.3,22642.75,11.36,11.61,0.436,-0.037,1652.95,,1,0,1,0,2
2024-04-10,22720.25,22642.75,22753.8,11.11,11.36,0.342,0.145,1652.95,,1,0,1,0,2
2024-04-12,22677.4,22753.8,22519.4,11.53,11.11,-0.336,0.744,1652.95,,-1,1,1,0,1
2024-04-15,22339.05,22519.4,22272.5,12.47,11.53,-0.801,-1.455,1652.95,,-1,-1,1,0,-1
2024-04-16,22125.3,22272.5,22147.9,12.62,12.47,-0.661,-1.202,1652.95,,-1,-1,1,0,-1
2024-04-18,22212.35,22147.9,21995.85,13.04,12.62,0.291,-0.578,1652.95,,0,-1,1,0,0
2024-04-19,21861.5,21995.85,22147.0,13.46,13.04,-0.611,-0.221,1652.95,,-1,0,1,0,0
2024-04-22,22336.9,22147.0,22336.4,12.7,13.46,0.857,-0.876,1652.95,,1,-1,1,0,1
2024-04-23,22447.05,22336.4,22368.0,10.2,12.7,0.495,0.873,1652.95,,1,1,1,0,3
2024-04-24,22421.55,22368.0,22402.4,10.28,10.2,0.239,1.196,1652.95,,0,1,1,0,2
2024-04-25,22316.9,22402.4,22570.35,10.73,10.28,-0.382,0.021,1652.95,,-1,0,1,0,0
2024-04-26,22620.4,22570.35,22419.95,10.93,10.73,0.222,-0.458,1652.95,,0,0,1,0,1
2024-04-29,22475.55,22419.95,22643.4,12.24,10.93,0.248,1.021,1652.95,,0,1,1,0,2
2024-04-30,22679.65,22643.4,22604.85,12.87,12.24,0.16,0.318,1652.95,,0,0,1,0,1
2024-05-02,22567.85,22604.85,22648.2,13.45,12.87,-0.164,-0.344,1652.95,,0,0,1,0,1
2024-05-03,22766.35,22648.2,22475.85,14.62,13.45,0.522,0.913,1652.95,,1,1,1,0,3
2024-05-06,22561.6,22475.85,22442.7,16.6,14.62,0.382,1.256,1652.95,,1,1,1,0,3
2024-05-07,22489.75,22442.7,22302.5,17.01,16.6,0.21,1.033,1652.95,,0,1,1,0,2
2024-05-08,22231.2,22302.5,22302.5,17.08,17.01,-0.32,0.134,1652.95,,-1,0,1,0,0
2024-05-09,22224.8,22302.5,21957.5,18.2,17.08,-0.348,-0.001,1652.95,,-1,0,1,0,0
2024-05-10,21990.95,21957.5,22055.2,18.47,18.2,0.152,0.509,1652.95,,0,1,1,0,2
2024-05-13,22027.95,22055.2,22104.05,20.6,18.47,-0.124,0.165,1652.95,,0,0,1,0,1
2024-05-14,22112.9,22104.05,22217.85,20.2,20.6,0.04,-0.024,1652.95,,0,0,1,0,1
2024-05-15,22255.6,22217.85,22200.55,20.27,20.2,0.17,0.484,1652.95,,0,0,1,0,1
2024-05-16,22319.2,22200.55,22403.85,20.0,20.27,0.534,1.172,1652.95,,1,1,1,0,3
2024-05-17,22415.25,22403.85,22466.1,19.8,20.0,0.051,-0.208,1652.95,,0,0,1,0,1
2024-05-21,22404.55,22466.1,22529.05,21.81,19.8,-0.274,0.092,1652.95,,0,0,1,0,1
2024-05-22,22576.6,22529.05,22597.8,21.47,21.81,0.211,0.25,1652.95,,0,0,1,0,1
2024-05-23,22614.1,22597.8,22967.65,21.38,21.47,0.072,-0.271,1652.95,,0,0,1,0,1
2024-05-24,22930.75,22967.65,22957.1,21.71,21.38,-0.161,-0.738,1652.95,,0,-1,1,0,0
2024-05-27,23038.95,22957.1,22932.45,23.19,21.71,0.357,0.7,1652.95,,1,1,1,0,3
2024-05-28,22977.15,22932.45,22888.15,24.2,23.19,0.195,0.7,1652.95,,0,1,1,0,2
2024-05-29,22762.75,22888.15,22704.7,24.18,24.2,-0.548,0.025,1652.95,,-1,0,1,0,0
2024-05-30,22617.45,22704.7,22488.65,24.18,24.18,-0.384,-0.737,1652.95,,-1,-1,1,0,-1
2024-05-31,22568.1,22488.65,22530.7,24.6,24.18,0.353,-0.598,1652.95,,1,-1,1,0,1
2024-06-03,23337.9,22530.7,23263.9,20.94,24.6,3.583,0.803,1652.95,,1,1,1,0,3
2024-06-04,23179.5,23263.9,21884.5,26.75,20.94,-0.363,0.112,1652.95,,-1,0,1,0,0
2024-06-05,22128.35,21884.5,22620.35,18.89,26.75,1.114,0.15,1652.95,,1,0,1,0,2
2024-06-06,22798.6,22620.35,22821.4,16.8,18.89,0.788,1.185,1652.95,,1,1,1,0,3
2024-06-07,22821.85,22821.4,23290.15,16.88,16.8,0.002,-0.02,1652.95,,0,0,1,0,1
2024-06-10,23319.15,23290.15,23259.2,16.4,16.88,0.125,-0.112,1652.95,,0,0,1,0,1
2024-06-11,23283.75,23259.2,23264.85,14.77,16.4,0.106,0.258,1652.95,,0,0,1,0,1
2024-06-12,23344.45,23264.85,23322.95,14.39,14.77,0.342,0.271,1652.95,,1,0,1,0,2
2024-06-13,23480.95,23322.95,23398.9,13.49,14.39,0.677,0.85,1652.95,,1,1,1,0,3
2024-06-14,23464.95,23398.9,23465.6,12.82,13.49,0.282,0.234,1652.95,,0,0,1,0,1
2024-06-18,23570.8,23465.6,23557.9,12.97,12.82,0.448,0.766,1652.95,,1,1,1,0,3
2024-06-19,23629.85,23557.9,23516.0,13.71,12.97,0.305,0.252,1652.95,,1,0,1,0,2
2024-06-20,23586.15,23516.0,23567.0,13.35,13.71,0.298,0.252,1652.95,,0,0,1,0,1
2024-06-21,23661.15,23567.0,23501.1,13.18,13.35,0.4,-0.253,1652.95,,1,0,1,0,2
2024-06-24,23382.3,23501.1,23537.85,14.06,13.18,-0.506,-0.156,1652.95,,-1,0,1,0,0
2024-06-25,23577.1,23537.85,23721.3,14.31,14.06,0.167,-0.307,1652.95,,0,0,1,0,1
2024-06-26,23723.1,23721.3,23868.8,14.05,14.31,0.008,0.393,1652.95,,0,0,1,0,1
2024-06-27,23881.55,23868.8,24044.5,14.15,14.05,0.053,0.157,1652.95,,0,0,1,0,1
2024-06-28,24085.9,24044.5,24010.6,13.8,14.15,0.172,0.091,1652.95,,0,0,1,0,1
2024-07-01,23992.95,24010.6,24141.95,13.83,13.8,-0.074,-0.408,1652.95,,0,0,1,0,1
2024-07-02,24228.75,24141.95,24123.85,13.64,13.83,0.36,0.268,1652.95,,1,0,1,0,2
2024-07-03,24291.75,24123.85,24286.5,13.21,13.64,0.696,0.62,1652.95,,1,1,1,0,3
2024-07-04,24369.95,24286.5,24302.15,12.86,13.21,0.344,0.508,1652.95,,1,1,1,0,3
2024-07-05,24213.35,24302.15,24323.85,12.7,12.86,-0.365,0.508,1652.95,,-1,1,1,0,1
2024-07-08,24329.45,24323.85,24320.55,13.6,12.7,0.023,0.545,1652.95,,0,1,1,0,2
2024-07-09,24351.0,24320.55,24433.2,14.28,13.6,0.125,0.102,1652.95,,0,0,1,0,1
2024-07-10,24459.85,24433.2,24324.45,14.43,14.28,0.109,0.074,1652.95,,0,0,1,0,1
2024-07-11,24396.55,24324.45,24315.95,14.0,14.43,0.296,1.021,1652.95,,0,1,1,0,2
2024-07-12,24387.95,24315.95,24502.15,13.73,14.0,0.296,-0.876,1652.95,,0,-1,1,0,0
2024-07-15,24587.6,24502.15,24586.7,14.19,13.73,0.349,0.552,1652.95,,1,1,1,0,3
2024-07-16,24615.9,24586.7,24613.0,14.22,14.19,0.119,0.283,1652.95,,0,0,1,0,1
2024-07-18,24543.8,24613.0,24800.85,14.51,14.22,-0.281,-1.393,1652.95,,0,-1,1,0,0
2024-07-19,24853.8,24800.85,24530.9,14.83,14.51,0.214,-0.782,1652.95,,0,-1,1,0,0
2024-07-22,24445.75,24530.9,24509.25,15.44,14.83,-0.347,-0.714,1652.95,,-1,-1,1,0,-1
2024-07-23,24568.9,24509.25,24479.05,12.75,15.44,0.243,1.079,1652.95,,0,1,1,0,2
2024-07-24,24444.95,24479.05,24413.5,11.76,12.75,-0.139,-0.156,1652.95,,0,0,1,0,1
2024-07-25,24230.95,24413.5,24406.1,12.62,11.76,-0.748,-2.315,1652.95,,-1,-1,1,0,-1
2024-07-26,24423.35,24406.1,24834.85,12.25,12.62,0.071,-0.514,1652.95,,0,-1,1,0,0
2024-07-29,24943.3,24834.85,24836.1,12.95,12.25,0.437,1.109,1652.95,,1,1,1,0,3
2024-07-30,24839.4,24836.1,24857.3,12.88,12.95,0.013,0.081,1652.95,,0,0,1,0,1
2024-07-31,24886.7,24857.3,24951.15,13.25,12.88,0.118,-0.496,1652.95,,0,0,1,0,1
2024-08-01,25030.95,24951.15,25010.9,12.93,13.25,0.32,1.579,1652.95,,1,1,1,0,3
2024-08-02,24789.0,25010.9,24717.7,14.32,12.93,-0.887,-1.369,1652.95,,-1,-1,1,0,-1
2024-08-05,24302.85,24717.7,24055.6,20.37,14.32,-1.678,-1.838,1652.95,,-1,-1,1,0,-1
2024-08-06,24189.85,24055.6,23992.55,18.74,20.37,0.558,-2.997,1652.95,,1,-1,1,0,1
2024-08-07,24289.4,23992.55,24297.5,16.17,18.74,1.237,1.035,1652.95,,1,1,1,0,3
2024-08-08,24248.55,24297.5,24117.0,16.6,16.17,-0.201,-0.773,1652.95,,0,-1,1,0,0
2024-08-09,24386.85,24117.0,24367.5,15.34,16.6,1.119,2.304,1652.95,,1,1,1,0,3
2024-08-12,24320.05,24367.5,24347.0,15.87,15.34,-0.195,0.467,1652.95,,0,0,1,0,1
2024-08-13,24342.35,24347.0,24139.0,16.17,15.87,-0.019,0.004,1652.95,,0,0,1,0,1
2024-08-14,24184.4,24139.0,24143.75,15.44,16.17,0.188,1.685,1652.95,,0,1,1,0,2
2024-08-16,24334.85,24143.75,24541.15,14.4,15.44,0.792,1.613,1652.95,,1,1,1,0,3
2024-08-19,24636.35,24541.15,24572.65,14.32,14.4,0.388,0.199,1652.95,,1,0,1,0,2
2024-08-20,24648.9,24572.65,24698.85,13.82,14.32,0.31,0.972,1652.95,,1,1,1,0,3
2024-08-21,24680.55,24698.85,24770.2,13.33,13.82,-0.074,-0.198,1652.95,,0,0,1,0,1
2024-08-22,24863.4,24770.2,24811.5,13.0,13.33,0.376,0.424,1652.95,,1,0,1,0,2
2024-08-23,24845.4,24811.5,24823.15,13.55,13.0,0.137,-0.893,1652.95,,0,-1,1,0,0
2024-08-26,24906.1,24823.15,25010.6,13.8,13.55,0.334,1.148,1652.95,,1,1,1,0,3
2024-08-27,25024.8,25010.6,25017.75,13.63,13.8,0.057,-0.315,1652.95,,0,0,1,0,1
2024-08-28,25030.8,25017.75,25052.35,13.95,13.63,0.052,0.16,1652.95,,0,0,1,0,1
2024-08-29,25035.3,25052.35,25151.95,13.79,13.95,-0.068,-0.598,1652.95,,0,-1,1,0,0
2024-08-30,25249.7,25151.95,25235.9,13.39,13.79,0.389,-0.004,1652.95,,1,0,1,0,2
2024-09-02,25333.6,25235.9,25278.7,14.06,13.39,0.387,1.009,1652.95,,1,1,1,0,3
2024-09-03,25313.4,25278.7,25279.85,13.84,14.06,0.137,1.009,1652.95,,0,1,1,0,2
2024-09-04,25089.95,25279.85,25198.7,14.38,13.84,-0.751,-2.115,1652.95,,-1,-1,1,0,-1
2024-09-05,25250.5,25198.7,25145.1,14.21,14.38,0.206,-0.16,1652.95,,0,0,1,0,1
2024-09-06,25093.7,25145.1,24852.15,15.22,14.21,-0.204,-0.302,1652.95,,0,0,1,0,1
2024-09-09,24823.4,24852.15,24936.4,14.24,15.22,-0.116,-1.726,1652.95,,0,-1,1,0,0
2024-09-10,24999.4,24936.4,25041.1,13.36,14.24,0.253,1.158,1652.95,,0,1,1,0,2
2024-09-11,25034.0,25041.1,24918.45,13.63,13.36,-0.028,0.447,1652.95,,0,0,1,0,1
2024-09-12,25059.65,24918.45,25388.9,13.18,13.63,0.567,1.067,1652.95,,1,1,1,0,3
2024-09-13,25430.45,25388.9,25356.5,12.55,13.18,0.164,0.75,1652.95,,0,1,1,0,2
2024-09-16,25406.65,25356.5,25383.75,12.46,12.55,0.198,0.541,1652.95,,0,1,1,0,2
2024-09-17,25416.9,25383.75,25418.55,12.59,12.46,0.131,0.126,1652.95,,0,0,1,0,1
2024-09-18,25402.4,25418.55,25377.55,13.37,12.59,-0.064,0.026,1652.95,,0,0,1,0,1
2024-09-19,25487.05,25377.55,25415.8,12.47,13.37,0.431,-0.29,1652.95,,1,0,1,0,2
2024-09-20,25525.95,25415.8,25790.95,12.79,12.47,0.433,1.698,1652.95,,1,1,1,0,3
2024-09-23,25872.55,25790.95,25939.05,13.79,12.79,0.316,-0.194,1652.95,,1,0,1,0,2
2024-09-24,25921.45,25939.05,25940.4,13.39,13.79,-0.068,0.281,1652.95,,0,0,1,0,1
2024-09-25,25899.45,25940.4,26004.15,12.74,13.39,-0.158,0.251,1652.95,,0,0,1,0,1
2024-09-26,26005.4,26004.15,26216.05,12.0,12.74,0.005,-0.186,1652.95,,0,0,1,0,1
2024-09-27,26248.25,26216.05,26178.95,11.96,12.0,0.123,0.404,1652.95,,0,0,1,0,1
2024-09-30,26061.3,26178.95,25810.85,12.79,11.96,-0.449,-0.125,1652.95,,-1,0,1,0,0
2024-10-01,25788.45,25810.85,25796.9,11.99,12.79,-0.087,0.424,1652.95,,0,0,1,0,1
2024-10-03,25452.85,25796.9,25250.1,13.17,11.99,-1.334,0.014,1652.95,,-1,0,1,0,0
2024-10-04,25181.9,25250.1,25014.6,14.13,13.17,-0.27,-0.168,1652.95,,0,0,1,0,1
2024-10-07,25084.1,25014.6,24795.75,15.08,14.13,0.278,0.897,1652.95,,0,1,1,0,2
2024-10-08,24832.2,24795.75,25013.15,14.59,15.08,0.147,-0.959,1652.95,,0,-1,1,0,0
2024-10-09,25065.8,25013.15,24981.95,14.12,14.59,0.21,0.969,1652.95,,0,1,1,0,2
2024-10-10,25067.05,24981.95,24998.45,13.5,14.12,0.341,0.711,1652.95,,1,1,1,0,3
2024-10-11,24985.3,24998.45,24964.25,13.22,13.5,-0.053,-0.207,1652.95,,0,0,1,0,1
2024-10-14,25023.45,24964.25,25127.95,13.0,13.22,0.237,0.605,1652.95,,0,1,1,0,2
2024-10-15,25186.3,25127.95,25057.35,13.0,13.0,0.232,0.771,1652.95,,0,1,1,0,2
2024-10-16,25008.55,25057.35,24971.3,13.05,13.0,-0.195,-0.761,1652.95,,0,-1,1,0,0
2024-10-17,25027.4,24971.3,24749.85,13.39,13.05,0.225,0.468,1652.95,,0,0,1,0,1
2024-10-18,24664.95,24749.85,24854.05,13.04,13.39,-0.343,-0.017,1652.95,,-1,0,1,0,0
2024-10-21,24956.15,24854.05,24781.1,13.76,13.04,0.411,0.397,1652.95,,1,0,1,0,2
2024-10-22,24798.65,24781.1,24472.1,14.4,13.76,0.071,-0.182,1652.95,,0,0,1,0,1
2024-10-23,24378.15,24472.1,24435.5,14.62,14.4,-0.384,-0.047,1652.95,,-1,0,1,0,0
2024-10-24,24412.7,24435.5,24399.4,13.97,14.62,-0.093,-0.919,1652.95,,0,-1,1,0,0
2024-10-25,24418.05,24399.4,24180.8,14.63,13.97,0.076,0.215,1652.95,,0,0,1,0,1
2024-10-28,24251.1,24180.8,24339.15,14.29,14.63,0.291,-0.03,1652.95,,0,0,1,0,1
2024-10-29,24328.85,24339.15,24466.85,14.52,14.29,-0.042,0.265,1652.95,,0,0,1,0,1
2024-10-30,24371.45,24466.85,24340.85,15.51,14.52,-0.39,0.161,1652.95,,-1,0,1,0,0
2024-10-31,24349.85,24340.85,24205.35,15.55,15.51,0.037,-0.33,1652.95,,0,0,1,0,1
2024-11-01,24302.75,24205.35,24304.35,15.9,15.55,0.402,-1.861,1652.95,,1,-1,1,0,1
2024-11-04,24315.75,24304.35,23995.35,16.69,15.9,0.047,0.409,1652.95,,0,0,1,0,1
2024-11-05,23916.5,23995.35,24213.3,16.12,16.69,-0.329,-0.281,1652.95,,-1,0,1,0,0
2024-11-06,24308.75,24213.3,24484.05,14.87,16.12,0.394,1.227,1652.95,,1,1,1,0,3
2024-11-07,24489.6,24484.05,24199.35,14.94,14.87,0.023,2.53,1652.95,,0,1,1,0,2
2024-11-08,24207.7,24199.35,24148.2,14.47,14.94,0.035,0.743,1652.95,,0,1,1,0,2
2024-11-11,24087.25,24148.2,24141.3,14.27,14.47,-0.252,0.376,1652.95,,0,0,1,0,1
2024-11-12,24225.8,24141.3,23883.45,14.59,14.27,0.35,0.097,1652.95,,1,0,1,0,2
2024-11-13,23822.45,23883.45,23559.05,15.44,14.59,-0.255,-0.289,1652.95,,0,0,1,0,1
2024-11-14,23542.15,23559.05,23532.7,14.78,15.44,-0.072,0.023,1652.95,,0,0,1,0,1
2024-11-18,23605.3,23532.7,23453.8,15.17,14.78,0.309,-1.32,1652.95,,1,-1,1,0,1
2024-11-19,23529.55,23453.8,23518.5,15.66,15.17,0.323,0.392,1652.95,,1,0,1,0,2
2024-11-21,23488.45,23518.5,23349.9,15.99,15.66,-0.128,0.002,1652.95,,0,0,1,0,1
2024-11-22,23411.8,23349.9,23907.25,16.1,15.99,0.265,0.534,1652.95,,0,1,1,0,2
2024-11-25,24253.55,23907.25,24221.9,15.3,16.1,1.449,0.347,1652.95,,1,0,1,0,2
2024-11-26,24343.3,24221.9,24194.5,15.31,15.3,0.501,0.302,1652.95,,1,0,1,0,2
2024-11-27,24204.8,24194.5,24274.9,14.63,15.31,0.043,0.572,1652.95,,0,1,1,0,2
2024-11-28,24274.15,24274.9,23914.15,15.21,14.63,-0.003,-0.38,1652.95,,0,0,1,0,1
2024-11-29,23927.15,23914.15,24131.1,14.43,15.21,0.054,-0.38,1652.95,,0,0,1,0,1
2024-12-02,24140.85,24131.1,24276.05,14.7,14.43,0.04,0.561,1652.95,,0,1,1,0,2
2024-12-03,24367.5,24276.05,24457.15,14.37,14.7,0.377,0.245,1652.95,,1,0,1,0,2
2024-12-04,24488.75,24457.15,24467.45,14.45,14.37,0.129,0.045,1652.95,,0,0,1,0,1
2024-12-05,24539.15,24467.45,24708.4,14.53,14.45,0.293,0.605,1652.95,,0,1,1,0,2
2024-12-06,24729.45,24708.4,24677.8,14.14,14.53,0.085,-0.187,1652.95,,0,0,1,0,1
2024-12-09,24633.9,24677.8,24619.0,14.11,14.14,-0.178,0.25,1652.95,,0,0,1,0,1
2024-12-10,24652.65,24619.0,24610.05,13.78,14.11,0.137,-0.614,1652.95,,0,-1,1,0,0
2024-12-11,24620.5,24610.05,24641.8,13.27,13.78,0.042,-0.296,1652.95,,0,0,1,0,1
2024-12-12,24604.45,24641.8,24548.7,13.19,13.27,-0.152,0.817,1652.95,,0,1,1,0,2
2024-12-13,24498.35,24548.7,24768.3,13.05,13.19,-0.205,-0.541,1652.95,,0,-1,1,0,0
2024-12-16,24753.4,24768.3,24668.25,14.02,13.05,-0.06,-0.003,1652.95,,0,0,1,0,1
2024-12-17,24584.8,24668.25,24336.0,14.49,14.02,-0.338,0.38,1652.95,,-1,0,1,0,0
2024-12-18,24297.95,24336.0,24198.85,14.37,14.49,-0.156,-0.386,1652.95,,0,0,1,0,1
2024-12-19,23877.15,24198.85,23951.7,14.51,14.37,-1.329,-2.949,1652.95,,-1,-1,1,0,-1
2024-12-20,23960.7,23951.7,23587.5,15.07,14.51,0.038,-0.087,1652.95,,0,0,1,0,1
2024-12-23,23738.2,23587.5,23753.45,13.52,15.07,0.639,1.087,1652.95,,1,1,1,0,3
2024-12-24,23769.1,23753.45,23727.65,13.18,13.52,0.066,0.729,1652.95,,0,1,1,0,2
2024-12-26,23775.8,23727.65,23750.2,14.04,13.18,0.203,1.104,1652.95,,0,1,1,0,2
2024-12-27,23801.4,23750.2,23813.4,13.24,14.04,0.216,-0.041,1652.95,,0,0,1,0,1
2024-12-30,23796.9,23813.4,23644.9,13.97,13.24,-0.069,-1.106,1652.95,,0,-1,1,0,0
2024-12-31,23560.6,23644.9,23644.8,14.45,13.97,-0.357,-1.07,1652.95,,-1,-1,1,0,-1
2025-01-03,24196.4,24188.65,24004.75,13.54,13.74,0.032,-0.222,1652.95,,0,0,1,0,1
2025-01-06,24045.8,24004.75,23616.05,15.65,13.54,0.171,1.26,1652.95,,0,1,1,0,2
2025-01-07,23679.9,23616.05,23707.9,14.66,15.65,0.27,0.554,1652.95,,0,1,1,0,2
2025-01-08,23746.65,23707.9,23688.95,14.47,14.66,0.163,-1.11,1652.95,,0,-1,1,0,0
2025-01-09,23674.75,23688.95,23526.5,14.66,14.47,-0.06,0.156,1652.95,,0,0,1,0,1
2025-01-10,23551.9,23526.5,23431.5,14.92,14.66,0.108,0.156,1652.95,,0,0,1,0,1
2025-01-13,23195.4,23431.5,23085.95,16.0,14.92,-1.008,-1.541,1652.95,,-1,-1,1,0,-1
2025-01-14,23165.9,23085.95,23176.05,15.47,16.0,0.346,0.158,1652.95,,1,0,1,0,2
2025-01-15,23250.45,23176.05,23213.2,15.26,15.47,0.321,0.115,1652.95,,1,0,1,0,2
2025-01-16,23377.25,23213.2,23311.8,15.47,15.26,0.707,1.831,1652.95,,1,1,1,0,3
2025-01-17,23277.1,23311.8,23203.2,15.75,15.47,-0.149,-0.211,1652.95,,0,0,1,0,1
2025-01-20,23290.4,23203.2,23344.75,16.42,15.75,0.376,0.999,1652.95,,1,1,1,0,3
2025-01-21,23421.65,23344.75,23024.65,17.06,16.42,0.329,0.999,1652.95,,1,1,1,0,3
2025-01-22,23099.15,23024.65,23155.35,16.77,17.06,0.324,0.877,1652.95,,1,1,1,0,3
2025-01-23,23128.3,23155.35,23205.35,16.7,16.77,-0.117,0.614,1652.95,,0,1,1,0,2
2025-01-24,23183.9,23205.35,23092.2,16.75,16.7,-0.092,0.531,1652.95,,0,1,1,0,2
2025-01-27,22940.15,23092.2,22829.15,18.13,16.75,-0.658,-0.286,1652.95,,-1,0,1,0,0
2025-01-28,22960.45,22829.15,22957.25,18.2,18.13,0.575,-1.458,1652.95,,1,-1,1,0,1
2025-01-29,23026.75,22957.25,23163.1,18.64,18.2,0.303,0.922,1652.95,,1,1,1,0,3
2025-01-30,23169.5,23163.1,23249.5,17.39,18.64,0.028,-0.468,1652.95,,0,0,1,0,1
2025-01-31,23296.75,23249.5,23508.4,16.25,17.39,0.203,0.528,1652.95,,0,1,1,0,2
2025-02-04,23509.9,23361.05,23739.25,14.02,14.35,0.637,-0.761,1652.95,,1,-1,1,0,1
2025-02-05,23801.75,23739.25,23696.3,14.08,14.02,0.263,0.722,1652.95,,0,1,1,0,2
2025-02-06,23761.95,23696.3,23603.35,14.18,14.08,0.277,0.391,1652.95,,0,0,1,0,1
2025-02-07,23649.5,23603.35,23559.95,13.69,14.18,0.196,0.364,1652.95,,0,0,1,0,1
2025-02-10,23543.8,23559.95,23381.6,14.45,13.69,-0.069,-0.946,1652.95,,0,-1,1,0,0
2025-02-11,23383.55,23381.6,23071.8,14.87,14.45,0.008,0.671,1652.95,,0,1,1,0,2
2025-02-12,23050.8,23071.8,23045.25,14.9,14.87,-0.091,0.034,1652.95,,0,0,1,0,1
2025-02-13,23055.75,23045.25,23031.4,14.96,14.9,0.046,-0.272,1652.95,,0,0,1,0,1
2025-02-14,23096.45,23031.4,22929.25,15.02,14.96,0.282,1.043,1652.95,,0,1,1,0,2
2025-02-17,22809.9,22929.25,22959.5,15.72,15.02,-0.521,-0.007,1652.95,,-1,0,1,0,0
2025-02-18,22963.65,22959.5,22945.3,15.67,15.72,0.018,-0.007,1652.95,,0,0,1,0,1
2025-02-19,22847.25,22945.3,22932.9,15.42,15.67,-0.427,0.244,1652.95,,-1,0,1,0,0
2025-02-20,22821.1,22932.9,22913.15,14.68,15.42,-0.488,0.238,1652.95,,-1,0,1,0,0
2025-02-21,22857.2,22913.15,22795.9,14.53,14.68,-0.244,-0.433,1652.95,,0,0,1,0,1
2025-02-24,22609.35,22795.9,22553.35,14.44,14.53,-0.818,-1.706,1652.95,,-1,-1,1,0,-1
2025-02-25,22516.45,22553.35,22547.55,13.72,14.44,-0.164,-0.497,1652.95,,0,0,1,0,1
2025-02-27,22568.95,22547.55,22545.05,13.31,13.72,0.095,0.014,1652.95,,0,0,1,0,1
2025-02-28,22433.4,22545.05,22124.7,13.91,13.31,-0.495,-1.586,1652.95,,-1,-1,1,0,-1
2025-03-03,22194.55,22124.7,22119.3,13.76,13.91,0.316,1.585,1652.95,,1,1,1,0,3
2025-03-04,21974.45,22119.3,22082.65,13.83,13.76,-0.655,-1.76,1652.95,,-1,-1,1,0,-1
2025-03-05,22073.05,22082.65,22337.3,13.67,13.83,-0.043,-1.223,1652.95,,0,-1,1,0,0
2025-03-06,22476.35,22337.3,22544.7,13.73,13.67,0.622,1.116,1652.95,,1,1,1,0,3
2025-03-07,22508.65,22544.7,22552.5,13.47,13.73,-0.16,-1.782,1652.95,,0,-1,1,0,0
2025-03-10,22521.85,22552.5,22460.3,13.99,13.47,-0.136,0.552,1652.95,,0,1,1,0,2
2025-03-11,22345.95,22460.3,22497.9,14.07,13.99,-0.509,-2.697,1652.95,,-1,-1,1,0,-1
2025-03-12,22536.35,22497.9,22470.5,13.69,14.07,0.171,-0.757,1652.95,,0,-1,1,0,0
2025-03-13,22541.5,22470.5,22397.2,13.28,13.69,0.316,0.489,1652.95,,1,0,1,0,2
2025-03-17,22353.15,22397.2,22508.75,13.42,13.28,-0.197,2.127,1652.95,,0,1,1,0,2
2025-03-18,22662.25,22508.75,22834.3,13.21,13.42,0.682,0.642,1652.95,,1,1,1,0,3
2025-03-19,22874.95,22834.3,22907.6,13.3,13.21,0.178,-1.065,1652.95,,0,-1,1,0,0
2025-03-20,23036.6,22907.6,23190.65,12.6,13.3,0.563,1.08,1652.95,,1,1,1,0,3
2025-03-21,23168.25,23190.65,23350.4,12.58,12.6,-0.097,-0.218,1652.95,,0,0,1,0,1
2025-03-24,23515.4,23350.4,23658.35,13.7,12.58,0.707,0.082,1652.95,,1,0,1,0,2
2025-03-25,23751.5,23658.35,23668.65,13.64,13.7,0.394,1.765,1652.95,,1,1,1,0,3
2025-03-26,23700.95,23668.65,23486.85,13.47,13.64,0.136,0.157,1652.95,,0,0,1,0,1
2025-03-27,23433.95,23486.85,23591.95,13.3,13.47,-0.225,-1.116,1652.95,,0,-1,1,0,0
2025-03-28,23600.4,23591.95,23519.35,12.72,13.3,0.036,-0.331,1652.95,,0,0,1,0,1
2025-04-01,23341.1,23519.35,23165.7,13.78,12.72,-0.758,0.554,1652.95,,-1,1,1,0,1
2025-04-02,23192.6,23165.7,23332.35,13.72,13.78,0.116,0.378,1652.95,,0,0,1,0,1
2025-04-03,23150.3,23332.35,23250.1,13.6,13.72,-0.78,0.673,1652.95,,-1,1,1,0,1
2025-04-04,23190.4,23250.1,22904.45,13.76,13.6,-0.257,-4.84,1652.95,,0,-1,1,0,0
2025-04-07,21758.4,22904.45,22161.6,22.79,13.76,-5.004,-5.975,1652.95,,-1,-1,1,0,-1
2025-04-08,22446.75,22161.6,22535.85,20.44,22.79,1.287,-0.233,1652.95,,1,0,1,0,2
2025-04-09,22460.3,22535.85,22399.15,21.43,20.44,-0.335,-1.57,1652.95,,-1,-1,1,0,-1
2025-04-11,22695.4,22399.15,22828.55,20.11,21.43,1.323,-3.461,1652.95,,1,-1,1,0,1
2025-04-15,23368.35,22828.55,23328.55,16.13,20.11,2.365,0.794,1652.95,,1,1,1,0,3
2025-04-16,23344.1,23328.55,23437.2,15.87,16.13,0.067,-0.173,1652.95,,0,0,1,0,1
2025-04-17,23401.85,23437.2,23851.65,15.47,15.87,-0.151,-2.241,1652.95,,0,-1,1,0,0
2025-04-21,23949.15,23851.65,24125.55,15.52,15.47,0.409,0.133,1652.95,,1,0,1,0,2
2025-04-22,24185.4,24125.55,24167.25,15.23,15.52,0.248,-2.357,1652.95,,0,-1,1,0,0
2025-04-23,24357.6,24167.25,24328.95,15.96,15.23,0.788,2.512,1652.95,,1,1,1,0,3
2025-04-24,24277.9,24328.95,24246.7,16.25,15.96,-0.21,1.666,1652.95,,0,1,1,0,2
2025-04-25,24289.0,24246.7,24039.35,17.16,16.25,0.174,2.026,1652.95,,0,1,1,0,2
2025-04-28,24070.25,24039.35,24328.5,16.94,17.16,0.129,0.737,1652.95,,0,1,1,0,2
2025-04-29,24370.7,24328.5,24335.95,17.37,16.94,0.173,0.064,1652.95,,0,0,1,0,1
2025-04-30,24342.05,24335.95,24334.2,18.22,17.37,0.025,0.58,1652.95,,0,1,1,0,2
2025-05-02,24311.9,24334.2,24346.7,18.26,18.22,-0.092,0.63,1652.95,,0,1,1,0,2
2025-05-05,24419.5,24346.7,24461.15,18.34,18.26,0.299,1.473,1652.95,,0,1,1,0,2
2025-05-06,24500.75,24461.15,24379.6,19.0,18.34,0.162,-0.638,1652.95,,0,-1,1,0,0
2025-05-07,24233.3,24379.6,24414.4,19.06,19.0,-0.6,-0.769,1652.95,,-1,-1,1,0,-1
2025-05-08,24431.5,24414.4,24273.8,21.01,19.06,0.07,0.435,1652.95,,0,0,1,0,1
2025-05-09,23935.75,24273.8,24008.0,21.63,21.01,-1.393,0.58,1652.95,,-1,1,1,0,1
2025-05-12,24420.1,24008.0,24924.7,18.39,21.63,1.717,-0.071,1652.95,,1,0,1,0,2
2025-05-13,24864.05,24924.7,24578.35,18.2,18.39,-0.243,3.256,1652.95,,0,1,1,0,2
2025-05-14,24613.8,24578.35,24666.9,17.23,18.2,0.144,0.725,1652.95,,0,1,1,0,2
2025-05-15,24694.45,24666.9,25062.1,16.89,17.23,0.112,0.102,1652.95,,0,0,1,0,1
2025-05-16,25064.65,25062.1,25019.8,16.55,16.89,0.01,0.413,1652.95,,0,0,1,0,1
2025-05-19,25005.35,25019.8,24945.45,17.36,16.55,-0.058,0.701,1652.95,,0,1,1,0,2
2025-05-20,24996.2,24945.45,24683.9,17.39,17.36,0.203,0.088,1652.95,,0,0,1,0,1
2025-05-21,24744.25,24683.9,24813.45,17.55,17.39,0.244,-0.388,1652.95,,0,0,1,0,1
2025-05-22,24733.95,24813.45,24609.7,17.26,17.55,-0.32,-1.614,1652.95,,-1,-1,1,0,-1
2025-05-23,24639.5,24609.7,24853.15,17.28,17.26,0.121,-0.044,1652.95,,0,0,1,0,1
2025-05-26,24919.35,24853.15,25001.15,18.02,17.28,0.266,-0.671,1652.95,,0,-1,1,0,0
2025-05-27,24956.65,25001.15,24826.2,18.54,18.02,-0.178,-0.671,1652.95,,0,-1,1,0,0
2025-05-28,24832.5,24826.2,24752.45,18.02,18.54,0.025,2.046,1652.95,,0,1,1,0,2
2025-05-29,24825.1,24752.45,24833.6,16.42,18.02,0.294,-0.557,1652.95,,0,-1,1,0,0
2025-05-30,24812.6,24833.6,24750.7,16.08,16.42,-0.085,0.401,1652.95,,0,0,1,0,1
2025-06-02,24669.7,24750.7,24716.6,17.16,16.08,-0.327,-0.008,1652.95,,-1,0,1,0,0
2025-06-03,24786.3,24716.6,24542.5,16.56,17.16,0.282,0.41,1652.95,,0,0,1,0,1
2025-06-04,24560.45,24542.5,24620.2,15.75,16.56,0.073,0.58,1652.95,,0,1,1,0,2
2025-06-05,24691.2,24620.2,24750.9,15.08,15.75,0.288,0.007,1652.95,,0,0,1,0,1
2025-06-06,24748.7,24750.9,25003.05,14.63,15.08,-0.009,-0.528,1652.95,,0,-1,1,0,0
2025-06-09,25160.1,25003.05,25103.2,14.69,14.63,0.628,1.028,1652.95,,1,1,1,0,3
2025-06-10,25196.05,25103.2,25104.25,14.02,14.69,0.37,0.092,1652.95,,1,0,1,0,2
2025-06-11,25134.15,25104.25,25141.4,13.67,14.02,0.119,0.548,1652.95,,0,1,1,0,2
2025-06-12,25164.45,25141.4,24888.2,14.02,13.67,0.092,-0.274,1652.95,,0,0,1,0,1
2025-06-13,24473.0,24888.2,24718.6,15.08,14.02,-1.668,0.382,1652.95,,-1,0,1,0,0
2025-06-16,24732.35,24718.6,24946.5,14.84,15.08,0.056,-1.13,1652.95,,0,-1,1,0,0
2025-06-17,24977.85,24946.5,24853.4,14.4,14.84,0.126,0.939,1652.95,,0,1,1,0,2
2025-06-18,24788.35,24853.4,24812.05,14.28,14.4,-0.262,-0.835,1652.95,,0,-1,1,0,0
2025-06-19,24803.25,24812.05,24793.25,14.26,14.28,-0.035,-0.031,1652.95,,0,0,1,0,1
2025-06-20,24787.65,24793.25,25112.4,13.67,14.26,-0.023,-0.031,1652.95,,0,0,1,0,1
2025-06-23,24939.75,25112.4,24971.9,14.05,13.67,-0.688,-0.218,1652.95,,-1,0,1,0,0
2025-06-24,25179.9,24971.9,25044.35,13.64,14.05,0.833,0.961,1652.95,,1,1,1,0,3
2025-06-25,25150.35,25044.35,25244.75,12.96,13.64,0.423,1.112,1652.95,,1,1,1,0,3
2025-06-26,25268.95,25244.75,25549.0,12.59,12.96,0.096,-0.0,1652.95,,0,0,1,0,1
2025-06-27,25576.65,25549.0,25637.8,12.39,12.59,0.108,0.802,1652.95,,0,1,1,0,2
2025-06-30,25661.65,25637.8,25517.05,12.79,12.39,0.093,0.522,1652.95,,0,1,1,0,2
2025-07-01,25551.35,25517.05,25541.8,12.53,12.79,0.134,0.516,1652.95,,0,1,1,0,2
2025-07-02,25588.3,25541.8,25453.4,12.45,12.53,0.182,-0.112,1652.95,,0,0,1,0,1
2025-07-03,25505.1,25453.4,25405.3,12.39,12.45,0.203,0.475,1652.95,,0,0,1,0,1
2025-07-04,25428.85,25405.3,25461.0,12.32,12.39,0.093,0.834,1652.95,,0,1,1,0,2
2025-07-07,25450.45,25461.0,25461.3,12.56,12.32,-0.041,0.834,1652.95,,0,1,1,0,2
2025-07-08,25427.85,25461.3,25522.5,12.2,12.56,-0.131,-0.786,1652.95,,0,-1,1,0,0
2025-07-09,25514.6,25522.5,25476.1,11.94,12.2,-0.031,-0.072,1652.95,,0,0,1,0,1
2025-07-10,25511.65,25476.1,25355.25,11.67,11.94,0.14,0.606,1652.95,,0,1,1,0,2
2025-07-11,25255.5,25355.25,25149.85,11.82,11.67,-0.393,0.275,1652.95,,-1,0,1,0,0
2025-07-14,25149.5,25149.85,25082.3,11.98,11.82,-0.001,-0.33,1652.95,,0,0,1,0,1
2025-07-15,25089.5,25082.3,25195.8,11.48,11.98,0.029,0.141,1652.95,,0,0,1,0,1
2025-07-16,25196.6,25195.8,25212.05,11.24,11.48,0.003,-0.396,1652.95,,0,0,1,0,1
2025-07-17,25230.75,25212.05,25111.45,11.24,11.24,0.074,0.319,1652.95,,0,0,1,0,1
2025-07-18,25108.55,25111.45,24968.4,11.39,11.24,-0.012,0.537,1652.95,,0,1,1,0,2
2025-07-21,24999.0,24968.4,25090.7,11.2,11.39,0.123,-0.009,1652.95,,0,0,1,0,1
2025-07-22,25166.65,25090.7,25060.9,10.75,11.2,0.303,0.14,1652.95,,1,0,1,0,2
2025-07-23,25139.35,25060.9,25219.9,10.52,10.75,0.313,0.064,1652.95,,1,0,1,0,2
2025-07-24,25243.3,25219.9,25062.1,10.72,10.52,0.093,0.781,1652.95,,0,1,1,0,2
2025-07-25,25010.35,25062.1,24837.0,11.28,10.72,-0.206,0.07,1652.95,,0,0,1,0,1
2025-07-28,24782.45,24837.0,24680.9,12.06,11.28,-0.22,0.397,1652.95,,0,0,1,0,1
2025-07-29,24609.65,24680.9,24821.1,11.53,12.06,-0.289,0.018,1652.95,,0,0,1,0,1
2025-07-30,24890.4,24821.1,24855.05,11.21,11.53,0.279,-0.296,1652.95,,0,0,1,0,1
2025-07-31,24642.25,24855.05,24768.35,11.54,11.21,-0.856,-0.125,1652.95,,-1,0,1,0,0
2025-08-01,24734.9,24768.35,24565.35,11.98,11.54,-0.135,-0.369,1652.95,,0,0,1,0,1
2025-08-04,24596.05,24565.35,24722.75,11.97,11.98,0.125,-1.599,1652.95,,0,-1,1,0,0
2025-08-05,24720.25,24722.75,24649.55,11.71,11.97,-0.01,1.474,1652.95,,0,1,1,0,2
2025-08-06,24641.35,24649.55,24574.2,11.96,11.71,-0.033,-0.486,1652.95,,0,0,1,0,1
2025-08-07,24464.2,24574.2,24596.15,11.69,11.96,-0.448,0.728,1652.95,,-1,1,1,0,1
2025-08-08,24544.25,24596.15,24363.3,12.03,11.69,-0.211,-0.08,1652.95,,0,0,1,0,1
2025-08-11,24371.5,24363.3,24585.05,12.22,12.03,0.034,0.78,1652.95,,0,1,1,0,2
2025-08-12,24563.35,24585.05,24487.4,12.23,12.22,-0.088,-0.25,1652.95,,0,0,1,0,1
2025-08-13,24586.2,24487.4,24619.35,12.14,12.23,0.403,1.135,1652.95,,1,1,1,0,3
2025-08-14,24607.25,24619.35,24631.3,12.36,12.14,-0.049,0.323,1652.95,,0,0,1,0,1
2025-08-18,24938.2,24631.3,24876.95,12.34,12.36,1.246,-0.29,1652.95,,1,0,1,0,2
2025-08-19,24891.35,24876.95,24980.65,11.79,12.34,0.058,-0.01,1652.95,,0,0,1,0,1
2025-08-20,24965.8,24980.65,25050.55,11.79,11.79,-0.059,-0.586,1652.95,,0,-1,1,0,0
2025-08-21,25142.0,25050.55,25083.75,11.37,11.79,0.365,-0.243,1652.95,,1,0,1,0,2
2025-08-22,25064.15,25083.75,24870.1,11.73,11.37,-0.078,-0.4,1652.95,,0,0,1,0,1
2025-08-25,24949.15,24870.1,24967.75,11.76,11.73,0.318,1.519,1652.95,,1,1,1,0,3
2025-08-26,24899.5,24967.75,24712.05,12.19,11.76,-0.273,-0.427,1652.95,,0,0,1,0,1
2025-08-28,24695.8,24712.05,24500.9,12.18,12.19,-0.066,0.239,1652.95,,0,0,1,0,1
2025-08-29,24466.7,24500.9,24426.85,11.75,12.18,-0.14,0.316,1652.95,,0,0,1,0,1
2025-09-01,24432.7,24426.85,24625.05,11.29,11.75,0.024,-0.64,1652.95,,0,-1,1,0,0
2025-09-02,24653.0,24625.05,24579.6,11.4,11.29,0.113,-0.64,1652.95,,0,-1,1,0,0
2025-09-03,24616.5,24579.6,24715.05,10.93,11.4,0.15,-0.692,1652.95,,0,-1,1,0,0
2025-09-04,24980.75,24715.05,24734.3,10.85,10.93,1.075,0.51,1652.95,,1,1,1,0,3
2025-09-05,24818.85,24734.3,24741.0,10.78,10.85,0.342,0.835,1652.95,,1,1,1,0,3
2025-09-08,24802.6,24741.0,24773.15,10.84,10.78,0.249,-0.317,1652.95,,0,0,1,0,1
2025-09-09,24864.1,24773.15,24868.6,10.69,10.84,0.367,0.211,1652.95,,1,0,1,0,2
2025-09-10,24991.0,24868.6,24973.1,10.54,10.69,0.492,0.269,1652.95,,1,0,1,0,2
2025-09-11,24945.5,24973.1,25005.5,10.36,10.54,-0.111,0.298,1652.95,,0,0,1,0,1
2025-09-12,25074.45,25005.5,25114.0,10.12,10.36,0.276,0.849,1652.95,,0,1,1,0,2
2025-09-15,25118.9,25114.0,25069.2,10.4,10.12,0.02,-0.048,1652.95,,0,0,1,0,1
2025-09-16,25073.6,25069.2,25239.1,10.27,10.4,0.018,0.471,1652.95,,0,0,1,0,1
2025-09-17,25276.6,25239.1,25330.25,10.25,10.27,0.149,-0.129,1652.95,,0,0,1,0,1
2025-09-18,25441.05,25330.25,25423.6,9.89,10.25,0.437,-0.097,1652.95,,1,0,1,0,2
2025-09-19,25410.2,25423.6,25327.05,9.97,9.89,-0.053,0.479,1652.95,,0,0,1,0,1
2025-09-22,25238.1,25327.05,25202.35,10.56,9.97,-0.351,0.489,1652.95,,-1,0,1,0,0
2025-09-23,25209.0,25202.35,25169.5,10.63,10.56,0.026,0.441,1652.95,,0,0,1,0,1
2025-09-24,25108.75,25169.5,25056.9,10.52,10.63,-0.241,-0.55,1652.95,,0,-1,1,0,0
2025-09-25,25034.5,25056.9,24890.85,10.78,10.52,-0.089,-0.285,1652.95,,0,0,1,0,1
2025-09-26,24818.55,24890.85,24654.7,11.43,10.78,-0.29,-0.501,1652.95,,0,-1,1,0,0
2025-09-29,24728.55,24654.7,24634.9,11.37,11.43,0.3,0.59,1652.95,,0,1,1,0,2
2025-09-30,24691.95,24634.9,24611.1,11.07,11.37,0.232,0.264,1652.95,,0,0,1,0,1
2025-10-01,24620.55,24611.1,24836.3,10.29,11.07,0.038,0.409,1652.95,,0,0,1,0,1
2025-10-03,24759.55,24836.3,24894.25,10.06,10.29,-0.309,0.062,1652.95,,-1,0,1,0,0
2025-10-06,24916.55,24894.25,25077.65,10.19,10.06,0.09,0.007,1652.95,,0,0,1,0,1
2025-10-07,25085.3,25077.65,25108.3,10.05,10.19,0.031,0.365,1652.95,,0,0,1,0,1
2025-10-08,25079.75,25108.3,25046.15,10.31,10.05,-0.114,-0.381,1652.95,,0,0,1,0,1
2025-10-09,25074.3,25046.15,25181.8,10.12,10.31,0.112,0.583,1652.95,,0,1,1,0,2
2025-10-10,25167.65,25181.8,25285.35,10.1,10.12,-0.056,-0.276,1652.95,,0,0,1,0,1
2025-10-13,25177.3,25285.35,25227.35,11.01,10.1,-0.427,-2.711,1652.95,,-1,-1,1,0,-1
2025-10-14,25277.55,25227.35,25145.5,11.16,11.01,0.199,1.56,1652.95,,0,1,1,0,2
2025-10-15,25181.95,25145.5,25323.55,10.53,11.16,0.145,-0.156,1652.95,,0,0,1,0,1
2025-10-16,25394.9,25323.55,25585.3,10.87,10.53,0.282,0.403,1652.95,,0,0,1,0,1
2025-10-17,25546.85,25585.3,25709.85,11.63,10.87,-0.15,-0.629,1652.95,,0,-1,1,0,0
2025-10-20,25824.6,25709.85,25843.15,11.36,11.63,0.446,0.527,1652.95,,1,1,1,0,3
2025-10-21,25901.2,25843.15,25868.6,11.3,11.36,0.225,1.067,1652.95,,0,1,1,0,2
2025-10-23,26057.2,25868.6,25891.4,11.73,11.3,0.729,-0.534,1652.95,,1,-1,1,0,1
2025-10-24,25935.1,25891.4,25795.15,11.59,11.73,0.169,0.583,1652.95,,0,1,1,0,2
2025-10-27,25843.2,25795.15,25966.05,11.86,11.59,0.186,0.79,1652.95,,0,1,1,0,2
2025-10-28,25939.95,25966.05,25936.2,11.95,11.86,-0.101,1.229,1652.95,,0,1,1,0,2
2025-10-29,25982.0,25936.2,26053.9,11.97,11.95,0.177,0.229,1652.95,,0,0,1,0,1
2025-10-30,25984.4,26053.9,25877.85,12.07,11.97,-0.267,-0.004,1652.95,,0,0,1,0,1
2025-10-31,25863.8,25877.85,25722.1,12.15,12.07,-0.054,-0.99,1652.95,,0,-1,1,0,0
2025-11-03,25696.85,25722.1,25763.35,12.67,12.15,-0.098,0.262,1652.95,,0,0,1,0,1
2025-11-04,25744.75,25763.35,25597.65,12.65,12.67,-0.072,0.172,1652.95,,0,0,1,0,1
2025-11-06,25593.35,25597.65,25509.7,12.41,12.65,-0.017,0.365,1652.95,,0,0,1,0,1
2025-11-07,25433.8,25509.7,25492.3,12.56,12.41,-0.298,-1.118,1652.95,,0,-1,1,0,0
2025-11-10,25503.5,25492.3,25574.35,12.3,12.56,0.044,0.126,1652.95,,0,0,1,0,1
2025-11-11,25617.0,25574.35,25694.95,12.49,12.3,0.167,1.54,1652.95,,0,1,1,0,2
2025-11-12,25834.3,25694.95,25875.8,12.11,12.49,0.542,0.208,1652.95,,1,0,1,0,2
2025-11-13,25906.1,25875.8,25879.15,12.16,12.11,0.117,0.063,1652.95,,0,0,1,0,1
2025-11-14,25767.9,25879.15,25910.05,11.94,12.16,-0.43,-1.656,1652.95,,-1,-1,1,0,-1
2025-11-17,25948.2,25910.05,26013.45,11.79,11.94,0.147,-0.05,1652.95,,0,0,1,0,1
2025-11-18,26021.8,26013.45,25910.05,12.1,11.79,0.032,-0.916,1652.95,,0,-1,1,0,0
2025-11-19,25918.1,25910.05,26052.65,11.97,12.1,0.031,-0.826,1652.95,,0,-1,1,0,0
2025-11-20,26132.1,26052.65,26192.15,12.14,11.97,0.305,0.375,1652.95,,1,0,1,0,2
2025-11-21,26109.55,26192.15,26068.15,13.63,12.14,-0.315,-1.557,1652.95,,-1,-1,1,0,-1
2025-11-24,26122.8,26068.15,25959.5,13.24,13.63,0.21,0.982,1652.95,,0,1,1,0,2
2025-11-25,25998.5,25959.5,25884.8,12.24,13.24,0.15,1.547,1652.95,,0,1,1,0,2
2025-11-26,25842.95,25884.8,26205.3,11.97,12.24,-0.162,0.906,1652.95,,0,1,1,0,2
2025-11-27,26261.25,26205.3,26215.55,11.79,11.97,0.214,0.691,1652.95,,0,1,1,0,2
2025-11-28,26237.45,26215.55,26202.95,11.62,11.79,0.084,0.691,1652.95,,0,1,1,0,2
2025-12-01,26325.8,26202.95,26175.75,11.63,11.62,0.469,0.535,1652.95,,1,1,1,0,3
2025-12-02,26087.95,26175.75,26032.2,11.23,11.63,-0.335,-0.532,1652.95,,-1,-1,1,0,-1
2025-12-03,26004.9,26032.2,25986.0,11.21,11.23,-0.105,0.246,1652.95,,0,0,1,0,1
2025-12-04,25981.85,25986.0,26033.75,10.82,11.21,-0.016,0.298,1652.95,,0,0,1,0,1
2025-12-05,25999.8,26033.75,26186.45,10.32,10.82,-0.13,0.108,1652.95,,0,0,1,0,1
2025-12-08,26159.8,26186.45,25960.55,11.13,10.32,-0.102,0.194,1652.95,,0,0,1,0,1
2025-12-09,25867.1,25960.55,25839.65,10.95,11.13,-0.36,-0.348,1652.95,,-1,0,1,0,0
2025-12-10,25864.05,25839.65,25758.0,10.91,10.95,0.094,-0.088,1652.95,,0,0,1,0,1
2025-12-11,25771.4,25758.0,25898.55,10.4,10.91,0.052,0.675,1652.95,,0,1,1,0,2
2025-12-12,25971.2,25898.55,26046.95,10.11,10.4,0.281,0.208,1652.95,,0,0,1,0,1
2025-12-15,25930.05,26046.95,26027.3,10.25,10.11,-0.449,-1.066,1652.95,,-1,-1,1,0,-1
2025-12-16,25951.5,26027.3,25860.1,10.06,10.25,-0.291,-0.16,1652.95,,0,0,1,0,1
2025-12-17,25902.4,25860.1,25818.55,9.84,10.06,0.164,-0.238,1652.95,,0,0,1,0,1
2025-12-18,25764.7,25818.55,25815.55,9.71,9.84,-0.209,-1.159,1652.95,,0,-1,1,0,0
2025-12-19,25911.5,25815.55,25966.4,9.52,9.71,0.372,0.793,1652.95,,1,1,1,0,3
2025-12-22,26055.85,25966.4,26172.4,9.68,9.52,0.344,0.882,1652.95,,1,1,1,0,3
2025-12-23,26205.2,26172.4,26177.15,9.38,9.68,0.125,0.644,1652.95,,0,1,1,0,2
2025-12-24,26170.65,26177.15,26142.1,9.19,9.38,-0.025,0.455,1652.95,,0,0,1,0,1
2025-12-26,26121.25,26142.1,26042.3,9.15,9.19,-0.08,0.322,1652.95,,0,0,1,0,1
2025-12-29,26063.35,26042.3,25942.1,9.72,9.15,0.081,-0.03,1652.95,,0,0,1,0,1
2025-12-30,25940.9,25942.1,25938.85,9.68,9.72,-0.005,-0.349,1652.95,,0,0,1,0,1
2025-12-31,25971.05,25938.85,26129.6,9.48,9.68,0.124,-0.138,1652.95,,0,0,1,0,1
2026-01-05,26333.7,26328.55,26250.3,10.02,9.45,0.02,0.189,1652.95,,0,0,1,0,1
2026-01-06,26189.7,26250.3,26178.7,10.02,10.02,-0.231,0.635,1652.95,,0,1,1,0,2
2026-01-07,26143.1,26178.7,26140.75,9.95,10.02,-0.136,0.62,1652.95,,0,1,1,0,2
2026-01-08,26106.5,26140.75,25876.85,10.6,9.95,-0.131,-0.344,1652.95,,0,0,1,0,1
2026-01-09,25840.4,25876.85,25683.3,10.93,10.6,-0.141,0.008,1652.95,,0,0,1,0,1
2026-01-12,25669.05,25683.3,25790.25,11.37,10.93,-0.055,0.648,1652.95,,0,1,1,0,2
2026-01-13,25897.35,25790.25,25732.3,11.2,11.37,0.415,0.158,1652.95,,1,0,1,0,2
2026-01-14,25648.55,25732.3,25665.6,11.32,11.2,-0.325,-0.194,1652.95,,-1,0,1,0,0
2026-01-16,25696.05,25665.6,25694.35,11.37,11.32,0.119,0.258,1652.95,,0,0,1,0,1
2026-01-19,25653.1,25694.35,25585.5,11.83,11.37,-0.161,-0.064,1652.95,,0,0,1,0,1
2026-01-20,25580.3,25585.5,25232.5,12.73,11.83,-0.02,-0.064,1652.95,,0,0,1,0,1
2026-01-21,25141.0,25232.5,25157.5,13.78,12.73,-0.363,-2.063,1652.95,,-1,-1,1,0,-1
2026-01-22,25344.15,25157.5,25289.9,13.35,13.78,0.742,1.159,1652.95,,1,1,1,0,3
2026-01-23,25344.6,25289.9,25048.65,14.19,13.35,0.216,0.549,1652.95,,0,1,1,0,2
2026-01-27,25063.35,25048.65,25175.4,14.45,14.19,0.059,0.501,1652.95,,0,1,1,0,2
2026-01-28,25258.85,25175.4,25342.75,13.53,14.45,0.331,0.408,1652.95,,1,0,1,0,2
2026-01-29,25345.0,25342.75,25418.9,13.37,13.53,0.009,-0.008,1652.95,,0,0,1,0,1
2026-01-30,25247.55,25418.9,25320.65,13.63,13.37,-0.674,-0.129,1652.95,,-1,0,1,0,0
2026-02-02,24796.5,25320.65,25088.4,13.87,13.63,-2.07,-0.43,1652.95,,-1,0,1,0,0
2026-02-03,26308.05,25088.4,25727.55,12.9,13.87,4.861,0.539,1652.95,,1,1,1,0,3
2026-02-04,25675.05,25727.55,25776.0,12.25,12.9,-0.204,-0.84,1652.95,,0,-1,1,0,0
2026-02-05,25755.9,25776.0,25642.8,12.17,12.25,-0.078,-0.507,1652.95,,0,-1,1,0,0
2026-02-06,25605.8,25642.8,25693.7,11.94,12.17,-0.144,-1.225,1652.95,,0,-1,1,0,0
2026-02-09,25888.7,25693.7,25867.3,12.19,11.94,0.759,1.97,1652.95,,1,1,1,0,3
2026-02-10,25922.65,25867.3,25935.15,11.67,12.19,0.214,0.469,1652.95,,0,0,1,0,1
2026-02-11,25997.45,25935.15,25953.85,11.55,11.67,0.24,-0.33,1652.95,,0,0,1,0,1
2026-02-12,25906.7,25953.85,25807.2,11.73,11.55,-0.182,-0.005,1652.95,,0,0,1,0,1
2026-02-13,25571.15,25807.2,25471.1,13.29,11.73,-0.915,-1.566,1652.95,,-1,-1,1,0,-1
2026-02-16,25423.6,25471.1,25682.75,13.33,13.29,-0.186,0.05,1652.95,,0,0,1,0,1
2026-02-17,25637.95,25682.75,25725.4,12.67,13.33,-0.174,0.05,1652.95,,0,0,1,0,1
2026-02-18,25752.65,25725.4,25819.35,12.22,12.67,0.106,0.103,1652.95,,0,0,1,0,1
2026-02-19,25873.35,25819.35,25454.35,13.46,12.22,0.209,0.557,1652.95,,0,1,1,0,2
2026-02-20,25406.55,25454.35,25571.25,14.36,13.46,-0.188,-0.282,1652.95,,0,0,1,0,1
2026-02-23,25678.4,25571.25,25713.0,14.17,14.36,0.419,0.694,1652.95,,1,1,1,0,3
2026-02-24,25641.8,25713.0,25424.65,14.15,14.17,-0.277,-1.039,1652.95,,0,-1,1,0,0
2026-02-25,25512.6,25424.65,25482.5,13.49,14.15,0.346,0.765,1652.95,,1,1,1,0,3
2026-02-26,25556.3,25482.5,25496.55,13.06,13.49,0.29,0.814,1652.95,,0,1,1,0,2
2026-02-27,25459.85,25496.55,25178.65,13.7,13.06,-0.144,-0.537,1652.95,,0,-1,1,0,0
2026-03-02,24659.25,25178.65,24865.7,17.13,13.7,-2.063,-0.434,1652.95,,-1,0,1,0,0
2026-03-04,24388.8,24865.7,24480.5,21.14,17.13,-1.918,-0.944,1652.95,,-1,-1,1,0,-1
2026-03-05,24615.95,24480.5,24765.9,17.86,21.14,0.553,0.776,1652.95,,1,1,1,0,3
2026-03-06,24656.4,24765.9,24450.45,19.88,17.86,-0.442,-0.565,1652.95,,-1,-1,1,0,-1
2026-03-09,23868.05,24450.45,24028.05,23.36,19.88,-2.382,-1.328,1652.95,,-1,-1,1,0,-1
2026-03-10,24280.8,24028.05,24261.6,18.91,23.36,1.052,0.83,1652.95,,1,1,1,0,3
2026-03-11,24231.85,24261.6,23866.85,21.06,18.91,-0.123,-0.214,1652.95,,0,0,1,0,1
2026-03-12,23674.85,23866.85,23639.15,21.52,21.06,-0.804,-0.084,1652.95,,-1,0,1,0,0
2026-03-13,23462.5,23639.15,23151.1,22.65,21.52,-0.747,-1.523,1652.95,,-1,-1,1,0,-1
2026-03-16,23116.1,23151.1,23408.8,21.6,22.65,-0.151,-0.606,1652.95,,0,-1,1,0,0
2026-03-17,23493.2,23408.8,23581.15,19.79,21.6,0.361,1.013,1652.95,,1,1,1,0,3
2026-03-18,23632.9,23581.15,23777.8,18.72,19.79,0.219,0.249,1652.95,,0,0,1,0,1
2026-03-19,23197.75,23777.8,23002.15,22.8,18.72,-2.439,-1.361,1652.95,,-1,-1,1,0,-1
2026-03-20,23110.15,23002.15,23114.5,22.81,22.8,0.47,-0.275,1652.95,,1,0,1,0,2
2026-03-23,22824.35,23114.5,22512.65,26.73,22.81,-1.255,-1.514,1652.95,,-1,-1,1,0,-1
2026-03-24,22878.45,22512.65,22912.4,24.74,26.73,1.625,1.145,1652.95,,1,1,1,0,3
2026-03-25,23064.4,22912.4,23306.45,24.64,24.74,0.663,-0.374,1652.95,,1,0,1,0,2
2026-03-27,23173.55,23306.45,22819.6,26.8,24.64,-0.57,-1.741,1652.95,,-1,-1,1,0,-1
2026-03-30,22549.65,22819.6,22331.4,27.89,26.8,-1.183,-1.672,1652.95,,-1,-1,1,0,-1
2026-04-01,22899.0,22331.4,22679.4,25.01,27.89,2.542,2.913,1652.95,,1,1,1,0,3
2026-04-02,22383.4,22679.4,22713.1,25.52,25.01,-1.305,0.717,1652.95,,-1,1,1,0,1
2026-04-06,22780.3,22713.1,22968.25,25.47,25.52,0.296,0.112,1652.95,,0,0,1,0,1
2026-04-07,22838.7,22968.25,23123.65,24.7,25.47,-0.564,0.443,1652.95,,-1,0,1,0,0
2026-04-08,23855.15,23123.65,23997.35,19.7,24.7,3.163,0.076,1652.95,,1,0,1,0,2
2026-04-09,23909.05,23997.35,23775.1,20.43,19.7,-0.368,2.508,1652.95,,-1,1,1,0,1
2026-04-10,23880.55,23775.1,24050.6,18.85,20.43,0.444,0.617,1652.95,,1,1,1,0,3
2026-04-13,23589.6,24050.6,23842.65,20.5,18.85,-1.917,-0.114,1652.95,,-1,0,1,0,0
2026-04-15,24163.8,23842.65,24231.3,18.67,20.5,1.347,1.178,1652.95,,1,1,1,0,3
2026-04-16,24385.2,24231.3,24196.75,18.09,18.67,0.635,0.798,1652.95,,1,1,1,0,3
2026-04-17,24165.9,24196.75,24353.55,17.21,18.09,-0.127,0.261,1652.95,,0,0,1,0,1
2026-04-20,24391.5,24353.55,24364.85,18.79,17.21,0.156,1.204,1652.95,,0,1,1,0,2
2026-04-21,24374.55,24364.85,24576.6,17.53,18.79,0.04,-0.237,1652.95,,0,0,1,0,1
2026-04-22,24470.85,24576.6,24378.1,18.3,17.53,-0.43,-0.635,1652.95,,-1,-1,1,0,-1
2026-04-23,24202.35,24378.1,24173.05,18.59,18.3,-0.721,1.046,1652.95,,-1,1,1,0,1
2026-04-24,24100.55,24173.05,23897.95,19.71,18.59,-0.3,-0.413,1652.95,,0,0,1,0,1
2026-04-27,23945.45,23897.95,24092.7,18.38,19.71,0.199,0.797,1652.95,,0,1,1,0,2
2026-04-28,24049.9,24092.7,23995.7,18.05,18.38,-0.178,0.123,1652.95,,0,0,1,0,1
2026-04-29,24096.9,23995.7,24177.65,17.44,18.05,0.422,-0.489,1652.95,,1,0,1,0,2
2026-04-30,23996.95,24177.65,23997.55,18.46,17.44,-0.747,-0.04,1652.95,,-1,0,1,0,0
2026-05-04,24063.55,23997.55,24119.3,18.3,18.46,0.275,0.293,1652.95,,0,0,1,0,1
2026-05-05,24052.6,24119.3,24032.8,17.91,18.3,-0.277,-0.406,1652.95,,0,0,1,0,1
2026-05-06,24171.0,24032.8,24330.95,16.68,17.91,0.575,0.812,1652.95,,1,1,1,0,3
2026-05-07,24398.5,24330.95,24326.65,16.62,16.68,0.278,1.459,1652.95,,0,1,1,0,2
2026-05-08,24233.65,24326.65,24176.15,16.84,16.62,-0.382,-0.38,1652.95,,-1,0,1,0,0
2026-05-11,23970.1,24176.15,23815.85,18.55,16.84,-0.852,0.843,1652.95,,-1,1,1,0,1
2026-05-12,23722.6,23815.85,23379.55,19.28,18.55,-0.392,0.188,1652.95,,-1,0,1,0,0
2026-05-13,23362.45,23379.55,23412.6,19.43,19.28,-0.073,-0.16,1652.95,,0,0,1,0,1
2026-05-14,23530.25,23412.6,23689.6,18.61,19.43,0.503,0.585,1652.95,,1,1,1,0,3
2026-05-15,23731.4,23689.6,23643.5,18.79,18.61,0.176,0.766,1652.95,,0,1,1,0,2
2026-05-18,23482.2,23643.5,23649.95,19.63,18.79,-0.682,-1.236,1652.95,,-1,-1,1,0,-1
2026-05-19,23675.3,23649.95,23618.0,18.68,19.63,0.107,-0.074,1652.95,,0,0,1,0,1
2026-05-20,23457.25,23618.0,23659.0,18.44,18.68,-0.681,-0.668,1652.95,,-1,-1,1,0,-1
2026-05-21,23830.05,23659.0,23654.7,17.82,18.44,0.723,1.079,1652.95,,1,1,1,0,3
2026-05-22,23671.2,23654.7,23719.3,17.91,17.82,0.07,0.172,1652.95,,0,0,1,0,1
2026-05-25,23940.25,23719.3,24031.7,16.7,17.91,0.932,0.373,1652.95,,1,0,1,0,2
2026-05-26,24004.1,24031.7,23913.7,16.13,16.7,-0.115,0.373,1652.95,,0,0,1,0,1
2026-05-27,23880.35,23913.7,23907.15,14.98,16.13,-0.139,0.611,1652.95,,0,1,1,0,2
2026-05-29,23902.15,23907.15,23547.75,16.19,14.98,-0.021,0.575,1652.95,,0,1,1,0,2
2026-06-01,23654.5,23547.75,23382.6,16.54,16.19,0.453,0.217,1652.95,,1,0,1,0,2
2026-06-02,23229.15,23382.6,23483.55,15.36,16.54,-0.656,0.263,1652.95,,-1,0,1,0,0
2026-06-03,23415.95,23483.55,23405.6,16.28,15.36,-0.288,0.129,1652.95,,0,0,1,0,1
2026-06-04,23282.45,23405.6,23416.55,15.89,16.28,-0.526,-0.737,1652.95,,-1,-1,1,0,-1
2026-06-05,23478.95,23416.55,23366.7,15.79,15.89,0.266,0.405,1652.95,,0,0,1,0,1
2026-06-08,23080.7,23366.7,23123.0,17.03,15.79,-1.224,-2.645,1652.95,,-1,-1,1,0,-1
2026-06-09,23259.05,23123.0,23242.1,15.58,17.03,0.588,0.298,1652.95,,1,0,1,0,2
2026-06-10,23233.95,23242.1,23214.95,15.63,15.58,-0.035,-0.258,1652.95,,0,0,1,0,1
2026-06-11,23104.4,23214.95,23161.6,15.61,15.63,-0.476,-1.62,1652.95,,-1,-1,1,0,-1
2026-06-12,23412.55,23161.6,23622.9,14.72,15.61,1.083,1.752,1652.95,,1,1,1,0,3
2026-06-15,23984.85,23622.9,23853.9,14.35,14.72,1.532,0.503,1652.95,,1,1,1,0,3
2026-06-16,23923.9,23853.9,23989.15,13.36,14.35,0.293,1.653,1652.95,,0,1,1,0,2
2026-06-17,24044.5,23989.15,24085.7,13.19,13.36,0.231,-0.568,1652.95,,0,-1,1,0,0
2026-06-18,24073.8,24085.7,24168.0,12.67,13.19,-0.049,-1.215,1652.95,,0,-1,1,0,0
2026-06-19,23991.2,24168.0,24013.1,12.97,12.67,-0.732,1.085,1652.95,,-1,1,1,0,1
2026-06-22,24106.6,24013.1,24102.9,12.84,12.97,0.389,1.085,1652.95,,1,1,1,0,3
2026-06-23,24071.3,24102.9,23824.1,13.94,12.84,-0.131,-0.371,1652.95,,0,0,1,0,1
2026-06-24,23795.8,23824.1,24021.65,13.39,13.94,-0.119,-1.436,1652.95,,0,-1,1,0,0
2026-06-25,24125.85,24021.65,24056.0,13.05,13.39,0.434,-0.098,1652.95,,1,0,1,0,2
2026-06-29,24061.75,24056.0,23946.25,13.61,13.05,0.024,-0.047,1652.95,,0,0,1,0,1
2026-06-30,24032.05,23946.25,23865.75,13.6,13.61,0.358,1.175,1652.95,,1,1,1,0,3
2026-07-01,23897.65,23865.75,24005.85,13.24,13.6,0.134,0.792,1652.95,,0,1,1,0,2
2026-07-02,24062.2,24005.85,24175.7,12.29,13.24,0.235,-0.215,1652.95,,0,0,1,0,1
2026-07-03,24375.65,24175.7,24270.85,11.8,12.29,0.827,0.0,1652.95,,1,0,1,0,2
2026-07-06,24306.85,24270.85,24430.35,11.82,11.8,0.148,0.0,1652.95,,0,0,1,0,1
2026-07-07,24464.45,24430.35,24398.7,11.65,11.82,0.14,0.724,1652.95,,0,1,1,0,2
2026-07-08,24259.55,24398.7,23882.05,14.68,11.65,-0.57,-0.446,1652.95,,-1,0,1,0,0
2026-07-09,23928.95,23882.05,23962.8,13.36,14.68,0.196,-0.282,1652.95,,0,0,1,0,1
2026-07-10,24124.7,23962.8,24206.9,12.25,13.36,0.676,0.814,1652.95,,1,1,1,0,3
2026-07-13,24039.4,24206.9,24211.0,13.28,12.25,-0.692,0.421,1652.95,,-1,0,1,0,0
2026-07-14,24068.0,24211.0,24052.05,13.75,13.28,-0.591,-0.793,1652.95,,-1,-1,1,0,-1
2026-07-15,24085.85,24052.05,24078.5,13.27,13.75,0.141,0.376,1652.95,,0,0,1,0,1
2026-07-16,24142.1,24078.5,24072.75,12.88,13.27,0.264,0.382,1652.95,,0,0,1,0,1
2026-07-17,24127.6,24072.75,24334.3,13.15,12.88,0.228,-0.51,1652.95,,0,-1,1,0,0
2026-07-20,24190.05,24334.3,24238.5,12.98,13.15,-0.593,-1.01,1652.95,,-1,-1,1,0,-1
2026-07-21,24216.05,24238.5,24187.7,12.6,12.98,-0.093,-0.193,1652.95,,0,0,1,0,1
2026-07-22,24150.45,24187.7,23996.25,13.29,12.6,-0.154,0.886,1652.95,,0,1,1,0,2
2026-07-23,23904.8,23996.25,23869.6,13.48,13.29,-0.381,-0.136,1652.95,,-1,0,1,0,0
2026-07-24,23666.35,23869.6,23767.45,14.03,13.48,-0.852,-1.209,1652.95,,-1,-1,1,0,-1
