date,open,prev_close,close,vix_close,vix_prev,gap_pct,us_pct,fii_net,pcr,sig_gap,sig_us,sig_fii,sig_pcr,morning_score
2019-02-12,26259.25,26240.0,26094.4,15.75,15.84,0.073,,-125.05,,0,0,0,0,0
2019-02-14,25767.9,26094.4,25945.7,15.77,15.75,-1.251,0.302,-676.63,,-1,0,0,0,-1
2019-02-15,25911.55,25945.7,25500.6,16.46,15.77,-0.132,-0.265,-250.23,,0,0,0,0,0
2019-02-18,25490.0,25500.6,25296.45,18.0,16.46,-0.042,1.088,-966.43,,0,1,0,0,1
2019-02-19,25310.65,25296.45,25337.5,18.47,18.0,0.056,1.088,-1239.79,,0,1,-1,0,0
2019-02-20,25434.1,25337.5,25677.3,17.06,18.47,0.381,0.15,-813.76,,1,0,0,0,1
2019-02-21,25724.95,25677.3,25896.95,16.05,17.06,0.186,0.178,713.47,,0,0,0,0,0
2019-02-22,25930.2,25896.95,26097.55,15.45,16.05,0.128,-0.353,55.48,,0,0,0,0,0
2019-02-25,26179.05,26097.55,26212.65,15.36,15.45,0.312,0.641,6311.01,,1,1,1,0,3
2019-02-26,26006.35,26212.65,26199.65,17.11,15.36,-0.787,0.123,2134.35,,-1,0,1,0,0
2019-02-27,26301.65,26199.65,26310.85,18.9,17.11,0.389,-0.079,1674.17,,1,0,1,0,2
2019-02-28,26415.35,26310.85,26514.45,18.28,18.9,0.397,-0.054,423.04,,1,0,0,0,1
2019-03-01,26613.55,26514.45,26847.9,16.27,18.28,0.374,-0.283,3210.6,,1,0,1,0,2
2019-03-05,26884.0,26847.9,27347.05,15.66,16.27,0.134,-0.388,198.38,,0,0,0,0,0
2019-03-06,27500.5,27347.05,27558.1,15.61,15.66,0.561,-0.113,751.92,,1,0,0,0,1
2019-03-07,27598.55,27558.1,27429.5,15.29,15.61,0.147,-0.652,1130.78,,0,-1,1,0,0
2019-03-08,27401.75,27429.5,27458.2,14.94,15.29,-0.101,-0.813,1137.85,,0,-1,1,0,0
2019-03-11,27573.25,27458.2,28087.55,14.9,14.94,0.419,-0.213,1095.06,,1,0,1,0,2
2019-03-12,28261.15,28087.55,28208.3,15.1,14.9,0.618,1.467,3810.6,,1,1,1,0,3
2019-03-13,28269.65,28208.3,28047.85,15.28,15.1,0.217,0.295,2477.72,,0,0,1,0,1
2019-03-14,28104.4,28047.85,27942.1,15.15,15.28,0.202,0.695,2722.28,,0,1,1,0,2
2019-03-15,27983.5,27942.1,27907.65,15.87,15.15,0.148,-0.087,1482.99,,0,0,1,0,1
2019-03-18,27995.55,27907.65,27970.7,16.9,15.87,0.315,0.498,4323.49,,1,0,1,0,2
2019-03-19,28066.65,27970.7,28058.65,16.49,16.9,0.343,0.371,1822.99,,1,0,1,0,2
2019-03-20,28110.15,28058.65,27964.1,16.03,16.49,0.184,-0.013,2132.36,,0,0,1,0,1
2019-03-22,27965.15,27964.1,27760.0,16.27,16.03,0.004,1.085,1771.61,,0,1,1,0,2
2019-03-25,27606.7,27760.0,27423.25,16.67,16.27,-0.552,-1.897,1374.57,,-1,-1,1,0,-1
2019-03-26,27497.2,27423.25,27681.75,16.49,16.67,0.27,-0.084,150.4,,0,0,0,0,0
2019-03-27,27806.65,27681.75,27623.2,17.05,16.49,0.451,0.718,999.02,,1,1,0,0,2
2019-03-28,27664.65,27623.2,27873.05,16.65,17.05,0.15,-0.464,1481.11,,0,0,1,0,1
2019-04-01,28450.65,27873.05,28334.0,18.01,16.65,2.072,0.673,-86.21,,1,1,0,0,2
2019-04-02,28398.85,28334.0,28137.0,18.08,18.01,0.229,1.157,898.79,,0,1,0,0,1
2019-04-03,28238.7,28137.0,28033.15,18.78,18.08,0.361,0.002,543.36,,1,0,0,0,1
2019-04-04,28119.5,28033.15,28020.55,18.65,18.78,0.308,0.215,-1040.48,,1,0,-1,0,0
2019-04-05,28111.3,28020.55,28143.05,18.39,18.65,0.324,0.208,-226.19,,1,0,0,0,1
2019-04-08,28182.35,28143.05,28039.3,20.15,18.39,0.14,0.464,797.9,,0,0,0,0,0
2019-04-09,28068.25,28039.3,28146.45,20.28,20.15,0.103,0.105,329.6,,0,0,0,0,0
2019-04-10,28137.25,28146.45,28056.8,21.13,20.28,-0.033,-0.607,1212.35,,0,-1,1,0,0
2019-04-11,28069.8,28056.8,28148.55,20.96,21.13,0.046,0.348,1429.92,,0,0,1,0,1
2019-04-12,28171.6,28148.55,28271.1,21.0,20.96,0.082,0.004,476.51,,0,0,0,0,0
2019-04-15,28351.35,28271.1,28389.5,21.39,21.0,0.284,0.661,897.45,,0,1,0,0,1
2019-04-16,28482.05,28389.5,28542.45,21.69,21.39,0.326,-0.063,713.22,,1,0,0,0,1
2019-04-18,28593.75,28542.45,28419.55,22.74,21.69,0.18,-0.227,1038.58,,0,0,1,0,1
2019-04-22,28317.15,28419.55,27907.25,24.05,22.74,-0.36,0.158,1038.46,,-1,0,1,0,0
2019-04-23,27967.55,27907.25,27874.85,24.65,24.05,0.216,0.101,73.08,,0,0,0,0,0
2019-04-24,27885.55,27874.85,28057.85,23.71,24.65,0.038,0.884,-237.47,,0,1,0,0,1
2019-04-25,28093.65,28057.85,27914.95,23.23,23.71,0.128,-0.219,974.88,,0,0,0,0,0
2019-04-26,28015.6,27914.95,27921.05,21.72,23.23,0.361,-0.037,3785.73,,1,0,1,0,2
2019-04-30,27888.55,27921.05,27800.25,21.83,21.72,-0.116,0.107,-70.73,,0,0,0,0,0
2019-05-02,27750.4,27800.25,27659.1,22.98,21.83,-0.179,-0.75,114.59,,0,-1,0,0,-1
2019-05-03,27656.3,27659.1,27537.75,24.03,22.98,-0.01,-0.212,597.54,,0,0,0,0,0
2019-05-06,27345.95,27537.75,27202.9,26.43,24.03,-0.697,0.964,-400.68,,-1,1,0,0,0
2019-05-07,27294.65,27202.9,27020.4,26.48,26.43,0.337,-0.447,-948.98,,1,0,0,0,1
2019-05-08,26983.05,27020.4,26707.75,26.37,26.48,-0.138,-1.651,-645.08,,0,-1,0,0,-1
2019-05-09,26649.25,26707.75,26632.6,25.49,26.37,-0.219,-0.161,-701.5,,0,0,0,0,0
2019-05-10,26643.35,26632.6,26558.95,26.34,25.49,0.04,-0.302,-655.36,,0,0,0,0,0
2019-05-13,26507.4,26558.95,26074.6,27.38,26.34,-0.194,0.372,-1245.14,,0,0,-1,0,-1
2019-05-14,26026.75,26074.6,26130.0,27.13,27.38,-0.184,-2.413,-1056.01,,0,-1,-1,0,-2
2019-05-15,26161.4,26130.0,26015.45,28.66,27.13,0.12,0.802,-2011.85,,0,1,-1,0,0
2019-05-16,26013.1,26015.45,26004.7,28.37,28.66,-0.009,0.584,-1142.44,,0,1,-1,0,0
2019-05-17,25984.55,26004.7,26226.5,28.08,28.37,-0.077,0.89,-953.23,,0,1,0,0,1
2019-05-20,26828.95,26226.5,27081.4,23.68,28.08,2.297,-0.584,-1057.82,,1,-1,-1,0,-1
2019-05-21,27180.4,27081.4,26859.05,25.65,23.68,0.366,-0.675,1734.45,,1,-1,1,0,1
2019-05-22,26927.15,26859.05,26848.05,27.63,25.65,0.254,0.85,1185.44,,0,1,1,0,2
2019-05-23,27203.55,26848.05,26947.1,19.41,27.63,1.324,-0.282,-965.02,,1,0,0,0,1
2019-05-24,27080.0,26947.1,27572.65,16.47,19.41,0.493,-1.191,1352.2,,1,-1,1,0,1
2019-05-27,27496.55,27572.65,27719.9,16.19,16.47,-0.276,0.135,2026.33,,0,0,1,0,1
2019-05-28,27838.8,27719.9,27824.75,15.92,16.19,0.429,0.135,1215.36,,1,0,1,0,2
2019-05-29,27860.1,27824.75,27625.35,16.41,15.92,0.127,-0.838,-501.11,,0,-1,0,0,-1
2019-05-30,27670.05,27625.35,27648.55,15.61,16.41,0.162,-0.691,-304.27,,0,-1,0,0,-1
2019-05-31,27772.0,27648.55,27839.5,16.07,15.61,0.446,0.21,1664.74,,1,0,1,0,2
2019-06-03,27943.95,27839.5,28143.05,15.97,16.07,0.375,-1.32,676.15,,1,-1,0,0,0
2019-06-04,28080.5,28143.05,27970.1,15.63,15.97,-0.222,-0.277,3068.88,,0,0,1,0,1
2019-06-06,28029.9,27970.1,27374.15,15.53,15.63,0.214,0.816,-416.08,,0,1,0,0,1
2019-06-07,27370.5,27374.15,27382.75,14.86,15.53,-0.013,0.614,-1448.99,,0,1,-1,0,0
2019-06-10,27490.2,27382.75,27456.4,14.98,14.86,0.392,1.05,-478.84,,1,1,0,0,2
2019-06-11,27508.75,27456.4,27613.2,14.49,14.98,0.191,0.466,216.2,,0,0,0,0,0
2019-06-12,27599.05,27613.2,27395.25,14.12,14.49,-0.051,-0.035,95.79,,0,0,0,0,0
2019-06-13,27383.7,27395.25,27379.2,13.66,14.12,-0.042,-0.204,-1050.43,,0,0,-1,0,-1
2019-06-14,27371.85,27379.2,27093.0,13.9,13.66,-0.027,0.41,172.35,,0,0,0,0,0
2019-06-17,27072.15,27093.0,26672.3,14.65,13.9,-0.077,-0.161,-238.64,,0,0,0,0,0
2019-06-18,26691.6,26672.3,26705.0,14.6,14.65,0.072,0.093,-331.27,,0,0,0,0,0
2019-06-19,26809.9,26705.0,26551.8,14.73,14.6,0.393,0.972,31.73,,1,1,0,0,2
2019-06-20,26522.5,26551.8,26998.15,14.0,14.73,-0.11,0.299,-97.05,,0,0,0,0,0
2019-06-21,26930.45,26998.15,26926.2,14.61,14.0,-0.251,0.947,-438.41,,0,1,0,0,1
2019-06-24,26981.7,26926.2,26960.25,15.22,14.61,0.206,-0.126,-730.58,,0,0,0,0,0
2019-06-25,26886.9,26960.25,27028.45,15.01,15.22,-0.272,-0.173,207.33,,0,0,0,0,0
2019-06-26,26981.1,27028.45,27246.3,14.75,15.01,-0.175,-0.95,1157.87,,0,-1,1,0,0
2019-06-27,27269.5,27246.3,27381.35,14.65,14.75,0.085,-0.123,106.26,,0,0,0,0,0
2019-06-28,27431.4,27381.35,27332.5,14.95,14.65,0.183,0.382,-0.71,,0,0,0,0,0
2019-07-01,27436.85,27332.5,27471.75,14.6,14.95,0.382,0.576,-513.91,,1,1,0,0,2
2019-07-02,27547.95,27471.75,27562.85,14.25,14.6,0.277,0.767,426.53,,0,1,0,0,1
2019-07-03,27642.35,27562.85,27704.9,13.7,14.25,0.288,0.293,-512.0,,0,0,0,0,0
2019-07-05,27820.55,27704.9,27378.0,13.07,13.7,0.417,0.767,-28.95,,1,1,0,0,2
2019-07-08,27206.8,27378.0,26810.65,13.85,13.07,-0.625,-0.181,-89.38,,-1,0,0,0,-1
2019-07-09,26806.85,26810.65,26953.15,13.69,13.85,-0.014,-0.484,-401.99,,0,0,0,0,0
2019-07-10,26897.2,26953.15,26739.5,13.64,13.69,-0.208,0.124,-674.26,,0,0,0,0,0
2019-07-11,26858.25,26739.5,26932.1,12.47,13.64,0.444,0.451,-604.94,,1,0,0,0,1
2019-07-12,26977.75,26932.1,26983.65,12.0,12.47,0.17,0.229,-316.86,,0,0,0,0,0
2019-07-15,27039.6,26983.65,27096.3,12.02,12.0,0.207,0.462,-850.11,,0,0,0,0,0
2019-07-16,27072.45,27096.3,27365.5,11.56,12.02,-0.088,0.018,-216.44,,0,0,0,0,0
2019-07-17,27371.5,27365.5,27428.35,11.8,11.56,0.022,-0.34,-444.99,,0,0,0,0,0
2019-07-18,27410.7,27428.35,27120.05,11.75,11.8,-0.064,-0.653,-16.97,,0,-1,0,0,-1
2019-07-19,27264.6,27120.05,26656.15,12.52,11.75,0.533,0.358,-1404.86,,1,0,-1,0,0
2019-07-22,26615.55,26656.15,26676.1,13.01,12.52,-0.152,-0.618,-950.15,,0,-1,0,0,-1
2019-07-23,26706.25,26676.1,26560.25,13.43,13.01,0.113,0.283,-1916.91,,0,0,-1,0,-1
2019-07-24,26569.9,26560.25,26133.9,12.76,13.43,0.036,0.685,-2607.97,,0,1,-1,0,0
2019-07-25,26221.6,26133.9,26302.15,12.64,12.76,0.336,0.469,-1393.71,,1,0,-1,0,0
2019-07-26,26342.35,26302.15,26553.9,12.13,12.64,0.153,-0.526,-126.65,,0,-1,0,0,-1
2019-07-29,26532.3,26553.9,26197.35,13.06,12.13,-0.081,0.739,-1503.26,,0,1,-1,0,0
2019-07-30,26207.0,26197.35,25838.0,13.61,13.06,0.037,-0.162,-704.42,,0,0,0,0,0
2019-07-31,25748.25,25838.0,26071.3,13.59,13.61,-0.347,-0.258,-644.59,,-1,0,0,0,-1
2019-08-01,25957.5,26071.3,25732.95,14.56,13.59,-0.436,-1.089,-1497.07,,-1,-1,-1,0,-3
2019-08-02,25607.4,25732.95,25811.25,15.19,14.56,-0.488,-0.9,-1056.55,,-1,-1,-1,0,-3
2019-08-05,25639.6,25811.25,25601.75,16.59,15.19,-0.665,-0.728,-2888.06,,-1,-1,-1,0,-3
2019-08-06,25502.7,25601.75,25848.5,16.12,16.59,-0.387,-2.978,-2016.73,,-1,-1,-1,0,-3
2019-08-07,25893.6,25848.5,25730.0,16.74,16.12,0.174,1.302,-2107.93,,0,1,-1,0,0
2019-08-08,25875.45,25730.0,26050.65,16.09,16.74,0.565,0.077,-383.66,,1,0,0,0,1
2019-08-09,26159.65,26050.65,26236.6,15.85,16.09,0.418,1.876,-437.39,,1,1,0,0,2
2019-08-13,26228.3,26236.6,25636.1,17.78,15.85,-0.032,-1.232,203.73,,0,-1,0,0,-1
2019-08-14,25659.3,25636.1,25914.0,16.36,17.78,0.091,1.513,-638.28,,0,1,0,0,1
2019-08-16,25837.5,25914.0,25999.6,16.65,16.36,-0.295,0.246,1614.63,,0,0,1,0,1
2019-08-19,26078.4,25999.6,25981.65,16.75,16.65,0.303,1.443,-1339.27,,1,1,-1,0,1
2019-08-20,25842.9,25981.65,25783.45,16.63,16.75,-0.534,1.211,-305.74,,-1,1,0,0,0
2019-08-21,25827.2,25783.45,25482.05,17.02,16.63,0.17,-0.791,373.23,,0,-1,0,0,-1
2019-08-22,25460.85,25482.05,25136.9,17.85,17.02,-0.083,0.825,-770.81,,0,1,0,0,1
2019-08-23,25081.4,25136.9,25345.1,17.35,17.85,-0.221,-0.051,-902.99,,0,0,0,0,0
2019-08-26,25749.0,25345.1,25813.55,16.66,17.35,1.594,-2.595,-1737.2,,1,-1,-1,0,-1
2019-08-27,25929.25,25813.55,26156.25,16.01,16.66,0.448,1.098,-752.9,,1,1,0,0,2
2019-08-28,26204.2,26156.25,26032.15,16.84,16.01,0.183,-0.32,-923.94,,0,0,0,0,0
2019-08-29,25979.6,26032.15,26046.9,16.43,16.84,-0.202,0.655,-935.27,,0,1,0,0,1
2019-08-30,26155.65,26046.9,26405.05,16.28,16.43,0.418,1.269,-986.58,,1,1,0,0,2
2019-09-03,26259.85,26405.05,25834.35,18.06,16.28,-0.55,0.064,1162.95,,-1,0,1,0,0
2019-09-04,25858.55,25834.35,25800.55,17.24,18.06,0.094,-0.69,-2016.2,,0,-1,-1,0,-2
2019-09-05,25878.95,25800.55,25935.05,17.27,17.24,0.304,1.084,-1738.49,,1,1,-1,0,1
2019-09-06,26025.2,25935.05,26053.95,16.27,17.27,0.348,1.301,-561.17,,1,1,0,0,2
2019-09-09,26048.65,26053.95,26141.0,15.85,16.27,-0.02,0.091,-957.05,,0,0,0,0,0
2019-09-11,26184.95,26141.0,26309.65,15.37,15.85,0.168,0.032,-188.08,,0,0,0,0,0
2019-09-12,26380.0,26309.65,26285.0,14.9,15.37,0.267,0.723,266.89,,0,1,0,0,1
2019-09-13,26375.05,26285.0,26460.1,14.12,14.9,0.343,0.288,783.55,,1,0,0,0,1
2019-09-16,26282.15,26460.1,26431.2,14.95,14.12,-0.673,-0.072,-405.45,,-1,0,0,0,-1
2019-09-17,26436.6,26431.2,25987.95,16.02,14.95,0.02,-0.314,-751.26,,0,0,0,0,0
2019-09-18,26127.3,25987.95,26149.9,15.35,16.02,0.536,0.258,-808.29,,1,0,0,0,1
2019-09-19,26178.7,26149.9,25922.1,15.55,15.35,0.11,0.034,-959.09,,0,0,0,0,0
2019-09-20,26026.45,25922.1,27406.85,15.4,15.55,0.403,0.002,-892.52,,1,0,0,0,1
2019-09-23,27841.7,27406.85,27912.35,16.79,15.4,1.587,-0.49,35.78,,1,0,0,0,1
2019-09-24,27972.2,27912.35,27942.55,16.73,16.79,0.214,-0.01,2684.05,,0,0,1,0,1
2019-09-25,27874.15,27942.55,27484.5,16.17,16.73,-0.245,-0.842,-828.49,,0,-1,0,0,-1
2019-09-26,27517.6,27484.5,27811.0,16.34,16.17,0.12,0.616,-342.4,,0,1,0,0,1
2019-09-27,27790.7,27811.0,27818.1,16.11,16.34,-0.073,-0.243,737.17,,0,0,0,0,0
2019-09-30,27794.4,27818.1,27520.3,15.87,16.11,-0.085,-0.532,-213.6,,0,-1,0,0,-1
2019-10-01,27630.5,27520.3,27249.85,16.76,15.87,0.4,0.505,-469.4,,1,1,0,0,2
2019-10-03,27151.6,27249.85,27023.2,17.7,16.76,-0.361,-1.79,-1298.56,,-1,-1,-1,0,-3
2019-10-04,27136.25,27023.2,26681.6,17.58,17.7,0.418,0.797,-810.72,,1,1,0,0,2
2019-10-07,26651.8,26681.6,26295.05,17.83,17.58,-0.112,1.422,-682.93,,0,1,0,0,1
2019-10-09,26320.9,26295.05,26660.3,17.16,17.83,0.098,-1.556,-494.21,,0,-1,0,0,-1
2019-10-10,26575.8,26660.3,26492.85,17.23,17.16,-0.317,0.91,-485.24,,-1,1,0,0,0
2019-10-11,26556.8,26492.85,26598.6,17.14,17.23,0.241,0.642,-263.11,,0,1,0,0,1
2019-10-14,26679.6,26598.6,26791.6,17.43,17.14,0.305,1.094,749.74,,1,1,0,0,2
2019-10-15,26829.75,26791.6,27010.6,16.85,17.43,0.142,-0.139,895.63,,0,0,0,0,0
2019-10-16,27085.1,27010.6,27240.55,16.36,16.85,0.276,0.996,436.02,,0,1,0,0,1
2019-10-17,27275.6,27240.55,27627.6,15.88,16.36,0.129,-0.2,686.33,,0,0,0,0,0
2019-10-18,27665.2,27627.6,28014.15,15.93,15.88,0.136,0.276,1158.63,,0,0,1,0,1
2019-10-22,28088.0,28014.15,28163.95,16.81,15.93,0.264,0.687,36.56,,0,1,0,0,1
2019-10-23,28202.65,28163.95,28140.45,16.54,16.81,0.137,-0.357,-557.5,,0,0,0,0,0
2019-10-24,28220.75,28140.45,28045.25,16.24,16.54,0.285,0.285,-213.23,,0,0,0,0,0
2019-10-25,28054.65,28045.25,27959.55,15.32,16.24,0.034,0.192,-72.87,,0,0,0,0,0
2019-10-29,28105.35,27959.55,28447.6,16.42,15.32,0.521,0.558,6.61,,1,1,0,0,2
2019-10-30,28557.6,28447.6,28636.4,16.66,16.42,0.387,-0.083,876.64,,1,0,0,0,1
2019-10-31,28757.75,28636.4,28722.1,16.28,16.66,0.424,0.325,7192.42,,1,0,1,0,2
2019-11-01,28794.25,28722.1,28706.55,15.73,16.28,0.251,-0.302,1870.87,,0,0,1,0,1
2019-11-04,28760.05,28706.55,28652.9,15.93,15.73,0.186,0.966,533.37,,0,1,0,0,1
2019-11-05,28670.85,28652.9,28442.35,15.92,15.93,0.063,0.37,-138.53,,0,0,0,0,0
2019-11-06,28449.6,28442.35,28534.2,15.78,15.92,0.025,-0.119,473.17,,0,0,0,0,0
2019-11-07,28673.15,28534.2,28686.25,15.21,15.78,0.487,0.07,1011.49,,1,0,1,0,2
2019-11-08,28721.4,28686.25,28387.25,15.86,15.21,0.123,0.273,926.6,,0,0,0,0,0
2019-11-11,28323.9,28387.25,28451.15,16.25,15.86,-0.223,0.256,932.2,,0,0,0,0,0
2019-11-13,28535.85,28451.15,28298.6,16.46,16.25,0.298,0.156,664.2,,0,0,0,0,0
2019-11-14,28324.65,28298.6,28175.6,15.65,16.46,0.092,0.071,664.2,,0,0,0,0,0
2019-11-15,28266.65,28175.6,28195.55,15.03,15.65,0.323,0.084,-562.05,,1,0,0,0,1
2019-11-18,28262.15,28195.55,28154.0,15.76,15.03,0.236,0.77,-1008.37,,0,1,-1,0,0
2019-11-19,28152.1,28154.0,28071.9,15.41,15.76,-0.007,0.05,-270.66,,0,0,0,0,0
2019-11-20,28178.7,28071.9,28245.95,15.16,15.41,0.38,-0.059,-915.37,,1,0,0,0,1
2019-11-21,28360.8,28245.95,28132.6,14.98,15.16,0.407,-0.376,566.52,,1,0,0,0,1
2019-11-22,28157.7,28132.6,28059.2,14.87,14.98,0.089,-0.158,5023.54,,0,0,1,0,1
2019-11-25,28090.05,28059.2,28443.5,15.0,14.87,0.11,0.217,305.72,,0,0,0,0,0
2019-11-26,28554.3,28443.5,28264.05,14.84,15.0,0.39,0.751,960.9,,1,1,0,0,2
2019-11-27,28357.4,28264.05,28468.7,14.62,14.84,0.33,0.22,4677.75,,1,0,1,0,2
2019-11-28,28500.85,28468.7,28765.6,13.99,14.62,0.113,0.417,42.93,,0,0,0,0,0
2019-11-29,28798.05,28765.6,28546.45,13.9,13.99,0.113,0.417,1008.89,,0,0,1,0,1
2019-12-02,28581.05,28546.45,28539.45,14.2,13.9,0.121,-0.401,-1892.29,,0,0,-1,0,-1
2019-12-03,28608.45,28539.45,28333.2,14.56,14.2,0.242,-0.863,-1731.33,,0,-1,-1,0,-2
2019-12-04,28239.1,28333.2,28364.2,13.32,14.56,-0.332,-0.664,-1131.12,,-1,-1,-1,0,-3
2019-12-05,28337.9,28364.2,28145.55,14.31,13.32,-0.093,0.632,-781.06,,0,1,0,0,1
2019-12-06,28221.2,28145.55,27854.05,13.64,14.31,0.269,0.15,653.36,,0,0,0,0,0
2019-12-09,27870.3,27854.05,27758.05,14.6,13.64,0.058,0.914,-867.66,,0,1,0,0,1
2019-12-10,27786.45,27758.05,27463.65,14.29,14.6,0.102,-0.316,459.22,,0,0,0,0,0
2019-12-11,27509.7,27463.65,27594.25,13.38,14.29,0.168,-0.11,-366.79,,0,0,0,0,0
2019-12-12,27734.3,27594.25,27793.8,13.35,13.38,0.508,0.291,605.41,,1,0,0,0,1
2019-12-13,27906.2,27793.8,28076.7,13.3,13.35,0.404,0.858,-683.83,,1,1,0,0,2
2019-12-16,28095.9,28076.7,27915.25,13.42,13.3,0.068,0.007,115.7,,0,0,0,0,0
2019-12-17,27977.4,27915.25,28031.75,12.52,13.42,0.223,0.715,728.13,,0,1,0,0,1
2019-12-18,28086.15,28031.75,28138.2,12.34,12.52,0.194,0.034,1248.47,,0,0,1,0,1
2019-12-19,28154.0,28138.2,28245.3,12.12,12.34,0.056,-0.043,1836.81,,0,0,1,0,1
2019-12-20,28282.25,28245.3,28406.25,12.33,12.12,0.131,0.446,739.43,,0,0,0,0,0
2019-12-23,28383.55,28406.25,28395.75,11.96,12.33,-0.08,0.494,338.86,,0,0,0,0,0
2019-12-24,28423.7,28395.75,28382.85,11.63,11.96,0.098,0.087,1463.28,,0,0,1,0,1
2019-12-26,28409.1,28382.85,28280.25,11.12,11.63,0.092,-0.02,-114.38,,0,0,0,0,0
2019-12-27,28354.5,28280.25,28476.8,10.53,11.12,0.263,0.513,-504.13,,0,1,0,0,1
2019-12-30,28528.95,28476.8,28484.85,11.01,10.53,0.183,0.003,81.37,,0,0,0,0,0
2019-12-31,28495.0,28484.85,28307.55,11.67,11.01,0.036,-0.578,-130.52,,0,-1,0,0,-1
2020-01-02,28325.45,28307.55,28535.4,11.49,11.67,0.063,0.295,-58.87,,0,0,0,0,0
2020-01-03,28493.6,28535.4,28478.95,12.7,11.49,-0.146,0.838,688.76,,0,1,0,0,1
2020-01-06,28316.45,28478.95,27894.9,14.78,12.7,-0.571,-0.706,1263.05,,-1,-1,1,0,-1
2020-01-07,28049.55,27894.9,28101.2,14.61,14.78,0.554,0.353,-103.84,,1,0,0,0,1
2020-01-08,27739.05,28101.2,28113.55,15.64,14.61,-1.289,-0.28,-682.23,,-1,0,0,0,-1
2020-01-09,28397.1,28113.55,28484.3,14.0,15.64,1.009,0.49,-515.85,,1,0,0,0,1
2020-01-10,28556.7,28484.3,28556.05,14.08,14.0,0.254,0.666,-431.11,,0,1,0,0,1
2020-01-13,28669.35,28556.05,28783.55,14.28,14.08,0.397,-0.286,578.28,,1,0,0,0,1
2020-01-14,28836.5,28783.55,28845.25,13.91,14.28,0.184,0.698,68.24,,0,1,0,0,1
2020-01-15,28862.5,28845.25,28957.95,14.12,13.91,0.06,-0.151,-205.56,,0,0,0,0,0
2020-01-16,29068.2,28957.95,28978.6,14.18,14.12,0.381,0.187,279.53,,1,0,0,0,1
2020-01-17,28957.3,28978.6,29034.85,14.13,14.18,-0.073,0.837,-395.24,,0,1,0,0,1
2020-01-20,29122.85,29034.85,28754.45,15.41,14.13,0.303,0.386,264.26,,1,0,0,0,1
2020-01-21,28699.1,28754.45,28617.35,15.86,15.41,-0.192,0.386,5.87,,0,0,0,0,0
2020-01-22,28711.35,28617.35,28593.0,16.36,15.86,0.328,-0.265,-50.08,,1,0,0,0,1
2020-01-23,28638.35,28593.0,28898.3,15.86,16.36,0.159,0.029,-176.43,,0,0,0,0,0
2020-01-24,28888.6,28898.3,29153.75,15.56,15.86,-0.034,0.114,1352.13,,0,0,1,0,1
2020-01-27,29058.75,29153.75,28960.75,17.18,15.56,-0.326,-0.904,659.11,,-1,-1,0,0,-2
2020-01-28,29034.75,28960.75,28888.75,17.3,17.18,0.256,-1.573,-438.85,,0,-1,0,0,-1
2020-01-29,29025.2,28888.75,29045.4,16.5,17.3,0.472,1.005,-1357.56,,1,1,-1,0,1
2020-01-30,29078.75,29045.4,28533.0,16.8,16.5,0.115,-0.087,-1014.27,,0,0,-1,0,-1
2020-01-31,28656.1,28533.0,28294.6,17.37,16.8,0.431,0.313,-962.28,,1,0,0,0,1
2020-02-03,27302.1,28294.6,27534.7,15.78,17.37,-3.508,-1.771,-1199.53,,-1,-1,-1,0,-3
2020-02-04,27728.85,27534.7,28112.45,14.38,15.78,0.705,0.725,-1200.27,,1,1,-1,0,1
2020-02-05,28235.3,28112.45,28537.8,14.17,14.38,0.437,1.498,366.21,,1,1,0,0,2
2020-02-06,28625.3,28537.8,28871.35,13.78,14.17,0.307,1.125,248.94,,1,1,0,0,2
2020-02-07,28900.0,28871.35,29046.45,13.75,13.78,0.099,0.333,-560.36,,0,0,0,0,0
2020-02-10,29066.95,29046.45,28953.7,14.21,13.75,0.071,-0.54,161.93,,0,-1,0,0,-1
2020-02-11,29086.65,28953.7,28854.35,13.88,14.21,0.459,0.733,-184.58,,1,1,0,0,2
2020-02-12,28927.4,28854.35,28855.35,13.62,13.88,0.253,0.169,-209.39,,0,0,0,0,0
2020-02-13,28829.5,28855.35,28807.6,13.37,13.62,-0.09,0.646,48.81,,0,1,0,0,1
2020-02-14,28790.4,28807.6,28501.05,13.62,13.37,-0.06,-0.163,1061.39,,0,0,1,0,1
2020-02-17,28513.65,28501.05,28169.6,14.42,13.62,0.044,0.184,-704.92,,0,0,0,0,0
2020-02-18,28116.45,28169.6,28060.35,14.51,14.42,-0.189,0.184,-374.06,,0,0,0,0,0
2020-02-19,28290.2,28060.35,28630.75,14.02,14.51,0.819,-0.292,-74.39,,1,0,0,0,1
2020-02-20,28632.2,28630.75,28669.8,13.7,14.02,0.005,0.471,-190.66,,0,0,0,0,0
2020-02-24,28478.8,28669.8,28073.9,17.0,13.7,-0.666,-1.052,1495.25,,-1,-1,1,0,-1
2020-02-25,28217.2,28073.9,27863.65,16.9,17.0,0.51,-3.351,-1160.9,,1,-1,-1,0,-1
2020-02-26,27757.65,27863.65,27470.15,18.26,16.9,-0.38,-3.028,-2315.07,,-1,-1,-1,0,-3
2020-02-27,27451.5,27470.15,27404.3,17.77,18.26,-0.068,-0.378,-3336.6,,0,0,-1,0,-1
2020-02-28,26859.65,27404.3,26482.0,23.24,17.77,-1.987,-4.416,-3127.36,,-1,-1,-1,0,-3
2020-03-02,26870.1,26482.0,26404.3,25.2,23.24,1.466,-0.824,-1428.74,,1,-1,-1,0,-1
2020-03-03,26609.25,26404.3,26926.3,24.54,25.2,0.776,4.604,-1354.72,,1,1,-1,0,1
2020-03-04,27077.35,26926.3,26717.15,24.23,24.54,0.561,-2.811,-2415.8,,1,-1,-1,0,-1
2020-03-05,26874.7,26717.15,26877.55,23.25,24.23,0.59,4.22,-878.38,,1,1,0,0,2
2020-03-06,26000.05,26877.55,26291.85,25.64,23.25,-3.265,-3.392,-2476.75,,-1,-1,-1,0,-3
2020-03-09,25843.85,26291.85,25139.45,30.8,25.64,-1.704,-1.705,-3594.84,,-1,-1,-1,0,-3
2020-03-11,25065.4,25139.45,24955.6,31.56,30.8,-0.295,4.94,-6595.56,,0,1,-1,0,0
2020-03-12,24047.1,24955.6,22776.4,41.16,31.56,-3.64,-4.887,-3515.38,,-1,-1,-1,0,-3
2020-03-13,21140.65,22776.4,23423.8,51.47,41.16,-7.182,-9.511,-3475.29,,-1,-1,-1,0,-3
2020-03-16,22653.0,23423.8,22184.35,58.88,51.47,-3.291,9.287,-6027.58,,-1,1,-1,0,-1
2020-03-17,22210.0,22184.35,22003.15,62.93,58.88,0.116,-11.984,-3809.93,,0,-1,-1,0,-2
2020-03-18,22300.85,22003.15,20924.75,63.96,62.93,1.353,5.995,-4044.69,,1,1,-1,0,1
2020-03-19,19964.05,20924.75,20238.25,72.2,63.96,-4.591,-5.183,-5085.35,,-1,-1,-1,0,-3
2020-03-20,20421.75,20238.25,20963.8,67.1,72.2,0.907,0.471,-4622.93,,1,0,-1,0,0
2020-03-23,19308.85,20963.8,18524.65,71.99,67.1,-7.894,-4.336,-4622.93,,-1,-1,-1,0,-3
2020-03-24,18781.0,18524.65,18720.1,83.61,71.99,1.384,-2.929,-2989.29,,1,-1,-1,0,-1
2020-03-25,18504.4,18720.1,19393.0,77.63,83.61,-1.152,9.383,-2153.35,,-1,1,-1,0,-1
2020-03-26,19714.5,19393.0,20459.85,71.53,77.63,1.658,1.154,-1893.36,,1,1,-1,0,1
2020-03-27,21002.4,20459.85,20431.6,70.39,71.53,2.652,6.241,-484.78,,1,1,0,0,2
2020-03-30,20085.8,20431.6,20263.0,71.89,70.39,-1.692,-3.369,355.78,,-1,-1,0,0,-2
2020-03-31,20788.05,20263.0,21116.25,64.41,71.89,2.591,3.352,-4363.61,,1,1,-1,0,1
2020-04-01,21168.3,21116.25,20664.55,60.05,64.41,0.246,-1.601,-3044.94,,0,-1,-1,0,-2
2020-04-03,20730.7,20664.55,20399.7,55.3,60.05,0.32,2.283,-1116.79,,1,1,-1,0,1
2020-04-07,21068.5,20399.7,21702.3,51.8,55.3,3.278,7.033,-1960.97,,1,1,-1,0,1
2020-04-08,21675.5,21702.3,22139.65,52.24,51.8,-0.123,-0.16,741.77,,0,0,0,0,0
2020-04-09,22602.8,22139.65,22898.85,49.75,52.24,2.092,3.406,1943.41,,1,1,1,0,3
2020-04-13,22903.55,22898.85,22864.5,51.46,49.75,0.021,1.449,1737.62,,0,1,1,0,2
2020-04-15,23056.15,22864.5,23051.15,49.74,51.46,0.838,3.057,-1243.74,,1,1,-1,0,1
2020-04-16,22950.3,23051.15,23222.85,46.1,49.74,-0.438,-2.203,1358.66,,-1,-1,1,0,-1
2020-04-17,23862.15,23222.85,23513.7,42.59,46.1,2.753,0.582,-2920.36,,1,1,-1,0,1
2020-04-20,23726.6,23513.7,23395.4,43.46,42.59,0.905,2.679,-1391.98,,1,1,-1,0,1
2020-04-21,22953.35,23395.4,23022.85,45.2,43.46,-1.889,-1.788,-265.89,,-1,-1,0,0,-2
2020-04-22,23027.95,23022.85,23310.75,42.82,45.2,0.022,-3.067,-2095.23,,0,-1,-1,0,-2
2020-04-23,23438.5,23310.75,23372.65,39.23,42.82,0.548,2.293,-1326.09,,1,1,-1,0,1
2020-04-24,23117.6,23372.65,22963.8,39.12,39.23,-1.091,-0.054,-114.58,,-1,0,0,0,-1
2020-04-27,23170.75,22963.8,23429.25,38.04,39.12,0.901,1.392,-207.29,,1,1,0,0,2
2020-04-28,23680.25,23429.25,23367.95,35.35,38.04,1.071,1.471,-916.42,,1,1,0,0,2
2020-04-29,23498.2,23367.95,23624.05,33.84,35.35,0.557,-0.524,-122.15,,1,-1,0,0,0
2020-04-30,23967.45,23624.05,24102.75,33.99,33.84,1.454,2.658,722.08,,1,1,0,0,2
2020-05-04,23432.0,24102.75,23108.95,43.67,33.99,-2.783,-2.806,1968.8,,-1,-1,1,0,-1
2020-05-05,23435.7,23108.95,22791.5,43.61,43.67,1.414,0.425,-1373.98,,1,0,-1,0,0
2020-05-06,22823.95,22791.5,23009.8,41.25,43.61,0.142,0.904,-1059.39,,0,1,-1,0,0
2020-05-07,22974.15,23009.8,22759.85,39.93,41.25,-0.155,-0.698,-493.68,,0,-1,0,0,-1
2020-05-08,23030.0,22759.85,22959.5,38.41,39.93,1.187,1.15,19056.49,,1,1,1,0,3
2020-05-11,23182.35,22959.5,23201.45,38.04,38.41,0.971,1.687,1724.71,,1,1,1,0,3
2020-05-12,23087.95,23201.45,23164.65,38.21,38.04,-0.489,0.013,534.87,,-1,0,0,0,-1
2020-05-13,23876.4,23164.65,23457.65,38.84,38.21,3.073,-2.05,-1662.03,,1,-1,-1,0,-1
2020-05-14,23330.05,23457.65,23306.6,38.18,38.84,-0.544,-1.746,-283.43,,-1,-1,0,0,-2
2020-05-15,23378.3,23306.6,23177.8,38.02,38.18,0.308,1.152,-2152.52,,1,1,-1,0,1
2020-05-18,23186.5,23177.8,22447.4,40.92,38.02,0.038,0.393,-2388.04,,0,0,-1,0,-1
2020-05-19,22715.5,22447.4,22567.8,39.45,40.92,1.194,3.15,-2512.82,,1,1,-1,0,1
2020-05-20,22581.5,22567.8,23003.1,35.81,39.45,0.061,-1.048,-1328.31,,0,-1,-1,0,-2
2020-05-21,23097.2,23003.1,23283.05,32.99,35.81,0.409,1.665,-1466.52,,1,1,-1,0,1
2020-05-22,23231.1,23283.05,23031.55,32.38,32.99,-0.223,-0.777,-258.73,,0,-1,0,0,-1
2020-05-26,23111.95,23031.55,23061.8,31.47,32.38,0.349,0.235,-1353.9,,1,0,-1,0,0
2020-05-27,23089.8,23061.8,23088.5,31.27,31.47,0.121,1.229,4716.13,,0,1,1,0,2
2020-05-28,23163.25,23088.5,23496.5,30.02,31.27,0.324,1.483,-334.74,,1,1,0,0,2
2020-05-29,23413.15,23496.5,24065.0,30.22,30.02,-0.355,-0.211,2354.14,,-1,0,1,0,0
2020-06-01,24291.45,24065.0,24440.5,30.74,30.22,0.941,0.481,1460.71,,1,0,1,0,2
2020-06-02,24561.7,24440.5,24600.0,30.12,30.74,0.496,0.375,1575.46,,1,0,1,0,2
2020-06-03,24844.35,24600.0,24745.2,30.04,30.12,0.993,0.821,7498.29,,1,1,1,0,3
2020-06-04,24850.3,24745.2,24854.8,29.69,30.04,0.425,1.365,1851.12,,1,1,1,0,3
2020-06-05,25048.8,24854.8,25324.8,28.68,29.69,0.781,-0.337,2905.04,,1,0,1,0,2
2020-06-08,25681.45,25324.8,25329.45,29.65,28.68,1.408,2.621,97.61,,1,1,0,0,2
2020-06-09,25489.0,25329.45,25162.65,30.21,29.65,0.63,1.204,813.27,,1,1,0,0,2
2020-06-10,25188.75,25162.65,25153.75,29.44,30.21,0.104,-0.78,490.81,,0,-1,0,0,-1
2020-06-11,25142.0,25153.75,24768.8,29.66,29.44,-0.047,-0.531,-919.26,,0,-1,0,0,-1
2020-06-12,23913.85,24768.8,25018.75,30.82,29.66,-3.452,-5.894,-805.14,,-1,-1,0,0,-2
2020-06-15,25053.3,25018.75,24793.3,32.58,30.82,0.138,1.306,-1311.49,,0,1,-1,0,0
2020-06-16,25119.6,24793.3,24863.45,32.97,32.58,1.316,0.831,-2960.33,,1,1,-1,0,1
2020-06-17,24784.95,24863.45,24883.8,33.35,32.97,-0.316,1.896,-1478.52,,-1,1,-1,0,-1
2020-06-18,24837.1,24883.8,24953.65,31.46,33.35,-0.188,-0.36,-486.62,,0,0,0,0,0
2020-06-19,25074.85,24953.65,25227.0,29.97,31.46,0.486,0.059,366.57,,1,0,0,0,1
2020-06-22,25479.5,25227.0,25723.3,30.46,29.97,1.001,-0.565,1237.0,,1,-1,1,0,1
2020-06-23,25871.8,25723.3,26188.85,29.34,30.46,0.577,0.65,424.21,,1,1,0,0,2
2020-06-24,26420.8,26188.85,25911.95,29.58,29.34,0.886,0.431,168.96,,1,0,0,0,1
2020-06-25,25774.85,25911.95,25931.05,29.73,29.58,-0.529,-2.586,1766.9,,-1,-1,1,0,-1
2020-06-26,26142.1,25931.05,25974.5,28.74,29.73,0.814,1.096,-1050.61,,1,1,-1,0,1
2020-06-29,25932.75,25974.5,25759.5,28.91,28.74,-0.161,-2.423,-753.18,,0,-1,0,0,-1
2020-06-30,25910.25,25759.5,25743.7,29.12,28.91,0.585,1.469,-1937.06,,1,1,-1,0,1
2020-07-01,25846.1,25743.7,25755.45,28.12,29.12,0.398,1.541,-2000.08,,1,1,-1,0,1
2020-07-02,25801.4,25755.45,25947.5,26.51,28.12,0.178,0.502,-1696.45,,0,1,-1,0,0
2020-07-03,26109.1,25947.5,26146.25,25.77,26.51,0.623,0.454,-556.72,,1,0,0,0,1
2020-07-06,26318.45,26146.25,26264.85,25.2,25.77,0.659,0.454,857.29,,1,0,0,0,1
2020-07-07,26352.75,26264.85,26390.6,25.1,25.2,0.335,1.588,348.35,,1,1,0,0,2
2020-07-08,26473.35,26390.6,26299.5,26.1,25.1,0.314,-1.082,829.9,,1,-1,0,0,0
2020-07-09,26377.45,26299.5,26268.6,24.91,26.1,0.296,0.783,-994.87,,0,1,0,0,1
2020-07-10,26246.35,26268.6,26208.65,24.94,24.91,-0.085,-0.564,212.77,,0,-1,0,0,-1
2020-07-13,26351.7,26208.65,26274.85,25.25,24.94,0.546,1.047,-1031.0,,1,1,-1,0,1
2020-07-14,26233.95,26274.85,26016.9,26.64,25.25,-0.156,-0.936,221.76,,0,-1,0,0,-1
2020-07-15,26172.95,26016.9,25875.25,26.29,26.64,0.6,1.341,-1565.62,,1,1,-1,0,1
2020-07-16,25979.8,25875.25,25950.05,25.36,26.29,0.404,0.908,-221.7,,1,1,0,0,2
2020-07-17,26036.4,25950.05,26375.8,24.16,25.36,0.333,-0.341,-1091.08,,1,0,-1,0,0
2020-07-20,26505.15,26375.8,26525.75,24.71,24.16,0.49,0.285,697.08,,1,0,0,0,1
2020-07-21,26719.55,26525.75,26571.6,24.43,24.71,0.731,0.841,1709.97,,1,1,1,0,3
2020-07-22,26658.45,26571.6,26426.85,24.89,24.43,0.327,0.168,2265.88,,1,0,1,0,2
2020-07-23,26495.1,26426.85,26642.3,24.64,24.89,0.258,0.575,1665.57,,0,1,1,0,2
2020-07-24,26532.0,26642.3,26340.55,24.54,24.64,-0.414,-1.232,1740.5,,-1,-1,1,0,-1
2020-07-27,26412.4,26340.55,26134.3,25.02,24.54,0.273,-0.619,1740.5,,0,-1,1,0,0
2020-07-28,26207.4,26134.3,26309.75,23.64,25.02,0.28,0.74,-453.31,,0,1,0,0,1
2020-07-29,26337.85,26309.75,26433.05,24.11,23.64,0.107,-0.647,245.95,,0,-1,0,0,-1
2020-07-30,26539.45,26433.05,26565.4,24.73,24.11,0.403,1.243,-352.62,,1,1,0,0,2
2020-07-31,26657.95,26565.4,26861.35,24.19,24.73,0.348,-0.375,207.3,,1,0,0,0,1
2020-08-03,26852.1,26861.35,26725.75,25.19,24.19,-0.034,0.767,-958.64,,0,1,0,0,1
2020-08-04,26890.85,26725.75,26897.2,23.82,25.19,0.618,0.718,7818.49,,1,1,1,0,3
2020-08-05,27026.3,26897.2,26874.3,23.57,23.82,0.48,0.361,703.74,,1,0,0,0,1
2020-08-06,27005.75,26874.3,27064.45,23.15,23.57,0.489,0.643,-60.18,,1,1,0,0,2
2020-08-07,27127.5,27064.45,27130.45,22.58,23.15,0.233,0.643,637.43,,0,1,0,0,1
2020-08-10,27406.9,27130.45,27526.05,22.51,22.58,1.019,0.063,397.32,,1,0,0,0,1
2020-08-11,27658.2,27526.05,27392.05,21.36,22.51,0.48,0.274,302.88,,1,0,0,0,1
2020-08-12,27377.65,27392.05,27381.15,20.85,21.36,-0.053,-0.797,1013.66,,0,-1,1,0,0
2020-08-13,27499.1,27381.15,27515.8,20.57,20.85,0.431,1.4,351.15,,1,1,0,0,2
2020-08-14,27624.5,27515.8,27260.45,21.67,20.57,0.395,-0.205,416.28,,1,0,0,0,1
2020-08-17,27469.7,27260.45,27351.45,21.31,21.67,0.768,-0.017,46.39,,1,0,0,0,1
2020-08-18,27442.4,27351.45,27667.65,20.43,21.31,0.333,0.271,332.9,,1,0,0,0,1
2020-08-19,27817.9,27667.65,27709.7,19.96,20.43,0.543,0.23,1134.57,,1,0,1,0,2
2020-08-20,27597.6,27709.7,27687.9,20.62,19.96,-0.405,-0.44,459.01,,-1,0,0,0,-1
2020-08-21,27985.45,27687.9,27772.45,19.94,20.62,1.075,0.316,-268.46,,1,0,0,0,1
2020-08-24,27926.5,27772.45,27776.45,19.23,19.94,0.555,0.344,410.16,,1,0,0,0,1
2020-08-25,27934.4,27776.45,27801.2,19.32,19.23,0.569,1.004,219.07,,1,1,0,0,2
2020-08-26,27932.55,27801.2,27818.6,19.3,19.32,0.472,0.36,1481.2,,1,0,1,0,2
2020-08-27,27973.0,27818.6,27935.55,18.9,19.3,0.555,1.02,1581.31,,1,1,1,0,3
2020-08-28,28075.0,27935.55,28018.75,18.35,18.9,0.499,0.167,1164.32,,1,0,1,0,2
2020-08-31,28162.0,28018.75,26824.15,22.84,18.35,0.511,0.673,1004.11,,1,1,1,0,3
2020-09-01,26943.75,26824.15,27142.9,21.8,22.84,0.446,-0.219,-3395.49,,1,0,-1,0,0
2020-09-02,27222.95,27142.9,27448.0,21.11,21.8,0.295,0.753,486.09,,0,1,0,0,1
2020-09-03,27564.6,27448.0,27614.2,20.5,21.11,0.425,1.537,990.57,,1,1,0,0,2
2020-09-04,27249.85,27614.2,27105.5,22.15,20.5,-1.319,-3.513,7.72,,-1,-1,0,0,-2
2020-09-07,27206.55,27105.5,27016.0,22.01,22.15,0.373,-0.813,-1888.78,,1,-1,-1,0,-1
2020-09-08,27084.95,27016.0,26832.75,22.72,22.01,0.255,-0.813,-6.93,,0,-1,0,0,-1
2020-09-09,26661.15,26832.75,26788.05,22.23,22.72,-0.64,-2.776,-1056.52,,-1,-1,-1,0,-3
2020-09-10,26941.2,26788.05,27048.35,21.26,22.23,0.572,2.014,-959.09,,1,1,0,0,2
2020-09-11,27066.9,27048.35,27288.5,20.71,21.26,0.069,-1.758,838.37,,0,-1,0,0,-1
2020-09-14,27459.2,27288.5,27256.0,21.19,20.71,0.626,0.053,1175.81,,1,0,1,0,2
2020-09-15,27361.0,27256.0,27515.8,20.6,21.19,0.385,1.274,298.22,,1,1,0,0,2
2020-09-16,27621.0,27515.8,27646.05,19.66,20.6,0.382,0.522,1170.89,,1,1,1,0,3
2020-09-17,27568.5,27646.05,27486.25,20.1,19.66,-0.281,-0.462,264.66,,0,0,0,0,0
2020-09-18,27624.2,27486.25,27552.85,20.05,20.1,0.502,-0.841,-249.82,,1,-1,0,0,0
2020-09-21,27601.8,27552.85,26671.25,22.19,20.05,0.178,-1.118,205.15,,0,-1,0,0,-1
2020-09-22,26654.0,26671.25,26357.5,21.41,22.19,-0.065,-1.157,-539.81,,0,-1,0,0,-1
2020-09-23,26538.85,26357.5,26290.0,20.99,21.41,0.688,1.052,-2072.76,,1,1,-1,0,1
2020-09-24,26056.25,26290.0,25696.6,23.51,20.99,-0.889,-2.372,-3912.44,,-1,-1,-1,0,-3
2020-09-25,25968.6,25696.6,26397.7,20.68,23.51,1.059,0.299,-1885.69,,1,0,-1,0,0
2020-09-28,26660.05,26397.7,26990.9,19.57,20.68,0.994,1.598,-2080.21,,1,1,-1,0,1
2020-09-29,27180.55,26990.9,26866.0,19.77,19.57,0.703,1.611,-26.98,,1,1,0,0,2
2020-09-30,26994.5,26866.0,27034.25,19.53,19.77,0.478,-0.481,-26.98,,1,0,0,0,1
2020-10-01,27246.35,27034.25,27250.95,18.35,19.53,0.785,0.825,-712.48,,1,1,0,0,2
2020-10-05,27403.25,27250.95,27321.3,19.7,18.35,0.559,-0.958,1632.25,,1,-1,1,0,1
2020-10-06,27483.7,27321.3,27423.3,19.64,19.7,0.594,1.797,236.71,,1,1,0,0,2
2020-10-07,27457.75,27423.3,27354.95,20.06,19.64,0.126,-1.397,1101.76,,0,-1,1,0,0
2020-10-08,27488.95,27354.95,27489.0,20.38,20.06,0.49,1.74,1093.81,,1,1,1,0,3
2020-10-09,27556.3,27489.0,27410.3,20.38,20.38,0.245,0.801,978.37,,0,1,0,0,1
2020-10-12,27486.5,27410.3,27297.35,21.13,20.38,0.278,0.879,-39.39,,0,1,0,0,1
2020-10-13,27267.2,27297.35,27183.8,20.72,21.13,-0.11,1.642,615.17,,0,1,0,0,1
2020-10-14,27181.7,27183.8,27383.45,20.21,20.72,-0.008,-0.631,832.14,,0,-1,0,0,-1
2020-10-15,27465.0,27383.45,26922.05,22.06,20.21,0.298,-0.662,821.86,,0,-1,0,0,-1
2020-10-16,27007.45,26922.05,27155.7,21.65,22.06,0.317,-0.153,-604.07,,1,0,0,0,1
2020-10-19,27298.9,27155.7,27379.75,21.82,21.65,0.527,0.013,-479.59,,1,0,0,0,1
2020-10-20,27366.65,27379.75,27435.0,22.69,21.82,-0.048,-1.633,1656.78,,0,-1,1,0,0
2020-10-21,27537.95,27435.0,27370.7,22.92,22.69,0.375,0.473,1585.07,,1,0,1,0,2
2020-10-22,27345.45,27370.7,27351.3,22.64,22.92,-0.092,-0.22,2108.48,,0,0,1,0,1
2020-10-23,27416.65,27351.3,27432.55,21.83,22.64,0.239,0.522,1118.46,,0,1,1,0,2
2020-10-26,27529.2,27432.55,27062.4,22.83,21.83,0.352,0.345,906.93,,1,0,0,0,1
2020-10-27,27117.6,27062.4,27462.15,22.2,22.83,0.204,-1.859,-119.42,,0,-1,0,0,-1
2020-10-28,27560.0,27462.15,27236.2,23.28,22.2,0.356,-0.303,3514.89,,1,0,1,0,2
2020-10-29,27034.35,27236.2,27357.6,24.02,23.28,-0.741,-3.529,-1130.98,,-1,-1,-1,0,-3
2020-10-30,27423.85,27357.6,27348.45,24.75,24.02,0.242,1.195,-420.95,,0,1,0,0,1
2020-11-02,27453.35,27348.45,27445.0,25.21,24.75,0.384,-1.213,-870.88,,1,-1,0,0,0
2020-11-03,27595.65,27445.0,27603.55,24.24,25.21,0.549,1.232,740.61,,1,1,0,0,2
2020-11-04,27674.0,27603.55,27788.4,23.2,24.24,0.255,1.78,2274.4,,0,1,1,0,2
2020-11-05,27936.95,27788.4,28234.35,20.97,23.2,0.535,2.205,146.22,,1,1,0,0,2
2020-11-06,28282.3,28234.35,28334.85,20.5,20.97,0.17,1.946,5368.31,,0,1,1,0,2
2020-11-09,28596.15,28334.85,28746.0,20.11,20.5,0.922,-0.029,4869.87,,1,0,1,0,2
2020-11-10,28930.6,28746.0,28547.45,21.58,20.11,0.642,1.17,4548.39,,1,1,1,0,3
2020-11-11,28663.15,28547.45,28879.8,22.03,21.58,0.405,-0.14,5627.32,,1,0,1,0,2
2020-11-12,28921.55,28879.8,29050.0,20.62,22.03,0.145,0.765,6207.19,,0,1,1,0,2
2020-11-13,29029.75,29050.0,29310.05,19.7,20.62,-0.07,-0.998,1514.12,,0,-1,1,0,0
2020-11-17,29608.6,29310.05,29689.1,19.8,19.7,1.019,1.165,1935.92,,1,1,1,0,3
2020-11-18,29685.0,29689.1,29790.95,19.12,19.8,-0.014,-0.479,4905.35,,0,0,1,0,1
2020-11-19,29710.5,29790.95,29579.8,19.57,19.12,-0.27,-1.156,3071.93,,0,-1,1,0,0
2020-11-20,29638.65,29579.8,29952.9,19.62,19.57,0.199,0.395,1180.61,,0,0,1,0,1
2020-11-23,30150.5,29952.9,30220.3,20.8,19.62,0.66,-0.679,3860.78,,1,-1,1,0,1
2020-11-24,30351.95,30220.3,30377.15,21.06,20.8,0.436,0.564,4738.44,,1,1,1,0,3
2020-11-25,30518.05,30377.15,29916.3,23.13,21.06,0.464,1.616,4563.18,,1,1,1,0,3
2020-11-26,29906.15,29916.3,30186.05,20.02,23.13,-0.034,-0.158,24.2,,0,0,0,0,0
2020-11-27,30316.45,30186.05,30334.4,19.82,20.02,0.432,-0.158,2027.31,,1,0,1,0,2
2020-12-01,30656.05,30334.4,30734.7,20.18,19.82,1.06,-0.46,7712.98,,1,0,1,0,2
2020-12-02,30849.55,30734.7,30992.55,19.91,20.18,0.374,1.127,3242.0,,1,1,1,0,3
2020-12-03,31157.95,30992.55,31319.4,19.0,19.91,0.534,0.179,357.35,,1,0,0,0,1
2020-12-04,31434.6,31319.4,31439.1,18.03,19.0,0.368,-0.062,3637.42,,1,0,1,0,2
2020-12-07,31515.35,31439.1,31724.75,18.02,18.03,0.243,0.884,2969.59,,0,1,1,0,2
2020-12-08,31823.2,31724.75,31714.4,18.62,18.02,0.31,-0.194,3792.06,,1,0,1,0,2
2020-12-09,31893.2,31714.4,31722.2,18.92,18.62,0.564,0.279,2909.6,,1,0,1,0,2
2020-12-10,31680.8,31722.2,31850.65,18.71,18.92,-0.131,-0.795,3564.23,,0,-1,1,0,0
2020-12-11,31922.4,31850.65,31928.8,18.79,18.71,0.225,-0.129,2259.98,,0,0,1,0,1
2020-12-14,32066.55,31928.8,32043.45,19.4,18.79,0.431,-0.126,4195.43,,1,0,1,0,2
2020-12-15,32079.05,32043.45,31972.7,19.35,19.4,0.111,-0.436,2264.38,,0,0,1,0,1
2020-12-16,32166.1,31972.7,32143.85,19.2,19.35,0.605,1.292,2484.09,,1,1,1,0,3
2020-12-17,32211.05,32143.85,32031.75,19.16,19.2,0.209,0.177,1981.77,,0,0,1,0,1
2020-12-18,32110.15,32031.75,32082.75,18.62,19.16,0.245,0.576,2355.25,,0,1,1,0,2
2020-12-21,32017.0,32082.75,30971.5,23.19,18.62,-0.205,-0.351,2720.95,,0,0,1,0,1
2020-12-22,30903.35,30971.5,31417.3,21.99,23.19,-0.22,-0.391,-323.55,,0,0,0,0,0
2020-12-23,31489.55,31417.3,31949.8,20.5,21.99,0.23,-0.207,1153.0,,0,0,1,0,1
2020-12-24,32220.5,31949.8,32068.55,19.97,20.5,0.847,0.075,536.13,,1,0,0,0,1
2020-12-28,32261.9,32068.55,32351.05,20.43,19.97,0.603,0.354,1225.69,,1,0,1,0,2
2020-12-29,32507.0,32351.05,32331.5,20.79,20.43,0.482,0.872,1588.93,,1,1,1,0,3
2020-12-30,32446.1,32331.5,32464.4,21.11,20.79,0.354,-0.223,2349.53,,1,0,1,0,2
2020-12-31,32514.7,32464.4,32508.55,21.1,21.11,0.155,0.134,1824.52,,0,0,1,0,1
2021-01-04,32998.95,32508.55,33281.65,20.03,21.1,1.509,0.644,506.21,,1,1,0,0,2
2021-01-05,33219.8,33281.65,33818.75,20.46,20.03,-0.186,-1.475,1843.22,,0,-1,1,0,0
2021-01-06,33951.2,33818.75,33755.5,21.0,20.46,0.392,0.708,986.3,,1,1,0,0,2
2021-01-07,34074.5,33755.5,33889.35,20.62,21.0,0.945,0.571,-483.64,,1,1,0,0,2
2021-01-08,34124.1,33889.35,34331.05,20.64,20.62,0.693,1.485,382.3,,1,1,0,0,2
2021-01-11,34566.95,34331.05,34458.6,22.38,20.64,0.687,0.549,6029.83,,1,1,1,0,3
2021-01-12,34462.85,34458.6,34363.2,22.85,22.38,0.012,-0.655,3138.9,,0,-1,1,0,0
2021-01-13,34543.05,34363.2,34156.0,23.29,22.85,0.523,0.042,571.47,,1,0,0,0,1
2021-01-14,34264.55,34156.0,34318.45,23.03,23.29,0.318,0.228,1879.06,,1,0,1,0,2
2021-01-15,34432.6,34318.45,33780.95,24.01,23.03,0.333,-0.375,1076.62,,1,0,1,0,2
2021-01-18,33748.8,33780.95,33159.65,24.4,24.01,-0.095,-0.719,971.06,,0,-1,0,0,-1
2021-01-19,33369.85,33159.65,33725.2,22.9,24.4,0.634,-0.719,650.6,,1,-1,0,0,0
2021-01-20,33809.25,33725.2,33917.4,21.55,22.9,0.249,0.814,257.55,,0,1,0,0,1
2021-01-21,34165.5,33917.4,33614.55,22.18,21.55,0.731,1.394,2289.05,,1,1,1,0,3
2021-01-27,33113.9,33080.45,32642.55,24.39,23.25,0.101,-0.149,-765.3,,0,0,0,0,0
2021-01-28,32367.65,32642.55,32513.45,24.29,24.39,-0.842,-2.568,-1688.22,,-1,-1,-1,0,-3
2021-01-29,32784.4,32513.45,31743.25,25.34,24.29,0.833,0.976,-3712.51,,1,1,-1,0,1
2021-02-01,31992.75,31743.25,32661.55,23.32,25.34,0.786,-1.931,-5930.66,,1,-1,-1,0,-1
2021-02-02,33001.1,32661.55,33327.1,23.35,23.32,1.04,1.605,1494.23,,1,1,1,0,3
2021-02-03,33502.25,33327.1,33486.1,23.75,23.35,0.526,1.39,6181.56,,1,1,1,0,3
2021-02-04,33606.1,33486.1,34023.95,23.12,23.75,0.358,0.101,2520.92,,1,0,1,0,2
2021-02-05,34265.9,34023.95,33790.85,23.42,23.12,0.711,1.085,1936.74,,1,1,1,0,3
2021-02-08,33994.05,33790.85,34165.25,23.96,23.42,0.601,0.39,1461.71,,1,0,1,0,2
2021-02-09,34303.9,34165.25,34147.3,24.27,23.96,0.406,0.74,1876.6,,1,1,1,0,3
2021-02-10,34226.75,34147.3,34281.55,23.95,24.27,0.233,-0.111,1300.65,,0,0,1,0,1
2021-02-11,34261.15,34281.55,34541.1,23.05,23.95,-0.06,-0.035,1786.97,,0,0,1,0,1
2021-02-12,34653.7,34541.1,34626.75,22.04,23.05,0.326,0.166,944.36,,1,0,0,0,1
2021-02-19,35406.95,35377.15,34906.9,22.25,21.54,0.084,-0.442,903.07,,0,0,0,0,0
2021-02-22,34938.25,34906.9,34340.75,25.47,22.25,0.09,-0.185,118.75,,0,0,0,0,0
2021-02-23,34520.95,34340.75,34581.3,25.23,25.47,0.525,-0.773,-893.25,,1,-1,0,0,0
2021-02-24,34825.0,34581.3,34766.1,24.17,25.23,0.705,0.126,-1569.04,,1,0,-1,0,0
2021-02-25,34994.75,34766.1,34996.8,22.89,24.17,0.658,1.135,28739.17,,1,1,1,0,3
2021-02-26,34624.45,34996.8,34226.35,28.14,22.89,-1.064,-2.448,188.08,,-1,-1,0,0,-2
2021-03-01,34491.4,34226.35,34552.05,25.63,28.14,0.774,-0.475,-8295.17,,1,0,-1,0,0
2021-03-02,34787.55,34552.05,35151.35,23.61,25.63,0.682,2.379,125.15,,1,1,0,0,2
2021-03-03,35436.1,35151.35,35712.75,22.09,23.61,0.81,-0.808,2223.16,,1,-1,1,0,1
2021-03-04,35440.0,35712.75,35777.45,24.15,22.09,-0.764,-1.307,2088.7,,-1,-1,1,0,-1
2021-03-05,35618.85,35777.45,35258.45,25.56,24.15,-0.443,-1.342,-223.11,,-1,-1,0,0,-2
2021-03-08,35454.9,35258.45,35199.25,24.68,25.56,0.557,1.95,-2014.16,,1,1,-1,0,1
2021-03-09,35387.9,35199.25,34927.5,22.5,24.68,0.536,-0.536,-1494.49,,1,-1,-1,0,-1
2021-03-10,35143.95,34927.5,35138.0,20.75,22.5,0.62,1.415,2801.87,,1,1,1,0,3
2021-03-12,35376.75,35138.0,34808.95,21.71,20.75,0.679,1.04,-15.69,,1,1,0,0,2
2021-03-15,34946.45,34808.95,34624.1,21.23,21.71,0.395,0.102,-942.6,,1,0,0,0,1
2021-03-16,34776.15,34624.1,34786.0,20.19,21.23,0.439,0.649,-1101.35,,1,1,-1,0,1
2021-03-17,34812.1,34786.0,34102.1,20.16,20.19,0.075,-0.157,1692.31,,0,0,1,0,1
2021-03-18,34324.9,34102.1,33692.85,20.08,20.16,0.653,0.288,2625.82,,1,0,1,0,2
2021-03-19,33459.2,33692.85,34075.85,19.99,20.08,-0.693,-1.476,1258.47,,-1,-1,1,0,-1
2021-03-22,34256.5,34075.85,34412.85,20.49,19.99,0.53,-0.06,1418.43,,1,0,1,0,2
2021-03-23,34597.5,34412.85,34832.2,20.67,20.49,0.537,0.703,-786.98,,1,1,0,0,2
2021-03-24,34668.5,34832.2,34310.0,22.46,20.67,-0.47,-0.763,-108.24,,-1,-1,0,0,-2
2021-03-25,34388.8,34310.0,33554.2,22.7,22.46,0.23,-0.547,-1951.9,,0,-1,-1,0,-2
2021-03-26,33826.7,33554.2,33962.55,20.65,22.7,0.812,0.524,-3383.6,,1,1,-1,0,1
2021-03-30,34243.6,33962.55,34079.35,20.49,20.65,0.828,-0.087,-50.13,,1,0,0,0,1
2021-03-31,34173.8,34079.35,34176.25,20.65,20.49,0.277,-0.316,769.47,,0,0,0,0,0
2021-04-01,34365.6,34176.25,34689.55,19.99,20.65,0.554,0.362,-1685.91,,1,0,-1,0,0
2021-04-05,34735.0,34689.55,34370.65,21.22,19.99,0.131,1.183,149.41,,0,1,0,0,1
2021-04-06,34516.8,34370.65,34714.05,20.84,21.22,0.425,1.444,-931.66,,1,1,0,0,2
2021-04-07,34793.0,34714.05,35057.25,20.25,20.84,0.227,-0.097,-1092.75,,0,0,-1,0,-1
2021-04-08,35179.45,35057.25,35321.15,20.31,20.25,0.349,0.148,227.42,,1,0,0,0,1
2021-04-09,35346.95,35321.15,35358.9,19.79,20.31,0.073,0.422,110.85,,0,0,0,0,0
2021-04-12,34813.95,35358.9,33713.95,23.0,19.79,-1.541,0.772,-653.51,,-1,1,0,0,0
2021-04-13,33800.55,33713.95,34063.5,20.46,23.0,0.257,-0.02,-1746.43,,0,0,-1,0,-1
2021-04-15,34082.4,34063.5,34273.25,20.89,20.46,0.055,-0.409,-730.81,,0,0,0,0,0
2021-04-16,34385.5,34273.25,34640.7,20.4,20.89,0.328,1.109,979.7,,1,1,0,0,2
2021-04-19,33913.95,34640.7,34047.25,22.49,20.4,-2.098,0.361,437.51,,-1,0,0,0,-1
2021-04-20,34418.95,34047.25,34199.4,22.43,22.49,1.092,-0.531,-1633.7,,1,-1,-1,0,-1
2021-04-22,34132.45,34199.4,34242.85,23.03,22.43,-0.196,0.931,-1082.33,,0,1,-1,0,0
2021-04-23,34196.8,34242.85,34284.85,22.69,23.03,-0.134,-0.921,-909.56,,0,-1,0,0,-1
2021-04-26,34520.55,34284.85,34457.65,23.5,22.69,0.687,1.093,-1360.76,,1,1,-1,0,1
2021-04-27,34605.95,34457.65,34724.65,23.08,23.5,0.43,0.178,-1111.89,,1,0,-1,0,0
2021-04-28,34952.5,34724.65,34938.15,22.58,23.08,0.656,-0.021,-1454.75,,1,0,-1,0,0
2021-04-29,35160.15,34938.15,34926.2,23.31,22.58,0.635,-0.085,766.02,,1,0,0,0,1
2021-04-30,34746.35,34926.2,34759.2,23.03,23.31,-0.515,0.676,809.37,,-1,1,0,0,0
2021-05-03,34526.25,34759.2,35059.55,23.69,23.03,-0.67,-0.719,-3465.07,,-1,-1,-1,0,-3
2021-05-04,35298.0,35059.55,34921.45,23.01,23.69,0.68,0.275,-2289.46,,1,0,-1,0,0
2021-05-07,35933.95,35697.7,35816.95,20.82,22.04,0.662,0.817,1222.58,,1,1,1,0,3
2021-05-10,35987.05,35816.95,36190.15,20.23,20.82,0.475,0.737,-1142.75,,1,1,-1,0,1
2021-05-14,36486.95,36308.65,35790.8,20.27,20.08,0.491,1.217,-1260.59,,1,1,-1,0,1
2021-05-17,35988.3,35790.8,36242.35,19.61,20.27,0.552,1.492,-2607.85,,1,1,-1,0,1
2021-05-18,36609.9,36242.35,36726.15,19.24,19.61,1.014,-0.253,-2255.84,,1,0,-1,0,0
2021-05-19,36815.6,36726.15,36967.3,19.32,19.24,0.244,-0.852,618.49,,0,-1,0,0,-1
2021-05-24,37241.0,37104.85,37371.2,19.13,19.08,0.367,-0.078,510.16,,1,0,0,0,1
2021-05-27,37363.3,37192.85,37366.5,19.91,20.87,0.458,0.188,241.6,,1,0,0,0,1
2021-05-28,37533.0,37366.5,37394.45,17.4,19.91,0.446,0.117,-660.9,,1,0,0,0,1
2021-06-02,37714.4,37688.1,38379.95,17.21,17.39,0.07,-0.049,-449.86,,0,0,0,0,0
2021-06-03,38587.9,38379.95,38736.35,15.75,17.21,0.542,0.145,921.1,,1,0,0,0,1
2021-06-04,38872.15,38736.35,38914.5,15.94,15.75,0.351,-0.363,1079.2,,1,0,1,0,2
2021-06-07,39084.3,38914.5,38948.05,15.57,15.94,0.436,0.883,1499.37,,1,1,1,0,3
2021-06-08,39053.5,38948.05,39096.75,15.23,15.57,0.271,-0.08,-186.46,,0,0,0,0,0
2021-06-09,39200.2,39096.75,38734.85,14.75,15.23,0.265,0.018,1422.71,,0,0,1,0,1
2021-06-10,38943.2,38734.85,39207.65,15.0,14.75,0.538,-0.182,-846.37,,1,0,0,0,1
2021-06-11,39347.45,39207.65,39294.85,14.1,15.0,0.357,0.465,1329.7,,1,0,1,0,2
2021-06-14,39046.65,39294.85,39121.95,14.72,14.1,-0.632,0.195,18.64,,-1,0,0,0,-1
2021-06-15,39246.9,39121.95,39248.75,14.61,14.72,0.319,0.182,-503.51,,1,0,0,0,1
2021-06-16,39168.1,39248.75,38883.1,14.87,14.61,-0.205,-0.201,633.69,,0,0,0,0,0
2021-06-17,38496.3,38883.1,38519.3,15.29,14.87,-0.995,-0.539,-870.29,,-1,-1,0,0,-2
2021-06-18,38478.5,38519.3,38315.15,14.8,15.29,-0.106,-0.044,-879.73,,0,0,0,0,0
2021-06-21,37872.85,38315.15,38648.95,15.06,14.8,-1.154,-1.312,2680.57,,-1,-1,1,0,-1
2021-06-22,38888.15,38648.95,38839.05,14.74,15.06,0.619,1.4,-1244.71,,1,1,-1,0,1
2021-06-23,39048.75,38839.05,38525.0,15.37,14.74,0.54,0.512,-1027.94,,1,1,-1,0,1
2021-06-24,38557.2,38525.0,38340.9,15.1,15.37,0.084,-0.108,3156.53,,0,0,1,0,1
2021-06-25,38436.5,38340.9,38603.45,13.37,15.1,0.249,0.581,-2890.94,,0,1,-1,0,0
2021-06-28,38724.9,38603.45,38754.35,13.4,13.37,0.315,0.333,-678.84,,1,0,0,0,1
2021-06-29,38779.3,38754.35,38678.15,13.0,13.4,0.064,0.231,-1658.72,,0,0,-1,0,-1
2021-06-30,38759.15,38678.15,38513.25,13.05,13.0,0.209,0.028,116.63,,0,0,0,0,0
2021-07-01,38588.3,38513.25,38642.25,12.84,13.05,0.195,0.133,-1646.66,,0,0,-1,0,-1
2021-07-02,38681.8,38642.25,38533.85,12.09,12.84,0.102,0.522,-1245.29,,0,1,-1,0,0
2021-07-07,38765.2,38772.75,38936.35,12.21,12.28,-0.019,-0.202,-543.3,,0,0,0,0,0
2021-07-08,39008.55,38936.35,38855.55,13.56,12.21,0.185,0.336,532.94,,0,0,0,0,0
2021-07-09,38871.45,38855.55,38919.95,12.94,13.56,0.041,-0.856,-554.92,,0,-1,0,0,-1
2021-07-12,39091.8,38919.95,38949.35,12.99,12.94,0.442,1.128,-1124.65,,1,1,-1,0,1
2021-07-13,39116.05,38949.35,38873.5,12.62,12.99,0.428,0.345,-745.97,,1,0,0,0,1
2021-07-14,38965.4,38873.5,38874.0,12.59,12.62,0.236,-0.352,113.83,,0,0,0,0,0
2021-07-15,38987.2,38874.0,39001.85,12.27,12.59,0.291,0.116,-1303.95,,0,0,-1,0,-1
2021-07-16,39082.75,39001.85,39188.15,11.71,12.27,0.207,-0.326,-264.77,,0,0,0,0,0
2021-07-19,39020.35,39188.15,38934.75,12.68,11.71,-0.428,-0.754,-466.3,,-1,-1,0,0,-2
2021-07-20,38914.4,38934.75,38676.2,13.21,12.68,-0.052,-1.587,-2198.71,,0,-1,-1,0,-2
2021-07-22,39001.55,38676.2,39359.75,11.89,13.21,0.841,0.824,-2834.96,,1,1,-1,0,1
2021-07-23,39444.3,39359.75,39312.35,11.76,11.89,0.215,0.202,-247.59,,0,0,0,0,0
2021-07-26,39371.8,39312.35,39351.3,12.45,11.76,0.151,1.015,-163.31,,0,1,0,0,1
2021-07-27,39454.65,39351.3,39105.4,13.23,12.45,0.263,0.238,-2376.79,,0,0,-1,0,-1
2021-07-28,39213.2,39105.4,39174.85,13.69,13.23,0.276,-0.471,-1459.08,,0,0,-1,0,-1
2021-07-29,39346.15,39174.85,39196.25,12.95,13.69,0.437,-0.019,-2274.77,,1,0,-1,0,0
2021-07-30,39347.0,39196.25,39363.65,12.8,12.95,0.385,0.421,-866.26,,1,0,0,0,1
2021-08-02,39607.6,39363.65,39721.35,12.81,12.8,0.62,-0.541,-3848.31,,1,-1,-1,0,-1
2021-08-03,39904.75,39721.35,40053.1,13.75,12.81,0.462,-0.184,-1539.88,,1,0,-1,0,0
2021-08-04,40209.25,40053.1,39765.85,13.21,13.75,0.39,0.82,2116.6,,1,1,1,0,3
2021-08-05,39861.35,39765.85,39678.85,12.87,13.21,0.24,-0.463,2828.57,,0,0,1,0,1
2021-08-06,39757.75,39678.85,39762.9,12.61,12.87,0.199,0.601,-719.88,,0,1,0,0,1
2021-08-09,39931.7,39762.9,39579.7,12.61,12.61,0.425,0.168,-69.37,,1,0,0,0,1
2021-08-10,39698.05,39579.7,39420.4,12.71,12.61,0.299,-0.094,211.91,,0,0,0,0,0
2021-08-11,39436.6,39420.4,39331.15,12.71,12.71,0.041,0.099,-178.51,,0,0,0,0,0
2021-08-12,39389.6,39331.15,39451.8,12.37,12.71,0.149,0.128,238.14,,0,0,0,0,0
2021-08-13,39529.3,39451.8,39500.85,12.99,12.37,0.196,0.415,-212.11,,0,0,0,0,0
2021-08-16,39543.8,39500.85,39548.05,13.46,12.99,0.109,0.161,819.77,,0,0,0,0,0
2021-08-17,39568.8,39548.05,39755.2,13.41,13.46,0.052,0.262,-1088.32,,0,0,-1,0,-1
2021-08-18,39827.55,39755.2,39973.65,12.91,13.41,0.182,-0.706,-343.73,,0,-1,0,0,-1
2021-08-20,39660.4,39973.65,39381.85,14.02,12.91,-0.784,0.126,-595.32,,-1,0,0,0,-1
2021-08-23,39697.75,39381.85,39220.15,13.69,14.02,0.802,0.814,-2287.03,,1,1,-1,0,1
2021-08-24,39460.35,39220.15,39601.8,13.19,13.69,0.612,0.852,-1363.36,,1,1,-1,0,1
2021-08-25,39777.2,39601.8,39784.95,13.5,13.19,0.443,0.15,-1644.91,,1,0,-1,0,0
2021-08-26,39932.5,39784.95,39904.05,13.54,13.5,0.371,0.222,-1071.83,,1,0,-1,0,0
2021-08-27,40090.35,39904.05,40403.9,13.41,13.54,0.467,-0.582,-1974.48,,1,-1,-1,0,-1
2021-08-30,40594.9,40403.9,41028.5,13.32,13.41,0.473,0.881,-778.75,,1,1,0,0,2
2021-08-31,41104.45,41028.5,41585.45,14.52,13.32,0.185,0.431,1202.81,,0,0,1,0,1
2021-09-01,41790.1,41585.45,41887.55,14.19,14.52,0.492,-0.135,3881.16,,1,0,1,0,2
2021-09-02,41950.0,41887.55,42315.65,14.24,14.19,0.149,0.031,666.66,,0,0,0,0,0
2021-09-03,42521.7,42315.65,42559.1,14.54,14.24,0.487,0.284,348.52,,1,0,0,0,1
2021-09-06,42788.0,42559.1,42503.5,15.11,14.54,0.538,-0.034,768.58,,1,0,0,0,1
2021-09-07,42626.95,42503.5,42357.7,14.9,15.11,0.29,-0.034,-589.36,,0,0,0,0,0
2021-09-08,42420.25,42357.7,42588.85,14.41,14.9,0.148,-0.34,-145.45,,0,0,0,0,0
2021-09-09,42578.2,42588.85,42774.5,13.94,14.41,-0.025,-0.132,-802.51,,0,0,0,0,0
2021-09-13,42814.35,42774.5,42907.5,14.03,13.94,0.093,-0.772,423.44,,0,-1,0,0,-1
2021-09-14,43082.0,42907.5,43041.95,13.58,14.03,0.407,0.228,1419.31,,1,0,1,0,2
2021-09-15,43187.05,43041.95,43212.1,13.73,13.58,0.337,-0.575,1649.6,,1,-1,1,0,1
2021-09-16,43406.0,43212.1,43514.6,14.41,13.73,0.449,0.847,232.84,,1,1,0,0,2
2021-09-17,43573.5,43514.6,43157.25,15.23,14.41,0.135,-0.155,1621.88,,0,0,1,0,1
2021-09-20,42797.65,43157.25,42354.55,17.49,15.23,-0.833,-0.911,1552.59,,-1,-1,1,0,-1
2021-09-21,42296.4,42354.55,42725.15,16.52,17.49,-0.137,-1.698,92.54,,0,-1,0,0,-1
2021-09-22,42807.6,42725.15,42957.55,16.49,16.52,0.193,-0.081,1041.92,,0,0,1,0,1
2021-09-23,43212.1,42957.55,43437.7,16.6,16.49,0.593,0.952,-1943.26,,1,1,-1,0,1
2021-09-24,43596.05,43437.7,43071.65,16.92,16.6,0.365,1.213,357.93,,1,1,0,0,2
2021-09-27,43223.55,43071.65,42949.75,18.05,16.92,0.353,0.146,442.49,,1,0,0,0,1
2021-09-28,43043.7,42949.75,42640.7,18.54,18.05,0.219,-0.278,-594.63,,0,0,0,0,0
2021-09-29,42426.45,42640.7,42411.05,18.84,18.54,-0.502,-2.036,-1957.7,,-1,-1,-1,0,-3
2021-09-30,42519.7,42411.05,42383.85,18.4,18.84,0.256,0.157,-1896.02,,0,0,-1,0,-1
2021-10-01,42343.9,42383.85,42513.65,17.21,18.4,-0.094,-1.191,-2225.6,,0,-1,-1,0,-2
2021-10-04,42772.35,42513.65,43159.55,16.74,17.21,0.609,1.149,131.39,,1,1,0,0,2
2021-10-05,43198.45,43159.55,43332.25,16.4,16.74,0.09,-1.299,860.5,,0,-1,0,0,-1
2021-10-06,43546.5,43332.25,42919.3,17.33,16.4,0.494,1.052,-1915.08,,1,1,-1,0,1
2021-10-07,43308.5,42919.3,43371.05,16.16,17.33,0.907,0.41,-802.81,,1,0,0,0,1
2021-10-08,43580.6,43371.05,43270.7,15.65,16.16,0.483,0.83,-1764.25,,1,1,-1,0,1
2021-10-11,43440.5,43270.7,43465.15,16.09,15.65,0.392,-0.191,-64.01,,1,0,0,0,1
2021-10-12,43596.15,43465.15,43792.85,15.85,16.09,0.301,-0.687,-1303.22,,1,-1,-1,0,-1
2021-10-13,44052.85,43792.85,44217.25,16.1,15.85,0.594,-0.242,-278.32,,1,0,0,0,1
2021-10-14,44444.35,44217.25,44597.4,15.77,16.1,0.514,0.302,937.31,,1,0,0,0,1
2021-10-18,45216.55,44597.4,44708.1,17.18,15.77,1.388,0.746,1681.6,,1,1,1,0,3
2021-10-19,45138.85,44708.1,44085.45,17.38,17.18,0.963,0.337,512.44,,1,0,0,0,1
2021-10-20,44097.2,44085.45,43322.7,18.31,17.38,0.027,0.739,-505.79,,0,1,0,0,1
2021-10-21,43628.85,43322.7,43002.4,18.04,18.31,0.707,0.366,-1843.09,,1,0,-1,0,0
2021-10-22,43114.95,43002.4,42403.8,17.55,18.04,0.262,0.3,-2818.9,,0,0,-1,0,-1
2021-10-25,42592.6,42403.8,42032.6,17.61,17.55,0.445,-0.107,-2697.7,,1,0,-1,0,0
2021-10-26,42094.05,42032.6,42528.95,16.75,17.61,0.146,0.475,-2459.1,,0,0,-1,0,-1
2021-10-27,42666.45,42528.95,42748.65,16.83,16.75,0.323,0.182,-2368.66,,1,0,-1,0,0
2021-10-28,42727.2,42748.65,41842.65,17.91,16.83,-0.05,-0.505,-1913.36,,0,-1,-1,0,-2
2021-10-29,41899.6,41842.65,42087.0,17.43,17.91,0.136,0.983,-3818.51,,0,1,-1,0,0
2021-11-01,42401.6,42087.0,42610.85,17.24,17.43,0.748,0.195,-5142.63,,1,0,-1,0,0
2021-11-02,42678.85,42610.85,42629.65,17.06,17.24,0.16,0.18,-202.13,,0,0,0,0,0
2021-11-03,42781.0,42629.65,42872.5,16.13,17.06,0.355,0.368,244.87,,1,0,0,0,1
2021-11-04,43165.85,42872.5,43099.35,15.75,16.13,0.684,0.646,-401.48,,1,1,0,0,2
2021-11-08,43388.45,43099.35,43660.85,16.34,15.75,0.671,0.373,-401.48,,1,0,0,0,1
2021-11-09,43736.85,43660.85,43822.0,16.0,16.34,0.174,0.089,-860.65,,0,0,0,0,0
2021-11-10,43669.95,43822.0,43898.45,16.31,16.0,-0.347,-0.35,-2445.25,,-1,0,-1,0,-2
2021-11-11,43902.0,43898.45,43710.05,16.35,16.31,0.008,-0.823,-469.5,,0,-1,0,0,-1
2021-11-12,44024.75,43710.05,44242.55,15.22,16.35,0.72,0.055,-1637.46,,1,0,-1,0,0
2021-11-15,44490.55,44242.55,44362.15,15.47,15.22,0.561,0.722,511.1,,1,1,0,0,2
2021-11-16,44421.2,44362.15,44290.2,15.2,15.47,0.133,-0.001,424.74,,0,0,0,0,0
2021-11-17,44194.2,44290.2,44241.45,14.98,15.2,-0.217,0.387,-560.67,,0,0,0,0,0
2021-11-18,44313.0,44241.45,43615.45,14.86,14.98,0.162,-0.26,-344.35,,0,0,0,0,0
2021-11-22,43777.15,43615.45,42804.4,17.52,14.86,0.371,-0.14,-3930.62,,1,0,-1,0,0
2021-11-23,42644.15,42804.4,43448.05,18.02,17.52,-0.374,-0.32,-3438.76,,-1,0,-1,0,-2
2021-11-24,43557.25,43448.05,43216.0,17.1,18.02,0.251,0.166,-4477.06,,0,0,-1,0,-1
2021-11-25,43287.75,43216.0,43588.7,16.66,17.1,0.166,0.229,-5122.65,,0,0,-1,0,-1
2021-11-26,43189.8,43588.7,42271.35,20.8,16.66,-0.915,0.229,-2300.65,,-1,0,-1,0,-2
2021-11-29,42060.1,42271.35,41883.7,20.83,20.8,-0.5,-2.272,-5785.83,,-1,-1,-1,0,-3
2021-11-30,41852.1,41883.7,41782.35,21.17,20.83,-0.075,1.32,-3332.21,,0,1,-1,0,0
2021-12-01,41923.4,41782.35,42022.55,19.45,21.17,0.338,-1.896,-5445.25,,1,-1,-1,0,-1
2021-12-02,42131.0,42022.55,42438.7,18.09,19.45,0.258,-1.182,-2765.84,,0,-1,-1,0,-2
2021-12-03,42540.05,42438.7,42353.65,18.45,18.09,0.239,1.419,-909.71,,0,1,0,0,1
2021-12-06,42460.65,42353.65,41536.7,20.08,18.45,0.253,-0.845,-3356.17,,0,-1,-1,0,-2
2021-12-07,41867.5,41536.7,42165.65,18.46,20.08,0.796,1.173,-3361.28,,1,1,-1,0,1
2021-12-08,42356.75,42165.65,42711.85,17.27,18.46,0.453,2.071,-2584.97,,1,1,-1,0,1
2021-12-09,42825.0,42711.85,42801.9,16.6,17.27,0.265,0.309,-579.27,,0,0,0,0,0
2021-12-10,42772.75,42801.9,42968.05,16.06,16.6,-0.068,-0.718,-1585.55,,0,-1,-1,0,-2
2021-12-13,43338.05,42968.05,42760.1,16.57,16.06,0.861,0.955,-1092.4,,1,1,-1,0,1
2021-12-14,42673.65,42760.1,42900.0,16.95,16.57,-0.202,-0.914,-2743.44,,0,-1,-1,0,-2
2021-12-15,42910.1,42900.0,42545.75,17.22,16.95,0.024,-0.747,-763.18,,0,-1,0,0,-1
2021-12-16,42812.55,42545.75,42399.0,15.9,17.22,0.627,1.635,-3407.04,,1,1,-1,0,1
2021-12-17,42341.1,42399.0,41353.6,16.34,15.9,-0.137,-0.874,-1468.71,,0,-1,-1,0,-2
2021-12-20,40957.55,41353.6,40183.85,18.97,16.34,-0.958,-1.029,-2069.9,,-1,-1,-1,0,-3
2021-12-21,40481.35,40183.85,40941.75,17.54,18.97,0.74,-1.139,-3565.36,,1,-1,-1,0,-1
2021-12-22,41187.5,40941.75,41503.5,16.58,17.54,0.6,1.778,-1209.82,,1,1,-1,0,1
2021-12-23,41787.3,41503.5,41947.0,15.83,16.58,0.684,1.018,-827.26,,1,1,0,0,2
2021-12-24,42067.8,41947.0,41509.05,16.15,15.83,0.288,0.622,-271.59,,0,1,0,0,1
2021-12-27,41459.65,41509.05,41618.65,17.12,16.15,-0.119,0.622,-715.0,,0,1,0,0,1
2021-12-28,41833.2,41618.65,41993.6,16.48,17.12,0.516,1.384,-1038.25,,1,1,-1,0,1
2021-12-29,42002.05,41993.6,41898.1,16.24,16.48,0.02,-0.101,207.31,,0,0,0,0,0
2021-12-30,41849.8,41898.1,41577.5,16.57,16.24,-0.115,0.14,-975.23,,0,0,0,0,0
2021-12-31,41641.05,41577.5,42217.9,16.22,16.57,0.153,-0.299,-986.32,,0,0,0,0,0
2022-01-03,42323.5,42217.9,42549.7,16.45,16.22,0.25,-0.263,575.39,,0,0,0,0,0
2022-01-04,42746.8,42549.7,42556.35,16.12,16.45,0.463,0.637,902.64,,1,1,0,0,2
2022-01-05,42574.4,42556.35,42760.4,17.23,16.12,0.042,-0.063,1273.86,,0,0,1,0,1
2022-01-06,42531.05,42760.4,42649.6,17.98,17.23,-0.536,-1.939,336.83,,-1,-1,0,0,-2
2022-01-07,42739.05,42649.6,42826.35,17.6,17.98,0.21,-0.096,-1926.77,,0,0,-1,0,-1
2022-01-10,42916.6,42826.35,42994.3,17.68,17.6,0.211,-0.405,496.27,,0,0,0,0,0
2022-01-11,43009.35,42994.3,42975.3,17.76,17.68,0.035,-0.144,-124.23,,0,0,0,0,0
2022-01-12,43240.85,42975.3,43295.75,17.18,17.76,0.618,0.916,111.91,,1,1,0,0,2
2022-01-13,43446.45,43295.75,43488.75,16.7,17.18,0.348,0.282,-1001.57,,1,0,-1,0,0
2022-01-14,43353.05,43488.75,43551.75,16.56,16.7,-0.312,-1.424,-1390.85,,-1,-1,-1,0,-3
2022-01-17,43605.05,43551.75,43713.25,16.77,16.56,0.122,0.082,-1598.2,,0,0,-1,0,-1
2022-01-18,43863.05,43713.25,42958.55,17.78,16.77,0.343,0.082,-855.47,,1,0,0,0,1
2022-01-19,43008.45,42958.55,42928.2,17.82,17.78,0.116,-1.839,-1254.95,,0,-1,-1,0,-2
2022-01-20,42990.85,42928.2,42895.85,17.79,17.82,0.146,-0.969,-2704.77,,0,-1,-1,0,-2
2022-01-21,42662.75,42895.85,42182.2,18.89,17.79,-0.543,-1.104,-4679.84,,-1,-1,-1,0,-3
2022-01-24,42198.75,42182.2,40616.05,22.83,18.89,0.039,-1.891,-3148.58,,0,-1,-1,0,-2
2022-01-25,40223.1,40616.05,40998.75,21.36,22.83,-0.967,0.277,-3751.58,,-1,0,-1,0,-2
2022-01-27,40665.05,40998.75,40299.3,21.07,21.36,-0.814,-0.15,-7094.48,,-1,0,-1,0,-2
2022-01-28,40591.65,40299.3,40633.2,20.7,21.07,0.725,-0.538,-6266.75,,1,-1,-1,0,-1
2022-01-31,41115.65,40633.2,41097.25,21.95,20.7,1.187,2.435,-5045.34,,1,1,-1,0,1
2022-02-01,41427.55,41097.25,41810.6,19.98,21.95,0.804,1.889,-3624.48,,1,1,-1,0,1
2022-02-02,42000.45,41810.6,42249.1,18.65,19.98,0.454,0.686,-21.79,,1,1,0,0,2
2022-02-03,42198.0,42249.1,42030.15,19.16,18.65,-0.121,0.942,-183.6,,0,1,0,0,1
2022-02-04,42117.8,42030.15,41998.0,18.9,19.16,0.209,-2.439,-1597.54,,0,-1,-1,0,-2
2022-02-07,42100.0,41998.0,41716.9,20.44,18.9,0.243,0.516,-2267.86,,0,1,-1,0,0
2022-02-08,41844.65,41716.9,41522.1,19.68,20.44,0.306,-0.37,-1157.23,,1,0,-1,0,0
2022-02-09,41736.9,41522.1,41991.9,18.56,19.68,0.517,0.84,-1967.89,,1,1,-1,0,1
2022-02-10,42117.9,41991.9,42165.35,17.71,18.56,0.3,1.452,-892.64,,1,1,0,0,2
2022-02-11,41920.0,42165.35,41553.05,18.68,17.71,-0.582,-1.812,-1732.58,,-1,-1,-1,0,-3
2022-02-14,40661.8,41553.05,40164.8,22.98,18.68,-2.145,-1.897,108.53,,-1,-1,0,0,-2
2022-02-15,40317.15,40164.8,41138.8,20.61,22.98,0.379,-0.384,-4253.7,,1,0,-1,0,0
2022-02-16,41412.6,41138.8,41058.2,20.59,20.61,0.666,1.577,-2298.76,,1,1,-1,0,1
2022-02-17,41265.2,41058.2,41145.65,22.01,20.59,0.504,0.088,-1890.96,,1,0,-1,0,0
2022-02-18,41002.65,41145.65,40709.15,22.17,22.01,-0.348,-2.117,-1242.1,,-1,-1,-1,0,-3
2022-02-21,40537.95,40709.15,40177.45,22.9,22.17,-0.421,-0.717,-2529.96,,-1,-1,-1,0,-3
2022-02-22,39289.15,40177.45,40096.95,26.66,22.9,-2.211,-0.717,-2261.9,,-1,-1,-1,0,-3
2022-02-23,40318.3,40096.95,40434.2,24.54,26.66,0.552,-1.014,-3245.52,,1,-1,-1,0,-1
2022-02-24,39060.05,40434.2,38165.2,31.98,24.54,-3.398,-1.841,-3417.16,,-1,-1,-1,0,-3
2022-02-25,38873.35,38165.2,39609.4,26.74,31.98,1.855,1.496,-6448.24,,1,1,-1,0,1
2022-02-28,39328.3,39609.4,40052.1,28.57,26.74,-0.71,2.237,-4470.7,,-1,1,-1,0,-1
2022-03-02,39798.85,40052.1,40063.9,29.23,28.57,-0.632,-1.547,-3948.47,,-1,-1,-1,0,-3
2022-03-03,40599.8,40063.9,40010.5,28.16,29.23,1.338,1.864,-4338.94,,1,1,-1,0,1
2022-03-04,39779.8,40010.5,39042.3,27.96,28.16,-0.577,-0.525,-6644.65,,-1,-1,-1,0,-3
2022-03-07,38404.15,39042.3,38014.9,29.33,27.96,-1.635,-0.793,-7631.02,,-1,-1,-1,0,-3
2022-03-08,38087.65,38014.9,38587.85,28.59,29.33,0.191,-2.952,-7482.08,,0,-1,-1,0,-2
2022-03-09,38905.35,38587.85,39132.9,27.47,28.59,0.823,-0.723,-8142.6,,1,-1,-1,0,-1
2022-03-10,39959.5,39132.9,39890.8,25.58,27.47,2.112,2.57,-4818.71,,1,1,-1,0,1
2022-03-11,39813.5,39890.8,40087.1,25.35,25.58,-0.194,-0.429,-1981.15,,0,0,-1,0,-1
2022-03-14,40121.45,40087.1,39939.85,25.68,25.35,0.086,-1.296,-2263.9,,0,-1,-1,0,-2
2022-03-15,40028.3,39939.85,39567.35,26.73,25.68,0.221,-0.742,-176.52,,0,-1,0,0,-1
2022-03-16,40015.35,39567.35,40462.0,24.12,26.73,1.132,2.141,-1249.74,,1,1,-1,0,1
2022-03-17,40906.6,40462.0,41059.0,22.61,24.12,1.099,2.238,311.99,,1,1,0,0,2
2022-03-21,41183.6,41059.0,40504.25,24.62,22.61,0.303,1.166,2800.14,,1,1,1,0,3
2022-03-22,40554.35,40504.25,40572.85,24.07,24.62,0.124,-0.043,-2962.12,,0,0,-1,0,-1
2022-03-23,40838.95,40572.85,40660.95,24.75,24.07,0.656,1.13,384.48,,1,1,0,0,2
2022-03-24,40505.1,40660.95,40738.0,23.93,24.75,-0.383,-1.227,481.33,,-1,-1,0,0,-2
2022-03-25,40959.2,40738.0,40754.55,23.43,23.93,0.543,1.434,-1740.71,,1,1,-1,0,1
2022-03-28,40903.2,40754.55,40614.8,22.61,23.43,0.365,0.507,-1507.37,,1,1,-1,0,1
2022-03-29,40828.15,40614.8,40811.95,21.3,22.61,0.525,0.714,-801.41,,1,1,0,0,2
2022-03-30,41106.75,40811.95,41054.7,20.61,21.3,0.722,1.226,35.47,,1,1,0,0,2
2022-03-31,41177.0,41054.7,41115.4,20.56,20.61,0.298,-0.629,1357.47,,0,-1,1,0,0
2022-04-01,41236.35,41115.4,41754.1,18.43,20.56,0.294,-1.565,3088.73,,0,-1,1,0,0
2022-04-04,41912.0,41754.1,42403.9,17.91,18.43,0.378,0.341,1909.78,,1,0,1,0,2
2022-04-05,42628.2,42403.9,42753.25,18.49,17.91,0.529,0.809,1152.21,,1,1,1,0,3
2022-04-06,42636.05,42753.25,42910.45,19.02,18.49,-0.274,-1.255,374.89,,0,-1,0,0,-1
2022-04-07,42977.7,42910.45,42784.3,19.0,19.02,0.157,-0.972,-2279.97,,0,-1,-1,0,-2
2022-04-08,43113.85,42784.3,43445.9,17.69,19.0,0.77,0.425,-5009.62,,1,0,-1,0,0
2022-04-11,43580.55,43445.9,43878.15,18.27,17.69,0.31,-0.265,-575.04,,1,0,0,0,1
2022-04-12,43982.0,43878.15,43382.2,18.16,18.27,0.237,-1.688,-1145.24,,0,-1,-1,0,-2
2022-04-13,43625.25,43382.2,43443.9,17.79,18.16,0.56,-0.342,-3128.39,,1,0,-1,0,0
2022-04-18,43185.5,43443.9,43289.4,19.34,17.79,-0.595,-1.214,-2061.04,,-1,-1,-1,0,-3
2022-04-19,43631.7,43289.4,42500.45,19.77,19.34,0.791,-0.02,-6387.45,,1,0,-1,0,0
2022-04-20,42780.45,42500.45,42713.0,18.67,19.77,0.659,1.606,-5871.69,,1,1,-1,0,1
2022-04-21,43037.95,42713.0,43256.15,17.85,18.67,0.761,-0.062,-3009.26,,1,0,-1,0,0
2022-04-22,43075.5,43256.15,42934.55,18.35,17.85,-0.418,-1.475,-713.69,,-1,-1,0,0,-2
2022-04-25,42498.75,42934.55,42084.35,21.26,18.35,-1.015,-2.774,-2461.72,,-1,-1,-1,0,-3
2022-04-26,42505.35,42084.35,43072.25,19.19,21.26,1.0,0.57,-3302.85,,1,1,-1,0,1
2022-04-27,42830.65,43072.25,42504.75,20.61,19.19,-0.561,-2.815,-1174.05,,-1,-1,-1,0,-3
2022-04-28,42941.85,42504.75,43086.1,19.38,20.61,1.028,0.21,-4064.54,,1,0,-1,0,0
2022-04-29,43309.7,43086.1,42533.95,19.42,19.38,0.519,2.475,743.22,,1,1,0,0,2
2022-05-02,42268.7,42533.95,42381.15,20.28,19.42,-0.624,-3.628,-3648.3,,-1,-1,-1,0,-3
2022-05-04,42523.35,42381.15,41162.35,21.88,20.28,0.336,0.484,-1853.46,,1,0,-1,0,0
2022-05-05,41603.7,41162.35,41225.65,20.29,21.88,1.072,2.986,-3288.18,,1,1,-1,0,1
2022-05-06,40511.05,41225.65,40354.25,21.25,20.29,-1.733,-3.565,-2074.74,,-1,-1,-1,0,-3
2022-05-09,40028.25,40354.25,39574.65,22.03,21.25,-0.808,-0.567,-5517.08,,-1,-1,-1,0,-3
2022-05-10,39543.75,39574.65,38690.15,22.3,22.03,-0.078,-3.204,-3361.8,,0,-1,-1,0,-2
2022-05-11,38857.8,38690.15,38645.7,22.8,22.3,0.433,0.246,-3960.59,,1,0,-1,0,0
2022-05-12,38462.05,38645.7,37675.85,24.27,22.8,-0.475,-1.646,-3609.35,,-1,-1,-1,0,-3
2022-05-13,38171.25,37675.85,37507.5,23.49,24.27,1.315,-0.13,-5255.75,,1,0,-1,0,0
2022-05-16,37858.45,37507.5,38074.05,24.53,23.49,0.936,2.387,-3780.08,,1,1,-1,0,1
2022-05-17,38480.05,38074.05,39047.75,22.74,24.53,1.066,-0.395,-1788.93,,1,0,-1,0,0
2022-05-18,39311.0,39047.75,39069.0,22.3,22.74,0.674,2.017,-2192.44,,1,1,-1,0,1
2022-05-19,38119.35,39069.0,38000.0,24.56,22.3,-2.431,-4.04,-1254.64,,-1,-1,-1,0,-3
2022-05-20,38611.95,38000.0,38569.15,23.1,24.56,1.61,-0.583,-4899.92,,1,-1,-1,0,-1
2022-05-23,38663.35,38569.15,38234.15,23.4,23.1,0.244,0.015,-1265.41,,0,0,-1,0,-1
2022-05-24,38381.9,38234.15,37912.45,25.64,23.4,0.386,1.856,-1951.17,,1,1,-1,0,1
2022-05-25,38068.95,37912.45,37268.3,25.28,25.64,0.413,-0.812,-2393.45,,1,-1,-1,0,-1
2022-05-26,37460.65,37268.3,37784.1,22.72,25.28,0.516,0.945,-1803.06,,1,1,-1,0,1
2022-05-27,38105.1,37784.1,38039.6,21.48,22.72,0.85,1.988,-1597.84,,1,1,-1,0,1
2022-05-30,38418.55,38039.6,38945.8,19.98,21.48,0.996,2.474,-1943.1,,1,1,-1,0,1
2022-05-31,38872.55,38945.8,38981.8,20.48,19.98,-0.188,2.474,502.08,,0,1,0,0,1
2022-06-01,38955.9,38981.8,38615.7,20.85,20.48,-0.066,-0.627,-1003.56,,0,-1,-1,0,-2
2022-06-02,38574.65,38615.7,38818.5,20.32,20.85,-0.106,-0.748,-1930.16,,0,-1,-1,0,-2
2022-06-03,39095.15,38818.5,38257.55,19.98,20.32,0.713,1.843,-451.82,,1,1,0,0,2
2022-06-06,38179.0,38257.55,38146.2,20.2,19.98,-0.205,-1.635,-3770.51,,0,-1,-1,0,-2
2022-06-07,37934.0,38146.2,37826.1,20.43,20.2,-0.556,0.314,-2397.65,,-1,0,-1,0,-2
2022-06-08,37965.9,37826.1,37707.95,19.84,20.43,0.37,0.952,-2293.98,,1,1,-1,0,1
2022-06-09,37540.8,37707.95,38002.95,19.14,19.84,-0.443,-1.079,-2484.25,,-1,-1,-1,0,-3
2022-06-10,37654.4,38002.95,37657.15,19.58,19.14,-0.917,-2.38,-1512.64,,-1,-1,-1,0,-3
2022-06-13,37019.6,37657.15,36842.0,22.37,19.58,-1.693,-2.911,-3973.95,,-1,-1,-1,0,-3
2022-06-14,36859.9,36842.0,36955.45,21.89,22.37,0.049,-3.877,-4164.01,,0,-1,-1,0,-2
2022-06-15,37192.85,36955.45,37036.1,22.15,21.89,0.642,-0.377,-4502.25,,1,0,-1,0,0
2022-06-16,37438.0,37036.1,36268.7,22.87,22.15,1.085,1.459,-3531.15,,1,1,-1,0,1
2022-06-17,36037.1,36268.7,35668.2,22.76,22.87,-0.639,-3.251,-3257.65,,-1,-1,-1,0,-3
2022-06-20,35805.95,35668.2,35405.4,22.41,22.76,0.386,0.22,-7818.61,,1,0,-1,0,0
2022-06-21,35729.65,35405.4,36381.05,21.14,22.41,0.916,0.22,-1217.12,,1,0,-1,0,0
2022-06-22,36232.65,36381.05,35716.25,21.3,21.14,-0.408,2.448,-2701.21,,-1,1,-1,0,-1
2022-06-23,35811.7,35716.25,36141.1,20.88,21.3,0.267,-0.13,-2920.61,,0,0,-1,0,-1
2022-06-24,36419.9,36141.1,36616.3,20.55,20.88,0.771,0.953,-2319.06,,1,1,-1,0,1
2022-06-27,37066.25,36616.3,36882.45,21.01,20.55,1.229,3.056,-2353.77,,1,1,-1,0,1
2022-06-28,36772.1,36882.45,36937.25,21.45,21.01,-0.299,-0.297,-1278.42,,0,0,-1,0,-1
2022-06-29,36566.0,36937.25,36679.25,21.9,21.45,-1.005,-2.014,-1244.44,,-1,-1,-1,0,-3
2022-06-30,36712.15,36679.25,36505.4,21.84,21.9,0.09,-0.071,-851.06,,0,0,0,0,0
2022-07-01,36477.95,36505.4,36901.2,21.25,21.84,-0.075,-0.876,-1138.05,,0,-1,-1,0,-2
2022-07-04,36937.15,36901.2,37273.9,20.97,21.25,0.097,1.055,-2324.74,,0,1,-1,0,0
2022-07-05,37439.8,37273.9,37306.0,20.79,20.97,0.445,1.055,-2149.56,,1,1,-1,0,1
2022-07-06,37318.9,37306.0,37937.65,20.27,20.79,0.035,0.158,1295.84,,0,0,1,0,1
2022-07-07,38230.4,37937.65,38264.4,19.2,20.27,0.772,0.357,-330.13,,1,0,0,0,1
2022-07-08,38499.75,38264.4,38374.65,18.4,19.2,0.615,1.496,-925.22,,1,1,0,0,2
2022-07-11,38292.05,38374.65,38979.6,18.37,18.4,-0.215,-0.083,-109.31,,0,0,0,0,0
2022-07-12,38854.35,38979.6,38849.25,18.55,18.37,-0.321,-1.153,-170.51,,-1,-1,0,0,-2
2022-07-13,39047.75,38849.25,38835.75,18.52,18.55,0.511,-0.924,-1565.68,,1,-1,-1,0,-1
2022-07-14,39010.35,38835.75,38791.35,18.34,18.52,0.45,-0.446,-2839.52,,1,0,-1,0,0
2022-07-15,38960.75,38791.35,38944.35,17.6,18.34,0.437,-0.3,309.06,,1,0,0,0,1
2022-07-18,39228.45,38944.35,39466.75,17.16,17.6,0.729,1.92,-1649.36,,1,1,-1,0,1
2022-07-19,39347.7,39466.75,39657.7,17.2,17.16,-0.302,-0.836,156.08,,-1,-1,0,0,-2
2022-07-20,40022.7,39657.7,39730.55,16.82,17.2,0.92,2.763,976.4,,1,1,0,0,2
2022-07-21,39761.95,39730.55,40314.4,16.86,16.82,0.079,0.59,1780.94,,0,1,1,0,2
2022-07-22,40472.7,40314.4,40165.0,16.65,16.86,0.393,0.986,1799.32,,1,1,1,0,3
2022-07-25,40213.25,40165.0,40122.5,17.68,16.65,0.12,-0.933,-675.45,,0,-1,0,0,-1
2022-07-26,40164.1,40122.5,39613.1,18.17,17.68,0.104,0.132,-844.78,,0,0,0,0,0
2022-07-27,39579.65,39613.1,39938.85,18.13,18.17,-0.084,-1.154,-1548.29,,0,-1,-1,0,-2
2022-07-28,40112.15,39938.85,40397.6,17.01,18.13,0.434,2.616,-436.81,,1,1,0,0,2
2022-07-29,40675.1,40397.6,40906.15,16.55,17.01,0.687,1.213,1637.69,,1,1,1,0,3
2022-08-01,41124.95,40906.15,41499.75,17.49,16.55,0.535,1.421,1046.32,,1,1,1,0,3
2022-08-02,41536.9,41499.75,41674.05,18.53,17.49,0.09,-0.282,2320.61,,0,0,1,0,1
2022-08-03,41666.4,41674.05,41514.1,18.45,18.53,-0.018,-0.666,825.18,,0,-1,0,0,-1
2022-08-04,41719.5,41514.1,41724.9,19.26,18.45,0.495,1.564,765.17,,1,1,0,0,2
2022-08-05,41899.05,41724.9,41684.25,18.92,19.26,0.417,-0.078,1474.77,,1,0,1,0,2
2022-08-08,41766.85,41684.25,41894.15,19.3,18.92,0.198,-0.163,1605.81,,0,0,1,0,1
2022-08-10,42026.3,41894.15,41748.85,19.59,19.3,0.315,-0.425,1449.7,,1,0,1,0,2
2022-08-11,42038.0,41748.85,42095.3,18.36,19.59,0.693,2.129,1061.88,,1,1,1,0,3
2022-08-12,42132.0,42095.3,42211.4,17.61,18.36,0.087,-0.071,2298.08,,0,0,1,0,1
2022-08-16,42428.3,42211.4,42877.5,17.68,17.61,0.514,0.397,3040.46,,1,0,1,0,2
2022-08-17,43035.85,42877.5,43313.05,17.68,17.68,0.369,0.188,1376.84,,1,0,1,0,2
2022-08-18,43299.65,43313.05,43576.9,17.35,17.68,-0.031,-0.724,2347.22,,0,-1,1,0,0
2022-08-19,43708.05,43576.9,43133.8,18.29,17.35,0.301,0.227,-1706.0,,1,0,-1,0,0
2022-08-22,43042.0,43133.8,42337.5,19.04,18.29,-0.213,-1.29,1110.9,,0,-1,1,0,0
2022-08-23,41959.95,42337.5,42543.55,19.05,19.04,-0.892,-2.14,-453.77,,-1,-1,0,0,-2
2022-08-24,42533.05,42543.55,42797.25,18.43,19.05,-0.025,-0.224,563.0,,0,0,0,0,0
2022-08-25,42999.65,42797.25,42808.5,19.57,18.43,0.473,0.292,23.19,,1,0,0,0,1
2022-08-26,43082.1,42808.5,43030.6,18.22,19.57,0.639,1.409,369.06,,1,1,0,0,2
2022-08-29,41917.25,43030.6,42773.6,19.82,18.22,-2.587,-3.369,-51.12,,-1,-1,0,0,-2
2022-08-30,43101.25,42773.6,43709.15,18.7,19.82,0.766,-0.667,-561.22,,1,-1,0,0,0
2022-09-01,43403.9,43709.15,43713.8,19.87,18.7,-0.698,-0.782,4165.86,,-1,-1,1,0,-1
2022-09-02,43964.4,43713.8,43633.55,19.55,19.87,0.573,0.3,-2290.31,,1,0,-1,0,0
2022-09-05,43748.15,43633.55,43582.75,19.66,19.55,0.263,-1.074,-8.79,,0,-1,0,0,-1
2022-09-06,43806.9,43582.75,43865.65,19.52,19.66,0.514,-1.074,-811.75,,1,-1,0,0,0
2022-09-07,43767.25,43865.65,44019.45,19.37,19.52,-0.224,-0.41,1144.53,,0,0,1,0,1
2022-09-08,44331.85,44019.45,44137.45,18.31,19.37,0.71,1.834,758.37,,1,1,0,0,2
2022-09-09,44477.65,44137.45,44109.95,17.72,18.31,0.771,0.661,2913.09,,1,1,1,0,3
2022-09-12,44268.7,44109.95,44635.65,17.94,17.72,0.36,1.527,2132.42,,1,1,1,0,3
2022-09-13,44887.4,44635.65,44928.65,17.47,17.94,0.564,1.058,2049.65,,1,1,1,0,3
2022-09-14,44239.25,44928.65,45133.3,18.28,17.47,-1.534,-4.324,1956.98,,-1,-1,1,0,-1
2022-09-15,45408.75,45133.3,45413.4,18.39,18.28,0.61,0.339,-1397.51,,1,0,-1,0,0
2022-09-16,45275.75,45413.4,44093.35,19.82,18.39,-0.303,-1.132,-1270.68,,-1,-1,-1,0,-3
2022-09-19,44255.25,44093.35,44238.35,19.94,19.82,0.367,-0.718,-3260.05,,1,-1,-1,0,-1
2022-09-20,44654.85,44238.35,44735.7,18.8,19.94,0.941,0.686,312.31,,1,1,0,0,2
2022-09-21,44752.4,44735.7,44021.15,19.33,18.8,0.037,-1.127,1196.19,,0,-1,1,0,0
2022-09-22,43857.0,44021.15,44207.2,18.82,19.33,-0.373,-1.712,-461.04,,-1,-1,0,0,-2
2022-09-23,44292.55,44207.2,43415.05,20.59,18.82,0.193,-0.843,-2509.55,,0,-1,-1,0,-2
2022-09-26,43071.8,43415.05,42236.05,21.89,20.59,-0.791,-1.723,-2899.68,,-1,-1,-1,0,-3
2022-09-27,42459.4,42236.05,42347.8,21.57,21.89,0.529,-1.034,-5101.3,,1,-1,-1,0,-1
2022-09-28,42043.8,42347.8,42083.8,22.1,21.57,-0.718,-0.212,-2823.96,,-1,0,-1,0,-2
2022-09-29,42463.85,42083.8,41949.25,21.3,22.1,0.903,1.967,-2772.49,,1,1,-1,0,1
2022-09-30,41913.8,41949.25,42385.45,19.97,21.3,-0.085,-2.113,-3599.42,,0,-1,-1,0,-2
2022-10-03,42422.1,42385.45,41412.25,21.37,19.97,0.086,-1.507,-1565.31,,0,-1,-1,0,-2
2022-10-04,42209.5,41412.25,42381.4,19.57,21.37,1.925,2.588,590.58,,1,1,0,0,2
2022-10-06,42675.5,42381.4,42717.75,19.32,19.57,0.694,-0.202,1344.63,,1,0,1,0,2
2022-10-07,42723.3,42717.75,42646.7,18.81,19.32,0.013,-1.025,279.01,,0,-1,0,0,-1
2022-10-10,42122.8,42646.7,42292.45,19.62,18.81,-1.228,-2.8,-2250.77,,-1,-1,-1,0,-3
2022-10-11,42506.55,42292.45,41514.7,20.49,19.62,0.506,-0.749,-2139.02,,1,-1,-1,0,-1
2022-10-12,41644.1,41514.7,41847.65,20.18,20.49,0.312,-0.652,-4612.67,,1,-1,-1,0,-1
2022-10-13,41847.45,41847.65,41438.0,20.29,20.18,-0.0,-0.329,-542.36,,0,0,0,0,0
2022-10-14,42108.5,41438.0,41287.8,18.26,20.29,1.618,2.597,-1636.43,,1,1,-1,0,1
2022-10-17,41239.75,41287.8,41555.8,18.42,18.26,-0.116,-2.366,-1011.23,,0,-1,-1,0,-2
2022-10-18,41757.3,41555.8,41984.6,17.45,18.42,0.485,2.648,-372.03,,1,1,0,0,2
2022-10-19,42156.7,41984.6,41933.5,17.49,17.45,0.41,1.143,-153.4,,1,1,0,0,2
2022-10-20,41793.5,41933.5,42339.8,17.23,17.49,-0.334,-0.667,-453.91,,-1,-1,0,0,-2
2022-10-21,42433.7,42339.8,41777.55,17.28,17.23,0.222,-0.795,1864.79,,0,-1,1,0,0
2022-10-24,42215.75,41777.55,41912.0,17.42,17.28,1.049,2.372,438.89,,1,1,0,0,2
2022-10-25,41979.4,41912.0,41914.8,16.88,17.42,0.161,1.188,438.89,,0,1,0,0,1
2022-10-27,42169.1,41914.8,42395.3,16.6,16.88,0.607,-0.739,-247.01,,1,-1,0,0,0
2022-10-28,42467.1,42395.3,42189.55,15.92,16.6,0.169,-0.608,2818.4,,0,-1,1,0,0
2022-10-31,42326.4,42189.55,42623.85,15.8,15.92,0.324,2.463,1568.75,,1,1,1,0,3
2022-11-01,42765.15,42623.85,43059.05,16.13,15.8,0.331,-0.745,4178.61,,1,-1,1,0,1
2022-11-02,43069.85,43059.05,42968.45,16.66,16.13,0.025,-0.41,2609.94,,0,0,1,0,1
2022-11-03,42727.3,42968.45,43018.55,15.94,16.66,-0.561,-2.5,1436.3,,-1,-1,1,0,-1
2022-11-04,43082.55,43018.55,43097.3,15.66,15.94,0.149,-1.059,677.62,,0,-1,0,0,-1
2022-11-07,43312.5,43097.3,43284.5,15.59,15.66,0.499,1.362,1436.25,,1,1,1,0,3
2022-11-09,43454.9,43284.5,43199.7,15.92,15.59,0.394,0.56,1948.51,,1,1,1,0,3
2022-11-10,43074.1,43199.7,42778.1,15.57,15.92,-0.291,-2.078,386.83,,0,-1,0,0,-1
2022-11-11,43224.2,42778.1,43189.0,14.41,15.57,1.043,5.543,36.06,,1,1,0,0,2
2022-11-14,43283.85,43189.0,43419.9,14.91,14.41,0.22,0.924,3958.23,,0,1,1,0,2
2022-11-15,43530.3,43419.9,43492.6,14.64,14.91,0.254,-0.894,1089.41,,0,-1,1,0,0
2022-11-16,43539.25,43492.6,43173.9,15.1,14.64,0.107,0.871,-221.32,,0,1,0,0,1
2022-11-17,43148.75,43173.9,42848.95,14.88,15.1,-0.058,-0.825,-386.06,,0,-1,0,0,-1
2022-11-18,42995.75,42848.95,42605.75,14.39,14.88,0.343,-0.309,618.37,,1,0,0,0,1
2022-11-21,42571.25,42605.75,42371.55,14.8,14.39,-0.081,0.476,-751.2,,0,0,0,0,0
2022-11-22,42398.8,42371.55,42473.3,13.84,14.8,0.064,-0.388,-1593.83,,0,0,-1,0,-1
2022-11-23,42631.85,42473.3,42554.4,14.04,13.84,0.373,1.358,-697.83,,1,1,0,0,2
2022-11-24,42680.4,42554.4,42717.6,13.48,14.04,0.296,0.591,-789.86,,0,1,0,0,1
2022-11-25,42850.7,42717.6,42835.4,13.33,13.48,0.312,0.591,1231.98,,1,1,1,0,3
2022-11-28,42874.65,42835.4,42929.3,13.57,13.33,0.092,-0.028,369.08,,0,0,0,0,0
2022-11-29,42995.9,42929.3,43147.1,13.62,13.57,0.155,-1.544,935.88,,0,-1,0,0,-1
2022-11-30,43237.45,43147.1,43687.9,13.81,13.62,0.209,-0.159,1241.57,,0,0,1,0,1
2022-12-01,43927.5,43687.9,43857.45,13.36,13.81,0.548,3.095,9010.41,,1,1,1,0,3
2022-12-02,43918.85,43857.45,43920.5,13.45,13.36,0.14,-0.087,-1565.93,,0,0,-1,0,-1
2022-12-05,44028.45,43920.5,43845.25,13.73,13.45,0.246,-0.119,214.76,,0,0,0,0,0
2022-12-06,43781.2,43845.25,43806.2,14.04,13.73,-0.146,-1.789,-1139.07,,0,-1,-1,0,-2
2022-12-07,43936.7,43806.2,43892.2,14.08,14.04,0.298,-1.44,-635.35,,0,-1,0,0,-1
2022-12-08,44001.45,43892.2,44068.45,13.4,14.08,0.249,-0.186,-1241.87,,0,0,-1,0,-1
2022-12-09,44260.45,44068.45,43798.6,13.48,13.4,0.436,0.752,-1131.67,,1,1,-1,0,1
2022-12-12,43798.8,43798.6,43806.9,13.32,13.48,0.0,-0.735,-158.01,,0,-1,0,0,-1
2022-12-13,43964.95,43806.9,43734.35,12.88,13.32,0.361,1.428,-138.81,,1,1,0,0,2
2022-12-14,43851.3,43734.35,43937.1,12.89,12.88,0.267,0.729,619.92,,0,1,0,0,1
2022-12-15,43895.9,43937.1,43544.1,13.73,12.89,-0.094,-0.605,372.16,,0,-1,0,0,-1
2022-12-16,43396.95,43544.1,42986.3,14.07,13.73,-0.338,-2.492,-710.74,,-1,-1,0,0,-2
2022-12-19,43031.7,42986.3,43413.5,13.55,14.07,0.106,-1.114,-1975.44,,0,-1,-1,0,-2
2022-12-20,43348.7,43413.5,43329.25,13.78,13.55,-0.149,-0.901,-538.1,,0,-1,0,0,-1
2022-12-21,43464.1,43329.25,42638.65,15.56,13.78,0.311,0.104,455.94,,1,0,0,0,1
2022-12-22,42775.45,42638.65,42326.35,15.19,15.56,0.321,1.487,-1119.11,,1,1,-1,0,1
2022-12-23,42008.15,42326.35,40753.8,16.16,15.19,-0.752,-1.445,928.63,,-1,-1,0,0,-2
2022-12-27,41946.7,40753.8,42139.4,15.29,16.16,2.927,0.587,-497.65,,1,1,0,0,2
2022-12-28,42116.6,42139.4,42261.45,15.4,15.29,-0.054,-0.405,-867.65,,0,0,0,0,0
2022-12-29,42089.45,42261.45,42252.55,14.81,15.4,-0.407,-1.202,-872.59,,-1,-1,0,0,-2
2022-12-30,42542.75,42252.55,42187.65,14.87,14.81,0.687,1.746,-572.78,,1,1,0,0,2
2023-01-02,42321.1,42187.65,42248.4,14.69,14.87,0.316,-0.254,-2950.89,,1,0,-1,0,0
2023-01-03,42332.65,42248.4,42434.25,14.39,14.69,0.199,-0.254,-212.57,,0,0,0,0,0
2023-01-04,42454.3,42434.25,41861.25,15.2,14.39,0.047,-0.4,-628.07,,0,0,0,0,0
2023-01-05,42042.1,41861.25,42150.5,14.98,15.2,0.432,0.754,-2620.89,,1,1,-1,0,1
2023-01-06,42197.35,42150.5,41841.35,15.03,14.98,0.111,-1.165,-1449.45,,0,-1,-1,0,-2
2023-01-09,42093.3,41841.35,42179.75,14.65,15.03,0.602,2.284,-2902.46,,1,1,-1,0,1
2023-01-10,42250.0,42179.75,42026.3,15.51,14.65,0.167,-0.077,-203.13,,0,0,0,0,0
2023-01-11,42103.8,42026.3,41889.9,15.44,15.51,0.184,0.698,-2109.34,,0,1,-1,0,0
2023-01-12,41974.9,41889.9,41978.9,15.28,15.44,0.203,1.285,-3208.15,,0,1,-1,0,0
2023-01-13,42052.7,41978.9,42152.45,14.46,15.28,0.176,0.342,-1662.63,,0,0,-1,0,-1
2023-01-16,42201.45,42152.45,42125.15,15.02,14.46,0.116,0.4,-2422.39,,0,0,-1,0,-1
2023-01-17,42186.7,42125.15,42161.5,14.59,15.02,0.146,0.4,-750.59,,0,0,0,0,0
2023-01-18,42206.5,42161.5,42165.05,14.37,14.59,0.107,-0.203,211.06,,0,0,0,0,0
2023-01-19,42057.3,42165.05,42019.1,13.96,14.37,-0.256,-1.556,-319.23,,0,-1,0,0,-1
2023-01-20,42042.75,42019.1,41861.45,13.79,13.96,0.056,-0.764,399.98,,0,-1,0,0,-1
2023-01-23,41960.9,41861.45,41926.25,13.62,13.79,0.238,1.892,-2002.25,,0,1,-1,0,0
2023-01-24,42037.85,41926.25,41820.65,13.66,13.62,0.266,1.188,-219.87,,0,1,0,0,1
2023-01-25,41673.3,41820.65,40768.2,14.66,13.66,-0.352,-0.071,-760.51,,-1,0,0,0,-1
2023-01-27,40683.8,40768.2,39250.45,17.32,14.66,-0.207,1.101,-2393.94,,0,1,-1,0,0
2023-01-30,38952.2,39250.45,38802.95,17.71,17.32,-0.76,0.249,-5977.86,,-1,0,-1,0,-2
2023-01-31,38849.45,38802.95,39199.3,16.88,17.71,0.12,-1.297,-6792.8,,0,-1,-1,0,-2
2023-02-01,39488.2,39199.3,38565.15,16.78,16.88,0.737,1.464,-5439.64,,1,1,-1,0,1
2023-02-02,38293.1,38565.15,38473.9,15.73,16.78,-0.705,1.045,1785.21,,-1,1,1,0,1
2023-02-03,38455.4,38473.9,38464.15,14.4,15.73,-0.048,1.47,-3065.35,,0,1,-1,0,0
2023-02-06,38463.6,38464.15,38677.6,14.69,14.4,-0.001,-1.035,-932.44,,0,-1,0,0,-1
2023-02-07,38644.65,38677.6,38615.5,14.13,14.69,-0.085,-0.614,-1218.14,,0,-1,-1,0,-2
2023-02-08,38704.8,38615.5,38961.0,13.6,14.13,0.231,1.287,-2559.96,,0,1,-1,0,0
2023-02-09,38894.65,38961.0,38767.25,13.04,13.6,-0.17,-1.108,-736.82,,0,-1,0,0,-1
2023-02-10,38683.45,38767.25,38735.4,12.75,13.04,-0.216,-0.883,-144.73,,0,-1,0,0,-1
2023-02-13,38674.75,38735.4,38177.1,13.68,12.75,-0.157,0.22,1458.02,,0,0,1,0,1
2023-02-14,38130.3,38177.1,38134.85,13.45,13.68,-0.123,1.145,1322.39,,0,1,1,0,2
2023-02-15,38042.45,38134.85,38405.2,12.86,13.45,-0.242,-0.028,1305.3,,0,0,1,0,1
2023-02-16,38488.55,38405.2,38680.1,12.89,12.86,0.217,0.277,432.15,,0,0,0,0,0
2023-02-17,38526.9,38680.1,38439.4,13.09,12.89,-0.396,-1.379,1570.62,,-1,-1,1,0,-1
2023-02-20,38447.6,38439.4,38319.3,13.38,13.09,0.021,-0.277,-624.61,,0,0,0,0,0
2023-02-21,38417.6,38319.3,38248.25,14.01,13.38,0.257,-0.277,-158.95,,0,0,0,0,0
2023-02-22,38074.35,38248.25,37698.0,15.59,14.01,-0.455,-2.004,525.8,,-1,-1,0,0,-2
2023-02-23,37709.2,37698.0,37536.3,15.08,15.59,0.03,-0.157,-579.82,,0,0,0,0,0
2023-02-24,37622.25,37536.3,37504.2,14.19,15.08,0.229,0.533,-1417.24,,0,1,-1,0,0
2023-02-27,37372.5,37504.2,37153.15,13.88,14.19,-0.351,-1.054,-1470.34,,-1,-1,-1,0,-3
2023-02-28,37159.6,37153.15,37252.55,14.02,13.88,0.017,0.307,-2022.52,,0,0,-1,0,-1
2023-03-01,37294.15,37252.55,37686.65,13.0,14.02,0.112,-0.304,-4559.21,,0,0,-1,0,-1
2023-03-02,37724.25,37686.65,37665.6,12.97,13.0,0.1,-0.473,-424.88,,0,0,0,0,0
2023-03-03,37921.45,37665.6,38008.05,12.18,12.97,0.679,0.758,12770.81,,1,1,1,0,3
2023-03-06,38234.95,38008.05,38310.55,12.27,12.18,0.597,1.615,246.24,,1,1,0,0,2
2023-03-08,38209.8,38310.55,38452.8,12.45,12.27,-0.263,-1.533,721.37,,0,-1,0,0,-1
2023-03-09,38570.3,38452.8,38171.85,12.73,12.45,0.306,0.141,3671.56,,1,0,1,0,2
2023-03-10,37935.0,38171.85,38083.2,13.41,12.73,-0.62,-1.846,-561.78,,-1,-1,0,0,-2
2023-03-13,38101.05,38083.2,37594.95,16.22,13.41,0.047,-1.448,-2061.47,,0,-1,-1,0,-2
2023-03-14,37611.95,37594.95,37375.55,16.22,16.22,0.045,-0.151,-1546.86,,0,0,-1,0,-1
2023-03-15,37586.6,37375.55,37354.0,16.3,16.22,0.565,1.648,-3086.96,,1,1,-1,0,1
2023-03-16,37348.9,37354.0,37579.15,16.22,16.3,-0.014,-0.698,-1271.25,,0,-1,-1,0,-2
2023-03-17,37895.7,37579.15,37787.35,14.77,16.22,0.842,1.756,-282.06,,1,1,0,0,2
2023-03-20,37572.15,37787.35,37512.45,16.01,14.77,-0.57,-1.102,-1766.53,,-1,-1,-1,0,-3
2023-03-21,37690.25,37512.45,37728.7,15.08,16.01,0.474,0.892,-2545.87,,1,1,-1,0,1
2023-03-22,37895.3,37728.7,37973.0,14.81,15.08,0.442,1.298,-1454.63,,1,1,-1,0,1
2023-03-23,37894.6,37973.0,37818.55,14.49,14.81,-0.206,-1.646,61.72,,0,-1,0,0,-1
2023-03-24,37929.0,37818.55,37528.55,15.24,14.49,0.292,0.298,-995.01,,0,0,0,0,0
2023-03-27,37570.9,37528.55,37334.0,15.45,15.24,0.113,0.564,-1720.44,,0,1,-1,0,0
2023-03-28,37319.4,37334.0,36982.3,15.1,15.45,-0.039,0.165,-890.64,,0,0,0,0,0
2023-03-29,36911.45,36982.3,37279.0,13.63,15.1,-0.192,-0.157,1531.13,,0,0,1,0,1
2023-03-31,37493.0,37279.0,37797.75,12.94,13.63,0.574,0.572,1245.39,,1,1,1,0,3
2023-04-03,37987.45,37797.75,37891.35,12.59,12.94,0.502,1.444,357.86,,1,1,0,0,2
2023-04-05,37905.3,37891.35,38094.3,12.41,12.59,0.037,-0.58,321.93,,0,-1,0,0,-1
2023-04-06,38119.4,38094.3,38187.05,11.8,12.41,0.066,-0.249,806.82,,0,0,0,0,0
2023-04-10,38293.7,38187.05,38296.75,12.27,11.8,0.279,0.358,475.81,,0,0,0,0,0
2023-04-11,38467.55,38296.75,38379.65,11.98,12.27,0.446,0.1,882.52,,1,0,0,0,1
2023-04-12,38482.35,38379.65,38560.9,12.27,11.98,0.268,-0.004,342.84,,0,0,0,0,0
2023-04-13,38592.0,38560.9,38496.75,11.91,12.27,0.081,-0.413,1907.95,,0,0,1,0,1
2023-04-17,38498.35,38496.75,38663.5,12.27,11.91,0.004,-0.207,221.85,,0,0,0,0,0
2023-04-18,38745.9,38663.5,38806.15,12.08,12.27,0.213,0.331,-533.2,,0,0,0,0,0
2023-04-19,38834.5,38806.15,38459.95,12.15,12.08,0.073,0.086,-810.6,,0,0,0,0,0
2023-04-20,38513.5,38459.95,38475.65,11.94,12.15,0.139,-0.008,-13.17,,0,0,0,0,0
2023-04-21,38524.0,38475.65,38426.05,11.63,11.94,0.126,-0.595,-1169.32,,0,-1,-1,0,-2
2023-04-24,38521.75,38426.05,38572.0,11.67,11.63,0.249,0.09,-2116.76,,0,0,-1,0,-1
2023-04-25,38613.4,38572.0,38738.6,11.52,11.67,0.107,0.085,-412.27,,0,0,0,0,0
2023-04-26,38722.9,38738.6,38888.4,11.65,11.52,-0.041,-1.581,-407.35,,0,-1,0,0,-1
2023-04-27,38917.5,38888.4,38992.0,11.43,11.65,0.075,-0.384,1257.48,,0,0,1,0,1
2023-04-28,39100.7,38992.0,39514.2,10.95,11.43,0.279,1.957,1652.95,,0,1,1,0,2
2023-05-02,39647.55,39514.2,39774.5,11.9,10.95,0.337,-0.039,1652.95,,1,0,1,0,2
2023-05-03,39731.4,39774.5,39845.15,11.84,11.9,-0.108,-1.159,1652.95,,0,-1,1,0,0
2023-05-04,39949.6,39845.15,40096.15,11.73,11.84,0.262,-0.7,1652.95,,0,-1,1,0,0
2023-05-05,40101.55,40096.15,40091.25,12.3,11.73,0.013,-0.722,1652.95,,0,-1,1,0,0
2023-05-08,40174.05,40091.25,40365.1,12.64,12.3,0.207,1.847,1652.95,,0,1,1,0,2
2023-05-09,40447.0,40365.1,40323.3,12.68,12.64,0.203,0.045,1652.95,,0,0,1,0,1
2023-05-10,40386.75,40323.3,40551.5,13.08,12.68,0.157,-0.458,1652.95,,0,0,1,0,1
2023-05-11,40741.65,40551.5,40867.0,13.22,13.08,0.469,0.448,1652.95,,1,0,1,0,2
2023-05-12,40874.0,40867.0,40801.1,12.85,13.22,0.017,-0.17,1652.95,,0,0,1,0,1
2023-05-15,40825.25,40801.1,40995.05,13.17,12.85,0.059,-0.158,1652.95,,0,0,1,0,1
2023-05-16,41097.2,40995.05,41052.05,13.29,13.17,0.249,0.296,1652.95,,0,0,1,0,1
2023-05-17,41124.5,41052.05,40821.4,13.11,13.29,0.176,-0.638,1652.95,,0,-1,1,0,0
2023-05-18,40983.2,40821.4,40415.35,12.8,13.11,0.396,1.189,1652.95,,1,1,1,0,3
2023-05-19,40453.4,40415.35,40546.15,12.3,12.8,0.094,0.945,1652.95,,0,1,1,0,2
2023-05-22,40601.9,40546.15,40923.45,12.57,12.3,0.137,-0.145,1652.95,,0,0,1,0,1
2023-05-23,41100.0,40923.45,41010.35,12.61,12.57,0.431,0.016,1652.95,,1,0,1,0,2
2023-05-24,41014.65,41010.35,40984.05,13.11,12.61,0.01,-1.122,1652.95,,0,-1,1,0,0
2023-05-25,41005.2,40984.05,41213.3,12.52,13.11,0.052,-0.732,1652.95,,0,-1,1,0,0
2023-05-26,41225.5,41213.3,41684.7,11.9,12.52,0.03,0.876,1652.95,,0,1,1,0,2
2023-05-29,41980.5,41684.7,41925.3,12.3,11.9,0.71,1.305,1652.95,,1,1,1,0,3
2023-05-30,41961.6,41925.3,41946.0,12.01,12.3,0.087,1.305,1652.95,,0,1,1,0,2
2023-05-31,41899.4,41946.0,42049.3,11.97,12.01,-0.111,0.002,1652.95,,0,0,1,0,1
2023-06-01,42132.9,42049.3,42154.7,11.6,11.97,0.199,-0.611,1652.95,,0,-1,1,0,0
2023-06-02,42290.3,42154.7,42331.4,11.13,11.6,0.322,0.985,1652.95,,1,1,1,0,3
2023-06-05,42419.0,42331.4,42401.35,11.14,11.13,0.207,1.453,1652.95,,0,1,1,0,2
2023-06-06,42475.3,42401.35,42597.1,11.38,11.14,0.174,-0.2,1652.95,,0,0,1,0,1
2023-06-07,42766.3,42597.1,42998.5,11.44,11.38,0.397,0.235,1652.95,,1,0,1,0,2
2023-06-08,43103.55,42998.5,42713.45,11.26,11.44,0.244,-0.381,1652.95,,0,0,1,0,1
2023-06-09,42804.1,42713.45,42672.65,11.12,11.26,0.212,0.619,1652.95,,0,1,1,0,2
2023-06-12,42793.25,42672.65,42870.55,11.25,11.12,0.283,0.115,1652.95,,0,0,1,0,1
2023-06-13,43039.3,42870.55,43278.65,11.11,11.25,0.394,0.932,1652.95,,1,1,1,0,3
2023-06-14,43407.8,43278.65,43379.25,11.16,11.11,0.298,0.693,1652.95,,0,1,1,0,2
2023-06-15,43460.0,43379.25,43393.85,11.08,11.16,0.186,0.082,1652.95,,0,0,1,0,1
2023-06-16,43568.65,43393.85,43836.75,10.84,11.08,0.403,1.218,1652.95,,1,1,1,0,3
2023-06-19,43978.25,43836.75,43764.7,11.23,10.84,0.323,-0.367,1652.95,,1,0,1,0,2
2023-06-20,43861.35,43764.7,43926.3,11.13,11.23,0.221,-0.367,1652.95,,0,0,1,0,1
2023-06-21,44044.15,43926.3,43905.65,11.29,11.13,0.268,-0.474,1652.95,,0,0,1,0,1
2023-06-22,43984.95,43905.65,43387.15,11.55,11.29,0.181,-0.525,1652.95,,0,-1,1,0,0
2023-06-23,43406.5,43387.15,42833.15,11.24,11.55,0.045,0.371,1652.95,,0,0,1,0,1
2023-06-26,42669.3,42833.15,43006.6,11.4,11.24,-0.383,-0.766,1652.95,,-1,-1,1,0,-1
2023-06-27,43149.65,43006.6,43192.6,10.78,11.4,0.333,-0.449,1652.95,,1,0,1,0,2
2023-06-28,43381.8,43192.6,43465.45,10.89,10.78,0.438,1.146,1652.95,,1,1,1,0,3
2023-06-30,43622.65,43465.45,43750.3,10.8,10.89,0.362,0.447,1652.95,,1,0,1,0,2
2023-07-03,43921.75,43750.3,43924.85,11.54,10.8,0.392,1.227,1652.95,,1,1,1,0,3
2023-07-04,44073.55,43924.85,43758.2,11.7,11.54,0.339,0.117,1652.95,,1,0,1,0,2
2023-07-05,43932.3,43758.2,44108.0,11.88,11.7,0.398,0.117,1652.95,,1,0,1,0,2
2023-07-06,44209.35,44108.0,44372.1,11.84,11.88,0.23,-0.197,1652.95,,0,0,1,0,1
2023-07-07,44371.4,44372.1,44002.5,11.53,11.84,-0.002,-0.792,1652.95,,0,-1,1,0,0
2023-07-10,44120.0,44002.5,43759.95,11.46,11.53,0.267,-0.287,1652.95,,0,0,1,0,1
2023-07-11,43866.3,43759.95,44090.8,11.01,11.46,0.243,0.241,1652.95,,0,0,1,0,1
2023-07-12,44186.4,44090.8,44202.85,10.94,11.01,0.217,0.674,1652.95,,0,1,1,0,2
2023-07-13,44392.05,44202.85,43917.1,10.94,10.94,0.428,0.741,1652.95,,1,1,1,0,3
2023-07-14,44113.75,43917.1,44243.05,10.68,10.94,0.448,0.847,1652.95,,1,1,1,0,3
2023-07-17,44334.95,44243.05,44370.15,11.32,10.68,0.208,-0.102,1652.95,,0,0,1,0,1
2023-07-18,44506.9,44370.15,44180.6,11.71,11.32,0.308,0.386,1652.95,,1,0,1,0,2
2023-07-19,44289.65,44180.6,44414.4,11.6,11.71,0.247,0.712,1652.95,,0,1,1,0,2
2023-07-20,44489.65,44414.4,44350.8,11.79,11.6,0.169,0.236,1652.95,,0,0,1,0,1
2023-07-21,44292.7,44350.8,44184.75,11.49,11.79,-0.131,-0.676,1652.95,,0,-1,1,0,0
2023-07-24,44256.65,44184.75,44176.8,11.65,11.49,0.163,0.032,1652.95,,0,0,1,0,1
2023-07-25,44253.25,44176.8,44407.55,10.24,11.65,0.173,0.403,1652.95,,0,0,1,0,1
2023-07-26,44579.65,44407.55,44568.25,10.46,10.24,0.388,0.281,1652.95,,1,0,1,0,2
2023-07-27,44682.3,44568.25,44696.45,10.51,10.46,0.256,-0.016,1652.95,,0,0,1,0,1
2023-07-28,44858.35,44696.45,45166.4,10.14,10.51,0.362,-0.642,1652.95,,1,-1,1,0,1
2023-07-31,45156.0,45166.4,45287.0,10.41,10.14,-0.023,0.988,1652.95,,0,1,1,0,2
2023-08-01,45393.55,45287.0,45263.25,10.28,10.41,0.235,0.147,1652.95,,0,0,1,0,1
2023-08-02,45219.6,45263.25,44645.8,11.28,10.28,-0.096,-0.267,1652.95,,0,0,1,0,1
2023-08-03,44588.35,44645.8,44414.55,11.19,11.28,-0.129,-1.384,1652.95,,0,-1,1,0,0
2023-08-04,44637.1,44414.55,44765.0,10.57,11.19,0.501,-0.255,1652.95,,1,0,1,0,2
2023-08-07,44908.0,44765.0,44838.45,11.1,10.57,0.319,-0.53,1652.95,,1,-1,1,0,1
2023-08-08,44953.9,44838.45,44838.8,11.33,11.1,0.257,0.902,1652.95,,0,1,1,0,2
2023-08-09,44950.8,44838.8,44948.15,11.14,11.33,0.25,-0.422,1652.95,,0,0,1,0,1
2023-08-10,45009.5,44948.15,44676.15,11.4,11.14,0.136,-0.704,1652.95,,0,-1,1,0,0
2023-08-11,44824.25,44676.15,44566.7,11.52,11.4,0.332,0.025,1652.95,,1,0,1,0,2
2023-08-14,44460.55,44566.7,44008.75,12.0,11.52,-0.238,-0.107,1652.95,,0,0,1,0,1
2023-08-16,43889.2,44008.75,44009.75,12.13,12.0,-0.272,-1.155,1652.95,,0,-1,1,0,0
2023-08-17,44075.6,44009.75,43892.85,12.24,12.13,0.15,-0.756,1652.95,,0,-1,1,0,0
2023-08-18,43855.6,43892.85,43681.0,12.14,12.24,-0.085,-0.771,1652.95,,0,-1,1,0,0
2023-08-21,43756.35,43681.0,44033.9,11.96,12.14,0.173,-0.015,1652.95,,0,0,1,0,1
2023-08-22,44176.3,44033.9,44324.5,11.75,11.96,0.323,0.688,1652.95,,1,1,1,0,3
2023-08-23,44466.0,44324.5,44346.0,11.73,11.75,0.319,-0.278,1652.95,,1,0,1,0,2
2023-08-24,44626.9,44346.0,44504.6,11.7,11.73,0.633,1.104,1652.95,,1,1,1,0,3
2023-08-25,44431.0,44504.6,44087.55,12.08,11.7,-0.165,-1.346,1652.95,,0,-1,1,0,0
2023-08-28,44276.85,44087.55,44326.45,12.4,12.08,0.429,0.672,1652.95,,1,1,1,0,3
2023-08-29,44460.6,44326.45,44589.4,12.23,12.4,0.303,0.626,1652.95,,1,1,1,0,3
2023-08-30,44798.4,44589.4,44743.25,11.8,12.23,0.469,1.451,1652.95,,1,1,1,0,3
2023-08-31,44785.65,44743.25,44415.5,12.06,11.8,0.095,0.383,1652.95,,0,0,1,0,1
2023-09-01,44493.7,44415.5,44799.75,11.37,12.06,0.176,-0.16,1652.95,,0,0,1,0,1
2023-09-04,45026.45,44799.75,45201.0,10.96,11.37,0.506,0.18,1652.95,,1,0,1,0,2
2023-09-05,45348.15,45201.0,45294.1,10.82,10.96,0.326,0.18,1652.95,,1,0,1,0,2
2023-09-06,45382.6,45294.1,45508.15,10.68,10.82,0.195,-0.419,1652.95,,0,0,1,0,1
2023-09-07,45569.35,45508.15,45739.35,10.87,10.68,0.134,-0.697,1652.95,,0,-1,1,0,0
2023-09-08,45893.35,45739.35,46110.8,10.78,10.87,0.337,-0.321,1652.95,,1,0,1,0,2
2023-09-11,46359.6,46110.8,46585.7,11.35,10.78,0.54,0.143,1652.95,,1,0,1,0,2
2023-09-12,46796.6,46585.7,45515.35,11.69,11.35,0.453,0.672,1652.95,,1,1,1,0,3
2023-09-13,45496.45,45515.35,45655.45,11.83,11.69,-0.042,-0.57,1652.95,,0,-1,1,0,0
2023-09-14,45861.65,45655.45,45971.2,11.32,11.83,0.452,0.124,1652.95,,1,0,1,0,2
2023-09-15,46116.15,45971.2,46051.85,10.9,11.32,0.315,0.843,1652.95,,1,1,1,0,3
2023-09-18,46296.05,46051.85,46026.05,10.84,10.9,0.53,-1.216,1652.95,,1,-1,1,0,1
2023-09-20,45915.7,46026.05,45620.65,11.13,10.84,-0.24,-0.215,1652.95,,0,0,1,0,1
2023-09-21,45586.85,45620.65,45231.2,10.82,11.13,-0.074,-0.939,1652.95,,0,-1,1,0,0
2023-09-22,45265.05,45231.2,45176.0,10.66,10.82,0.075,-1.64,1652.95,,0,-1,1,0,0
2023-09-25,45248.55,45176.0,45070.95,10.9,10.66,0.161,-0.23,1652.95,,0,0,1,0,1
2023-09-26,45092.85,45070.95,45158.9,11.19,10.9,0.049,0.402,1652.95,,0,0,1,0,1
2023-09-27,45173.5,45158.9,45222.6,11.59,11.19,0.032,-1.473,1652.95,,0,-1,1,0,0
2023-09-28,45286.2,45222.6,44548.8,12.82,11.59,0.141,0.023,1652.95,,0,0,1,0,1
2023-09-29,44739.55,44548.8,45036.65,11.45,12.82,0.428,0.589,1652.95,,1,1,1,0,3
2023-10-03,45133.15,45036.65,45186.75,11.79,11.45,0.214,0.008,1652.95,,0,0,1,0,1
2023-10-04,45068.7,45186.75,44560.85,11.66,11.79,-0.261,-1.374,1652.95,,0,-1,1,0,0
2023-10-05,44759.85,44560.85,44669.65,10.94,11.66,0.447,0.811,1652.95,,1,1,1,0,3
2023-10-06,44886.4,44669.65,44950.4,10.3,10.94,0.485,-0.13,1652.95,,1,0,1,0,2
2023-10-09,44550.9,44950.4,44407.1,11.4,10.3,-0.889,1.181,1652.95,,-1,1,1,0,1
2023-10-10,44596.7,44407.1,45006.2,11.27,11.4,0.427,0.63,1652.95,,1,1,1,0,3
2023-10-11,45199.35,45006.2,45237.05,10.99,11.27,0.429,0.521,1652.95,,1,1,1,0,3
2023-10-12,45368.75,45237.05,45342.0,10.62,10.99,0.291,0.429,1652.95,,0,0,1,0,1
2023-10-13,45158.2,45342.0,45290.3,10.62,10.62,-0.405,-0.625,1652.95,,-1,-1,1,0,-1
2023-10-16,45271.6,45290.3,45421.45,11.07,10.62,-0.041,-0.502,1652.95,,0,-1,1,0,0
2023-10-17,45595.15,45421.45,45586.75,10.7,11.07,0.382,1.059,1652.95,,1,1,1,0,3
2023-10-18,45625.95,45586.75,45120.25,10.97,10.7,0.086,-0.01,1652.95,,0,0,1,0,1
2023-10-19,44911.55,45120.25,44974.5,10.9,10.97,-0.463,-1.34,1652.95,,-1,-1,1,0,-1
2023-10-20,44883.85,44974.5,44547.65,10.82,10.9,-0.202,-0.848,1652.95,,0,-1,1,0,0
2023-10-23,44552.8,44547.65,43684.75,10.91,10.82,0.012,-1.259,1652.95,,0,-1,1,0,0
2023-10-25,43762.45,43684.75,43418.65,11.31,10.91,0.178,0.727,1652.95,,0,1,1,0,2
2023-10-26,43226.3,43418.65,42994.5,11.73,11.31,-0.443,-1.434,1652.95,,-1,-1,1,0,-1
2023-10-27,43257.75,42994.5,43837.5,10.91,11.73,0.612,-1.183,1652.95,,1,-1,1,0,1
2023-10-30,43923.85,43837.5,43906.6,11.49,10.91,0.197,-0.48,1652.95,,0,0,1,0,1
2023-10-31,44133.9,43906.6,44019.1,11.83,11.49,0.518,1.201,1652.95,,1,1,1,0,3
2023-11-01,44122.15,44019.1,43783.15,12.05,11.83,0.234,0.647,1652.95,,0,1,1,0,2
2023-11-02,44114.75,43783.15,44451.1,11.08,12.05,0.757,1.051,1652.95,,1,1,1,0,3
2023-11-03,44691.35,44451.1,44885.0,10.88,11.08,0.54,1.886,1652.95,,1,1,1,0,3
2023-11-06,45061.8,44885.0,45227.45,11.11,10.88,0.394,0.939,1652.95,,1,1,1,0,3
2023-11-07,45302.5,45227.45,45593.3,11.19,11.11,0.166,0.175,1652.95,,0,0,1,0,1
2023-11-08,45798.85,45593.3,45894.9,11.04,11.19,0.451,0.284,1652.95,,1,0,1,0,2
2023-11-09,45996.2,45894.9,45660.4,10.98,11.04,0.221,0.1,1652.95,,0,0,1,0,1
2023-11-10,45568.65,45660.4,45724.2,11.11,10.98,-0.201,-0.808,1652.95,,0,-1,1,0,0
2023-11-13,45898.2,45724.2,45986.7,11.19,11.11,0.381,1.562,1652.95,,1,1,1,0,3
2023-11-15,46348.05,45986.7,46425.55,11.14,11.19,0.786,1.908,1652.95,,1,1,1,0,3
2023-11-16,46486.45,46425.55,46591.55,11.65,11.14,0.131,0.16,1652.95,,0,0,1,0,1
2023-11-17,46510.9,46591.55,46838.25,11.83,11.65,-0.173,0.119,1652.95,,0,0,1,0,1
2023-11-20,46943.55,46838.25,46716.9,12.15,11.83,0.225,0.128,1652.95,,0,0,1,0,1
2023-11-21,46887.6,46716.9,46718.25,12.23,12.15,0.365,0.739,1652.95,,1,1,1,0,3
2023-11-22,46768.75,46718.25,46541.15,11.87,12.23,0.108,-0.202,1652.95,,0,0,1,0,1
2023-11-23,46651.4,46541.15,46675.55,11.32,11.87,0.237,0.406,1652.95,,0,0,1,0,1
2023-11-24,46762.8,46675.55,46607.75,11.33,11.32,0.187,0.406,1652.95,,0,0,1,0,1
2023-11-28,46793.3,46607.75,47161.95,12.18,11.33,0.398,-0.195,1652.95,,1,0,1,0,2
2023-11-29,47471.95,47161.95,47487.5,12.71,12.18,0.657,0.098,1652.95,,1,0,1,0,2
2023-11-30,47550.5,47487.5,48020.4,12.69,12.71,0.133,-0.095,1652.95,,0,0,1,0,1
2023-12-01,48373.1,48020.4,48486.4,12.38,12.69,0.734,0.378,1652.95,,1,0,1,0,2
2023-12-04,49347.55,48486.4,49424.8,12.99,12.38,1.776,0.587,1652.95,,1,1,1,0,3
2023-12-05,49568.0,49424.8,49937.35,13.46,12.99,0.29,-0.541,1652.95,,0,-1,1,0,0
2023-12-06,50223.45,49937.35,50517.35,13.74,13.46,0.573,-0.057,1652.95,,1,0,1,0,2
2023-12-07,50753.2,50517.35,50920.6,12.67,13.74,0.467,-0.391,1652.95,,1,0,1,0,2
2023-12-08,51197.7,50920.6,50608.75,12.47,12.67,0.544,0.797,1652.95,,1,1,1,0,3
2023-12-11,50770.1,50608.75,51139.65,12.76,12.47,0.319,0.41,1652.95,,1,0,1,0,2
2023-12-12,51324.15,51139.65,50813.2,12.71,12.76,0.361,0.392,1652.95,,1,0,1,0,2
2023-12-13,50984.65,50813.2,51273.5,12.07,12.71,0.337,0.46,1652.95,,1,0,1,0,2
2023-12-14,51651.25,51273.5,51925.45,12.32,12.07,0.737,1.365,1652.95,,1,1,1,0,3
2023-12-15,52191.6,51925.45,51957.35,13.13,12.32,0.513,0.265,1652.95,,1,0,1,0,2
2023-12-18,52090.0,51957.35,52301.0,13.9,13.13,0.255,-0.008,1652.95,,0,0,1,0,1
2023-12-19,52481.85,52301.0,52387.2,13.87,13.9,0.346,0.453,1652.95,,1,0,1,0,2
2023-12-20,52734.65,52387.2,50844.6,14.45,13.87,0.663,0.587,1652.95,,1,1,1,0,3
2023-12-21,50385.35,50844.6,51520.65,13.76,14.45,-0.903,-1.468,1652.95,,-1,-1,1,0,-1
2023-12-22,51845.95,51520.65,51944.0,13.71,13.76,0.631,1.03,1652.95,,1,1,1,0,3
2023-12-26,52201.05,51944.0,52434.85,14.68,13.71,0.495,0.166,1652.95,,1,0,1,0,2
2023-12-27,52699.35,52434.85,52680.2,15.56,14.68,0.504,0.423,1652.95,,1,0,1,0,2
2023-12-28,52906.75,52680.2,52964.1,15.14,15.56,0.43,0.143,1652.95,,1,0,1,0,2
2023-12-29,53033.55,52964.1,53344.8,14.5,15.14,0.131,0.037,1652.95,,0,0,1,0,1
2024-01-02,53586.35,53344.8,53277.5,14.58,14.5,0.453,-0.283,1652.95,,1,0,1,0,2
2024-01-03,53408.35,53277.5,53680.35,14.1,14.58,0.246,-0.566,1652.95,,0,-1,1,0,0
2024-01-04,53908.95,53680.35,54359.95,13.33,14.1,0.426,-0.802,1652.95,,1,-1,1,0,1
2024-01-05,54582.05,54359.95,54295.25,12.63,13.33,0.409,-0.343,1652.95,,1,0,1,0,2
2024-01-08,54450.0,54295.25,53728.9,13.46,12.63,0.285,0.183,1652.95,,0,0,1,0,1
2024-01-09,54115.2,53728.9,53960.65,13.26,13.46,0.719,1.411,1652.95,,1,1,1,0,3
2024-01-10,53997.65,53960.65,54077.65,12.97,13.26,0.069,-0.148,1652.95,,0,0,1,0,1
2024-01-11,54355.25,54077.65,54595.6,12.77,12.97,0.513,0.567,1652.95,,1,1,1,0,3
2024-01-12,54847.6,54595.6,54742.9,13.1,12.77,0.462,-0.067,1652.95,,1,0,1,0,2
2024-01-15,55013.2,54742.9,54936.65,13.79,13.1,0.494,0.075,1652.95,,1,0,1,0,2
2024-01-16,55013.0,54936.65,54816.9,13.57,13.79,0.139,0.075,1652.95,,0,0,1,0,1
2024-01-17,54478.65,54816.9,54206.25,15.08,13.57,-0.617,-0.373,1652.95,,-1,0,1,0,0
2024-01-18,54052.55,54206.25,53948.4,14.07,15.08,-0.284,-0.562,1652.95,,0,-1,1,0,0
2024-01-19,54297.25,53948.4,54709.0,13.88,14.07,0.647,0.881,1652.95,,1,1,1,0,3
2024-01-23,55218.25,54709.0,53294.7,14.85,13.88,0.931,0.219,1652.95,,1,0,1,0,2
2024-01-24,53419.05,53294.7,54208.3,14.38,14.85,0.233,0.292,1652.95,,0,0,1,0,1
2024-01-25,54493.2,54208.3,54291.75,13.87,14.38,0.526,0.081,1652.95,,1,0,1,0,2
2024-01-29,54564.2,54291.75,55012.6,15.68,13.87,0.502,-0.065,1652.95,,1,0,1,0,2
2024-01-30,55249.25,55012.6,54826.2,16.1,15.68,0.43,0.756,1652.95,,1,1,1,0,3
2024-01-31,54916.1,54826.2,55299.25,16.05,16.1,0.164,-0.06,1652.95,,0,0,1,0,1
2024-02-01,55673.85,55299.25,55508.85,14.46,16.05,0.677,-1.611,1652.95,,1,-1,1,0,1
2024-02-02,55852.8,55508.85,55940.3,14.7,14.46,0.62,1.249,1652.95,,1,1,1,0,3
2024-02-05,56330.55,55940.3,55669.85,15.62,14.7,0.698,1.068,1652.95,,1,1,1,0,3
2024-02-06,55935.45,55669.85,56465.45,15.79,15.62,0.477,-0.319,1652.95,,1,0,1,0,2
2024-02-07,56931.25,56465.45,57386.6,15.51,15.79,0.825,0.231,1652.95,,1,0,1,0,2
2024-02-08,57754.2,57386.6,57660.7,15.83,15.51,0.641,0.824,1652.95,,1,1,1,0,3
2024-02-09,57811.55,57660.7,57432.9,15.45,15.83,0.262,0.057,1652.95,,0,0,1,0,1
2024-02-12,57559.7,57432.9,56323.7,16.06,15.45,0.221,0.574,1652.95,,0,1,1,0,2
2024-02-13,56425.1,56323.7,56893.05,15.81,16.06,0.18,-0.095,1652.95,,0,0,1,0,1
2024-02-14,56477.15,56893.05,57672.4,15.44,15.81,-0.731,-1.367,1652.95,,-1,-1,1,0,-1
2024-02-15,58073.5,57672.4,58185.9,15.23,15.44,0.695,0.958,1652.95,,1,1,1,0,3
2024-02-16,58460.85,58185.9,58586.15,15.22,15.23,0.473,0.582,1652.95,,1,1,1,0,3
2024-02-20,58702.4,58586.15,58706.4,16.07,15.22,0.198,-0.48,1652.95,,0,0,1,0,1
2024-02-21,58913.6,58706.4,58386.5,15.93,16.07,0.353,-0.601,1652.95,,1,-1,1,0,1
2024-02-22,58638.45,58386.5,58999.0,15.2,15.93,0.432,0.126,1652.95,,1,0,1,0,2
2024-02-23,59172.95,58999.0,59153.75,14.97,15.2,0.295,2.112,1652.95,,0,1,1,0,2
2024-02-26,59146.85,59153.75,59198.55,15.6,14.97,-0.012,0.035,1652.95,,0,0,1,0,1
2024-02-27,59246.05,59198.55,59150.65,15.73,15.6,0.08,-0.379,1652.95,,0,0,1,0,1
2024-02-28,59296.0,59150.65,58387.3,16.33,15.73,0.246,0.171,1652.95,,0,0,1,0,1
2024-02-29,58390.8,58387.3,58991.35,15.57,16.33,0.006,-0.166,1652.95,,0,0,1,0,1
2024-03-01,59315.4,58991.35,59506.75,15.24,15.57,0.549,0.523,1652.95,,1,1,1,0,3
2024-03-04,59936.0,59506.75,59944.2,14.92,15.24,0.721,0.801,1652.95,,1,1,1,0,3
2024-03-05,60079.95,59944.2,59981.35,14.38,14.92,0.226,-0.119,1652.95,,0,0,1,0,1
2024-03-06,60033.75,59981.35,59806.1,14.3,14.38,0.087,-1.019,1652.95,,0,-1,1,0,0
2024-03-07,59934.65,59806.1,60323.9,13.61,14.3,0.215,0.514,1652.95,,0,1,1,0,2
2024-03-11,60467.45,60323.9,60311.15,14.0,13.61,0.238,-0.653,1652.95,,0,-1,1,0,0
2024-03-12,60361.2,60311.15,59377.2,13.64,14.0,0.083,-0.112,1652.95,,0,0,1,0,1
2024-03-13,59466.8,59377.2,57149.55,14.43,13.64,0.151,1.12,1652.95,,0,1,1,0,2
2024-03-14,56938.45,57149.55,58520.2,13.62,14.43,-0.369,-0.192,1652.95,,-1,0,1,0,0
2024-03-15,58414.35,58520.2,58058.8,13.69,13.62,-0.181,-0.287,1652.95,,0,0,1,0,1
2024-03-18,58072.85,58058.8,58422.0,13.9,13.69,0.024,-0.648,1652.95,,0,-1,1,0,0
2024-03-19,58403.55,58422.0,57402.7,14.11,13.9,-0.032,0.632,1652.95,,0,1,1,0,2
2024-03-20,57583.35,57402.7,57581.45,13.47,14.11,0.315,0.565,1652.95,,1,1,1,0,3
2024-03-21,58110.1,57581.45,58918.3,12.51,13.47,0.918,0.89,1652.95,,1,1,1,0,3
2024-03-22,58987.1,58918.3,59188.9,12.22,12.51,0.117,0.324,1652.95,,0,0,1,0,1
2024-03-26,59000.05,59188.9,59801.5,12.82,12.22,-0.319,-0.305,1652.95,,-1,0,1,0,0
2024-03-27,60098.1,59801.5,59911.7,12.7,12.82,0.496,-0.28,1652.95,,1,0,1,0,2
2024-03-28,60079.7,59911.7,60624.3,12.83,12.7,0.28,0.863,1652.95,,0,1,1,0,2
2024-04-01,61107.05,60624.3,61634.6,12.08,12.83,0.796,0.112,1652.95,,1,0,1,0,2
2024-04-02,61882.65,61634.6,62254.1,11.65,12.08,0.402,-0.201,1652.95,,1,0,1,0,2
2024-04-03,62180.85,62254.1,62423.75,11.37,11.65,-0.118,-0.724,1652.95,,0,-1,1,0,0
2024-04-04,62882.15,62423.75,62158.95,11.22,11.37,0.734,0.109,1652.95,,1,0,1,0,2
2024-04-05,62209.65,62158.95,62696.1,11.34,11.22,0.082,-1.233,1652.95,,0,-1,1,0,0
2024-04-08,63097.5,62696.1,62993.6,11.61,11.34,0.64,1.11,1652.95,,1,1,1,0,3
2024-04-09,63240.0,62993.6,62794.05,11.36,11.61,0.391,-0.037,1652.95,,1,0,1,0,2
2024-04-10,63030.9,62794.05,63325.45,11.11,11.36,0.377,0.145,1652.95,,1,0,1,0,2
2024-04-12,63377.3,63325.45,63067.85,11.53,11.11,0.082,0.744,1652.95,,0,1,1,0,2
2024-04-15,62076.25,63067.85,62008.15,12.47,11.53,-1.572,-1.455,1652.95,,-1,-1,1,0,-1
2024-04-16,61789.8,62008.15,62057.5,12.62,12.47,-0.352,-1.202,1652.95,,-1,-1,1,0,-1
2024-04-18,62594.55,62057.5,61989.2,13.04,12.62,0.865,-0.578,1652.95,,1,-1,1,0,1
2024-04-19,61469.45,61989.2,61887.9,13.46,13.04,-0.838,-0.221,1652.95,,-1,0,1,0,0
2024-04-22,62514.15,61887.9,62683.65,12.7,13.46,1.012,-0.876,1652.95,,1,-1,1,0,1
2024-04-23,63068.9,62683.65,62798.55,10.2,12.7,0.615,0.873,1652.95,,1,1,1,0,3
2024-04-24,63003.25,62798.55,63277.4,10.28,10.2,0.326,1.196,1652.95,,1,1,1,0,3
2024-04-25,63317.1,63277.4,63704.45,10.73,10.28,0.063,0.021,1652.95,,0,0,1,0,1
2024-04-26,63911.45,63704.45,64134.55,10.93,10.73,0.325,-0.458,1652.95,,1,0,1,0,2
2024-04-29,64508.35,64134.55,64488.05,12.24,10.93,0.583,1.021,1652.95,,1,1,1,0,3
2024-04-30,64887.25,64488.05,64900.5,12.87,12.24,0.619,0.318,1652.95,,1,0,1,0,2
2024-05-02,65149.45,64900.5,66008.85,13.45,12.87,0.384,-0.344,1652.95,,1,0,1,0,2
2024-05-03,66450.35,66008.85,65770.5,14.62,13.45,0.669,0.913,1652.95,,1,1,1,0,3
2024-05-06,65829.5,65770.5,64937.4,16.6,14.62,0.09,1.256,1652.95,,0,1,1,0,2
2024-05-07,65179.65,64937.4,63937.35,17.01,16.6,0.373,1.033,1652.95,,1,1,1,0,3
2024-05-08,63908.05,63937.35,64784.25,17.08,17.01,-0.046,0.134,1652.95,,0,0,1,0,1
2024-05-09,64983.0,64784.25,63411.1,18.2,17.08,0.307,-0.001,1652.95,,1,0,1,0,2
2024-05-10,63788.25,63411.1,63934.2,18.47,18.2,0.595,0.509,1652.95,,1,1,1,0,3
2024-05-13,64190.1,63934.2,64354.4,20.6,18.47,0.4,0.165,1652.95,,1,0,1,0,2
2024-05-14,64584.5,64354.4,65304.8,20.2,20.6,0.358,-0.024,1652.95,,1,0,1,0,2
2024-05-15,65723.8,65304.8,65643.7,20.27,20.2,0.642,0.484,1652.95,,1,0,1,0,2
2024-05-16,66020.9,65643.7,66320.2,20.0,20.27,0.575,1.172,1652.95,,1,1,1,0,3
2024-05-17,66564.05,66320.2,67105.05,19.8,20.0,0.368,-0.208,1652.95,,1,0,1,0,2
2024-05-21,68054.05,67105.05,68241.75,21.81,19.8,1.414,0.092,1652.95,,1,0,1,0,2
2024-05-22,68573.7,68241.75,68328.25,21.47,21.81,0.486,0.25,1652.95,,1,0,1,0,2
2024-05-23,68546.0,68328.25,68819.8,21.38,21.47,0.319,-0.271,1652.95,,1,0,1,0,2
2024-05-24,68949.1,68819.8,69033.25,21.71,21.38,0.188,-0.738,1652.95,,0,-1,1,0,0
2024-05-27,69427.45,69033.25,69136.3,23.19,21.71,0.571,0.7,1652.95,,1,1,1,0,3
2024-05-28,69343.65,69136.3,68545.6,24.2,23.19,0.3,0.7,1652.95,,0,1,1,0,2
2024-05-29,68191.0,68545.6,68070.5,24.18,24.2,-0.517,0.025,1652.95,,-1,0,1,0,0
2024-05-30,68000.7,68070.5,67358.2,24.18,24.18,-0.103,-0.737,1652.95,,0,-1,1,0,0
2024-05-31,67799.1,67358.2,67527.65,24.6,24.18,0.655,-0.598,1652.95,,1,-1,1,0,1
2024-06-03,70871.9,67527.65,70620.25,20.94,24.6,4.952,0.803,1652.95,,1,1,1,0,3
2024-06-04,70511.3,70620.25,64022.15,26.75,20.94,-0.154,0.112,1652.95,,0,0,1,0,1
2024-06-05,65266.6,64022.15,66835.4,18.89,26.75,1.944,0.15,1652.95,,1,0,1,0,2
2024-06-06,67567.55,66835.4,68224.45,16.8,18.89,1.095,1.185,1652.95,,1,1,1,0,3
2024-06-07,68331.05,68224.45,69222.25,16.88,16.8,0.156,-0.02,1652.95,,0,0,1,0,1
2024-06-10,69722.25,69222.25,69744.6,16.4,16.88,0.722,-0.112,1652.95,,1,0,1,0,2
2024-06-11,69922.15,69744.6,69678.7,14.77,16.4,0.255,0.258,1652.95,,0,0,1,0,1
2024-06-12,69991.35,69678.7,70202.15,14.39,14.77,0.449,0.271,1652.95,,1,0,1,0,2
2024-06-13,70831.4,70202.15,70842.55,13.49,14.39,0.896,0.85,1652.95,,1,1,1,0,3
2024-06-14,71215.55,70842.55,71892.15,12.82,13.49,0.527,0.234,1652.95,,1,0,1,0,2
2024-06-18,72333.85,71892.15,72345.7,12.97,12.82,0.614,0.766,1652.95,,1,1,1,0,3
2024-06-19,72596.4,72345.7,71536.7,13.71,12.97,0.347,0.252,1652.95,,1,0,1,0,2
2024-06-20,71649.85,71536.7,71632.2,13.35,13.71,0.158,0.252,1652.95,,0,0,1,0,1
2024-06-21,71847.4,71632.2,71111.8,13.18,13.35,0.3,-0.253,1652.95,,1,0,1,0,2
2024-06-24,70944.85,71111.8,71642.25,14.06,13.18,-0.235,-0.156,1652.95,,0,0,1,0,1
2024-06-25,71915.7,71642.25,71360.85,14.31,14.06,0.382,-0.307,1652.95,,1,0,1,0,2
2024-06-26,71271.1,71360.85,71235.8,14.05,14.31,-0.126,0.393,1652.95,,0,0,1,0,1
2024-06-27,71204.8,71235.8,71340.65,14.15,14.05,-0.044,0.157,1652.95,,0,0,1,0,1
2024-06-28,71536.05,71340.65,71523.45,13.8,14.15,0.274,0.091,1652.95,,0,0,1,0,1
2024-07-01,71727.5,71523.45,72197.25,13.83,13.8,0.285,-0.408,1652.95,,0,0,1,0,1
2024-07-02,72428.0,72197.25,71807.5,13.64,13.83,0.32,0.268,1652.95,,1,0,1,0,2
2024-07-03,72220.4,71807.5,72584.95,13.21,13.64,0.575,0.62,1652.95,,1,1,1,0,3
2024-07-04,72877.2,72584.95,72928.25,12.86,13.21,0.403,0.508,1652.95,,1,1,1,0,3
2024-07-05,72984.85,72928.25,73426.55,12.7,12.86,0.078,0.508,1652.95,,0,1,1,0,2
2024-07-08,73693.75,73426.55,73508.8,13.6,12.7,0.364,0.545,1652.95,,1,1,1,0,3
2024-07-09,73823.9,73508.8,73863.6,14.28,13.6,0.429,0.102,1652.95,,1,0,1,0,2
2024-07-10,74148.7,73863.6,73897.5,14.43,14.28,0.386,0.074,1652.95,,1,0,1,0,2
2024-07-11,74155.45,73897.5,74059.2,14.0,14.43,0.349,1.021,1652.95,,1,1,1,0,3
2024-07-12,74322.4,74059.2,73732.1,13.73,14.0,0.355,-0.876,1652.95,,1,-1,1,0,1
2024-07-15,74053.0,73732.1,74367.35,14.19,13.73,0.435,0.552,1652.95,,1,1,1,0,3
2024-07-16,74612.45,74367.35,73921.7,14.22,14.19,0.33,0.283,1652.95,,1,0,1,0,2
2024-07-18,73906.25,73921.7,73112.5,14.51,14.22,-0.021,-1.393,1652.95,,0,-1,1,0,0
2024-07-19,73047.85,73112.5,71353.0,14.83,14.51,-0.088,-0.782,1652.95,,0,-1,1,0,0
2024-07-22,71092.1,71353.0,72265.95,15.44,14.83,-0.366,-0.714,1652.95,,-1,-1,1,0,-1
2024-07-23,72627.0,72265.95,71632.2,12.75,15.44,0.5,1.079,1652.95,,1,1,1,0,3
2024-07-24,71704.3,71632.2,71844.65,11.76,12.75,0.101,-0.156,1652.95,,0,0,1,0,1
2024-07-25,71340.2,71844.65,72210.25,12.62,11.76,-0.702,-2.315,1652.95,,-1,-1,1,0,-1
2024-07-26,72611.2,72210.25,73400.65,12.25,12.62,0.555,-0.514,1652.95,,1,-1,1,0,1
2024-07-29,73836.2,73400.65,74288.3,12.95,12.25,0.593,1.109,1652.95,,1,1,1,0,3
2024-07-30,74495.85,74288.3,74215.85,12.88,12.95,0.279,0.081,1652.95,,0,0,1,0,1
2024-07-31,74514.8,74215.85,74788.1,13.25,12.88,0.403,-0.496,1652.95,,1,0,1,0,2
2024-08-01,74936.7,74788.1,74294.65,12.93,13.25,0.199,1.579,1652.95,,0,1,1,0,2
2024-08-02,73621.4,74294.65,73328.15,14.32,12.93,-0.906,-1.369,1652.95,,-1,-1,1,0,-1
2024-08-05,71459.55,73328.15,70936.9,20.37,14.32,-2.548,-1.838,1652.95,,-1,-1,1,0,-1
2024-08-06,71496.4,70936.9,70282.45,18.74,20.37,0.789,-2.997,1652.95,,1,-1,1,0,1
2024-08-07,71577.65,70282.45,72401.25,16.17,18.74,1.843,1.035,1652.95,,1,1,1,0,3
2024-08-08,72465.1,72401.25,71825.9,16.6,16.17,0.088,-0.773,1652.95,,0,-1,1,0,0
2024-08-09,72658.9,71825.9,72718.85,15.34,16.6,1.16,2.304,1652.95,,1,1,1,0,3
2024-08-12,72401.5,72718.85,72434.25,15.87,15.34,-0.436,0.467,1652.95,,-1,0,1,0,0
2024-08-13,72596.85,72434.25,71609.8,16.17,15.87,0.224,0.004,1652.95,,0,0,1,0,1
2024-08-14,71840.1,71609.8,71642.4,15.44,16.17,0.322,1.685,1652.95,,1,1,1,0,3
2024-08-16,72208.55,71642.4,72943.2,14.4,15.44,0.79,1.613,1652.95,,1,1,1,0,3
2024-08-19,73446.45,72943.2,73370.75,14.32,14.4,0.69,0.199,1652.95,,1,0,1,0,2
2024-08-20,73628.8,73370.75,73971.3,13.82,14.32,0.352,0.972,1652.95,,1,1,1,0,3
2024-08-21,74088.95,73971.3,74178.5,13.33,13.82,0.159,-0.198,1652.95,,0,0,1,0,1
2024-08-22,74546.15,74178.5,74660.35,13.0,13.33,0.496,0.424,1652.95,,1,0,1,0,2
2024-08-23,74904.35,74660.35,74403.6,13.55,13.0,0.327,-0.893,1652.95,,1,-1,1,0,1
2024-08-26,74752.5,74403.6,74768.8,13.8,13.55,0.469,1.148,1652.95,,1,1,1,0,3
2024-08-27,74884.55,74768.8,74848.95,13.63,13.8,0.155,-0.315,1652.95,,0,0,1,0,1
2024-08-28,75173.75,74848.95,75082.55,13.95,13.63,0.434,0.16,1652.95,,1,0,1,0,2
2024-08-29,75119.6,75082.55,74896.4,13.79,13.95,0.049,-0.598,1652.95,,0,-1,1,0,0
2024-08-30,75166.15,74896.4,75279.8,13.39,13.79,0.36,-0.004,1652.95,,1,0,1,0,2
2024-09-02,75674.85,75279.8,75335.8,14.06,13.39,0.525,1.009,1652.95,,1,1,1,0,3
2024-09-03,75741.75,75335.8,75413.65,13.84,14.06,0.539,1.009,1652.95,,1,1,1,0,3
2024-09-04,74894.55,75413.65,75450.55,14.38,13.84,-0.688,-2.115,1652.95,,-1,-1,1,0,-1
2024-09-05,75736.85,75450.55,75485.95,14.21,14.38,0.379,-0.16,1652.95,,1,0,1,0,2
2024-09-06,75473.4,75485.95,74462.0,15.22,14.21,-0.017,-0.302,1652.95,,0,0,1,0,1
2024-09-09,74350.4,74462.0,74572.9,14.24,15.22,-0.15,-1.726,1652.95,,0,-1,1,0,0
2024-09-10,74877.4,74572.9,74737.6,13.36,14.24,0.408,1.158,1652.95,,1,1,1,0,3
2024-09-11,74882.65,74737.6,74355.25,13.63,13.36,0.194,0.447,1652.95,,0,0,1,0,1
2024-09-12,74904.5,74355.25,75446.35,13.18,13.63,0.739,1.067,1652.95,,1,1,1,0,3
2024-09-13,75698.6,75446.35,75427.55,12.55,13.18,0.334,0.75,1652.95,,1,1,1,0,3
2024-09-16,75707.4,75427.55,75464.3,12.46,12.55,0.371,0.541,1652.95,,1,1,1,0,3
2024-09-17,75635.1,75464.3,75260.2,12.59,12.46,0.226,0.126,1652.95,,0,0,1,0,1
2024-09-18,75359.3,75260.2,74936.15,13.37,12.59,0.132,0.026,1652.95,,0,0,1,0,1
2024-09-19,75397.1,74936.15,74419.55,12.47,13.37,0.615,-0.29,1652.95,,1,0,1,0,2
2024-09-20,74678.45,74419.55,75481.85,12.79,12.47,0.348,1.698,1652.95,,1,1,1,0,3
2024-09-23,75893.55,75481.85,76707.5,13.79,12.79,0.545,-0.194,1652.95,,1,0,1,0,2
2024-09-24,76747.35,76707.5,76803.8,13.39,13.79,0.052,0.281,1652.95,,0,0,1,0,1
2024-09-25,76889.7,76803.8,76517.4,12.74,13.39,0.112,0.251,1652.95,,0,0,1,0,1
2024-09-26,76751.7,76517.4,77086.95,12.0,12.74,0.306,-0.186,1652.95,,1,0,1,0,2
2024-09-27,77201.8,77086.95,77813.25,11.96,12.0,0.149,0.404,1652.95,,0,0,1,0,1
2024-09-30,77668.7,77813.25,77095.15,12.79,11.96,-0.186,-0.125,1652.95,,0,0,1,0,1
2024-10-01,77233.0,77095.15,77284.45,11.99,12.79,0.179,0.424,1652.95,,0,0,1,0,1
2024-10-03,75950.75,77284.45,75448.3,13.17,11.99,-1.726,0.014,1652.95,,-1,0,1,0,0
2024-10-04,75363.3,75448.3,74620.25,14.13,13.17,-0.113,-0.168,1652.95,,0,0,1,0,1
2024-10-07,74989.25,74620.25,72884.3,15.08,14.13,0.495,0.897,1652.95,,1,1,1,0,3
2024-10-08,72771.4,72884.3,74597.3,14.59,15.08,-0.155,-0.959,1652.95,,0,-1,1,0,0
2024-10-09,75013.75,74597.3,75407.8,14.12,14.59,0.558,0.969,1652.95,,1,1,1,0,3
2024-10-10,75668.5,75407.8,75278.1,13.5,14.12,0.346,0.711,1652.95,,1,1,1,0,3
2024-10-11,75397.8,75278.1,75378.45,13.22,13.5,0.159,-0.207,1652.95,,0,0,1,0,1
2024-10-14,75659.35,75378.45,75651.7,13.0,13.22,0.373,0.605,1652.95,,1,1,1,0,3
2024-10-15,76018.55,75651.7,75859.85,13.0,13.0,0.485,0.771,1652.95,,1,1,1,0,3
2024-10-16,75830.4,75859.85,75698.15,13.05,13.0,-0.039,-0.761,1652.95,,0,-1,1,0,0
2024-10-17,75717.4,75698.15,74007.2,13.39,13.05,0.025,0.468,1652.95,,0,0,1,0,1
2024-10-18,73813.6,74007.2,74288.1,13.04,13.39,-0.262,-0.017,1652.95,,0,0,1,0,1
2024-10-21,74495.2,74288.1,73285.35,13.76,13.04,0.279,0.397,1652.95,,0,0,1,0,1
2024-10-22,73296.5,73285.35,71158.65,14.4,13.76,0.015,-0.182,1652.95,,0,0,1,0,1
2024-10-23,71087.2,71158.65,70884.7,14.62,14.4,-0.1,-0.047,1652.95,,0,0,1,0,1
2024-10-24,71112.95,70884.7,70826.25,13.97,14.62,0.322,-0.919,1652.95,,1,-1,1,0,1
2024-10-25,71049.55,70826.25,69716.5,14.63,13.97,0.315,0.215,1652.95,,1,0,1,0,2
2024-10-28,69789.05,69716.5,70030.55,14.29,14.63,0.104,-0.03,1652.95,,0,0,1,0,1
2024-10-29,70121.95,70030.55,70538.35,14.52,14.29,0.131,0.265,1652.95,,0,0,1,0,1
2024-10-30,70405.7,70538.35,70268.35,15.51,14.52,-0.188,0.161,1652.95,,0,0,1,0,1
2024-10-31,70327.65,70268.35,69911.75,15.55,15.51,0.084,-0.33,1652.95,,0,0,1,0,1
2024-11-01,70320.7,69911.75,70400.75,15.9,15.55,0.585,-1.861,1652.95,,1,-1,1,0,1
2024-11-04,70462.35,70400.75,69418.25,16.69,15.9,0.088,0.409,1652.95,,0,0,1,0,1
2024-11-05,69317.6,69418.25,69797.45,16.12,16.69,-0.145,-0.281,1652.95,,0,0,1,0,1
2024-11-06,70191.85,69797.45,71389.8,14.87,16.12,0.565,1.227,1652.95,,1,1,1,0,3
2024-11-07,71580.75,71389.8,70639.9,14.94,14.87,0.267,2.53,1652.95,,0,1,1,0,2
2024-11-08,70668.6,70639.9,69774.2,14.47,14.94,0.041,0.743,1652.95,,0,1,1,0,2
2024-11-11,69713.6,69774.2,69973.75,14.27,14.47,-0.087,0.376,1652.95,,0,0,1,0,1
2024-11-12,70097.95,69973.75,68448.9,14.59,14.27,0.177,0.097,1652.95,,0,0,1,0,1
2024-11-13,68270.4,68448.9,67101.45,15.44,14.59,-0.261,-0.289,1652.95,,0,0,1,0,1
2024-11-14,67221.85,67101.45,67408.65,14.78,15.44,0.179,0.023,1652.95,,0,0,1,0,1
2024-11-18,67913.65,67408.65,67472.0,15.17,14.78,0.749,-1.32,1652.95,,1,-1,1,0,1
2024-11-19,67789.8,67472.0,67775.5,15.66,15.17,0.471,0.392,1652.95,,1,0,1,0,2
2024-11-21,67395.75,67775.5,66765.45,15.99,15.66,-0.56,0.002,1652.95,,-1,0,1,0,0
2024-11-22,66931.7,66765.45,68016.85,16.1,15.99,0.249,0.534,1652.95,,0,1,1,0,2
2024-11-25,69337.75,68016.85,69342.7,15.3,16.1,1.942,0.347,1652.95,,1,0,1,0,2
2024-11-26,69588.5,69342.7,69522.25,15.31,15.3,0.354,0.302,1652.95,,1,0,1,0,2
2024-11-27,69724.15,69522.25,70185.4,14.63,15.31,0.29,0.572,1652.95,,0,1,1,0,2
2024-11-28,70442.9,70185.4,70254.25,15.21,14.63,0.367,-0.38,1652.95,,1,0,1,0,2
2024-11-29,70366.3,70254.25,70726.85,14.43,15.21,0.159,-0.38,1652.95,,0,0,1,0,1
2024-12-02,70690.2,70726.85,71164.35,14.7,14.43,-0.052,0.561,1652.95,,0,1,1,0,2
2024-12-03,71426.6,71164.35,71890.75,14.37,14.7,0.369,0.245,1652.95,,1,0,1,0,2
2024-12-04,72196.15,71890.75,72244.85,14.45,14.37,0.425,0.045,1652.95,,1,0,1,0,2
2024-12-05,72520.3,72244.85,72487.05,14.53,14.45,0.381,0.605,1652.95,,1,1,1,0,3
2024-12-06,72789.1,72487.05,73040.4,14.14,14.53,0.417,-0.187,1652.95,,1,0,1,0,2
2024-12-09,72894.5,73040.4,72708.1,14.11,14.14,-0.2,0.25,1652.95,,0,0,1,0,1
2024-12-10,72888.45,72708.1,73096.45,13.78,14.11,0.248,-0.614,1652.95,,0,-1,1,0,0
2024-12-11,73126.65,73096.45,73292.15,13.27,13.78,0.041,-0.296,1652.95,,0,0,1,0,1
2024-12-12,73344.05,73292.15,73082.6,13.19,13.27,0.071,0.817,1652.95,,0,1,1,0,2
2024-12-13,73026.7,73082.6,72965.95,13.05,13.19,-0.076,-0.541,1652.95,,0,-1,1,0,0
2024-12-16,73060.9,72965.95,73155.6,14.02,13.05,0.13,-0.003,1652.95,,0,0,1,0,1
2024-12-17,73082.35,73155.6,72188.0,14.49,14.02,-0.1,0.38,1652.95,,0,0,1,0,1
2024-12-18,72183.8,72188.0,71250.0,14.37,14.49,-0.006,-0.386,1652.95,,0,0,1,0,1
2024-12-19,70026.95,71250.0,70625.7,14.51,14.37,-1.717,-2.949,1652.95,,-1,-1,1,0,-1
2024-12-20,70762.95,70625.7,68702.65,15.07,14.51,0.194,-0.087,1652.95,,0,0,1,0,1
2024-12-23,69096.4,68702.65,68888.95,13.52,15.07,0.573,1.087,1652.95,,1,1,1,0,3
2024-12-24,68957.6,68888.95,68857.25,13.18,13.52,0.1,0.729,1652.95,,0,1,1,0,2
2024-12-26,69020.1,68857.25,69165.85,14.04,13.18,0.237,1.104,1652.95,,0,1,1,0,2
2024-12-27,69218.2,69165.85,68557.15,13.24,14.04,0.076,-0.041,1652.95,,0,0,1,0,1
2024-12-30,68624.2,68557.15,68063.8,13.97,13.24,0.098,-1.106,1652.95,,0,-1,1,0,0
2024-12-31,67737.6,68063.8,67988.35,14.45,13.97,-0.479,-1.07,1652.95,,-1,-1,1,0,-1
2025-01-02,68362.2,67988.35,69103.6,13.74,14.45,0.55,-0.428,1652.95,,1,0,1,0,2
2025-01-03,69444.25,69103.6,69192.45,13.54,13.74,0.493,-0.222,1652.95,,1,0,1,0,2
2025-01-06,69280.6,69192.45,66996.8,15.65,13.54,0.127,1.26,1652.95,,0,1,1,0,2
2025-01-07,67034.6,66996.8,66938.9,14.66,15.65,0.056,0.554,1652.95,,0,1,1,0,2
2025-01-08,67011.2,66938.9,66402.6,14.47,14.66,0.108,-1.11,1652.95,,0,-1,1,0,0
2025-01-09,66481.85,66402.6,65557.2,14.66,14.47,0.119,0.156,1652.95,,0,0,1,0,1
2025-01-10,65544.35,65557.2,64257.1,14.92,14.66,-0.02,0.156,1652.95,,0,0,1,0,1
2025-01-13,63399.2,64257.1,61481.55,16.0,14.92,-1.335,-1.541,1652.95,,-1,-1,1,0,-1
2025-01-14,61860.75,61481.55,63084.1,15.47,16.0,0.617,0.158,1652.95,,1,0,1,0,2
2025-01-15,63580.05,63084.1,63639.55,15.26,15.47,0.786,0.115,1652.95,,1,0,1,0,2
2025-01-16,64520.55,63639.55,64564.5,15.47,15.26,1.384,1.831,1652.95,,1,1,1,0,3
2025-01-17,64616.2,64564.5,65053.6,15.75,15.47,0.08,-0.211,1652.95,,0,0,1,0,1
2025-01-20,65322.65,65053.6,65106.15,16.42,15.75,0.414,0.999,1652.95,,1,1,1,0,3
2025-01-21,64933.55,65106.15,63406.15,17.06,16.42,-0.265,0.999,1652.95,,0,1,1,0,2
2025-01-22,63467.8,63406.15,62865.6,16.77,17.06,0.097,0.877,1652.95,,0,1,1,0,2
2025-01-23,62773.35,62865.6,63499.75,16.7,16.77,-0.147,0.614,1652.95,,0,1,1,0,2
2025-01-24,63574.7,63499.75,62494.0,16.75,16.7,0.118,0.531,1652.95,,0,1,1,0,2
2025-01-27,62041.8,62494.0,60730.9,18.13,16.75,-0.724,-0.286,1652.95,,-1,0,1,0,0
2025-01-28,61173.75,60730.9,60912.1,18.2,18.13,0.729,-1.458,1652.95,,1,-1,1,0,1
2025-01-29,60992.5,60912.1,62142.15,18.64,18.2,0.132,0.922,1652.95,,0,1,1,0,2
2025-01-30,62330.5,62142.15,62193.15,17.39,18.64,0.303,-0.468,1652.95,,1,0,1,0,2
2025-01-31,62303.95,62193.15,63127.35,16.25,17.39,0.178,0.528,1652.95,,0,1,1,0,2
2025-02-03,63039.85,63127.35,62634.2,14.35,16.25,-0.139,-0.505,1652.95,,0,-1,1,0,0
2025-02-04,63302.95,62634.2,63598.35,14.02,14.35,1.068,-0.761,1652.95,,1,-1,1,0,1
2025-02-05,63838.3,63598.35,64012.8,14.08,14.02,0.377,0.722,1652.95,,1,1,1,0,3
2025-02-06,64451.3,64012.8,63536.7,14.18,14.08,0.685,0.391,1652.95,,1,0,1,0,2
2025-02-07,63653.7,63536.7,63552.2,13.69,14.18,0.184,0.364,1652.95,,0,0,1,0,1
2025-02-10,63572.8,63552.2,62390.3,14.45,13.69,0.032,-0.946,1652.95,,0,-1,1,0,0
2025-02-11,62374.25,62390.3,60827.8,14.87,14.45,-0.026,0.671,1652.95,,0,1,1,0,2
2025-02-12,60793.7,60827.8,60826.5,14.9,14.87,-0.056,0.034,1652.95,,0,0,1,0,1
2025-02-13,60975.7,60826.5,60947.75,14.96,14.9,0.245,-0.272,1652.95,,0,0,1,0,1
2025-02-14,61145.5,60947.75,59557.95,15.02,14.96,0.324,1.043,1652.95,,1,1,1,0,3
2025-02-17,59221.95,59557.95,59446.55,15.72,15.02,-0.564,-0.007,1652.95,,-1,0,1,0,0
2025-02-18,59567.5,59446.55,59449.4,15.67,15.72,0.203,-0.007,1652.95,,0,0,1,0,1
2025-02-19,59074.5,59449.4,60156.4,15.42,15.67,-0.631,0.244,1652.95,,-1,0,1,0,0
2025-02-20,59946.45,60156.4,61039.1,14.68,15.42,-0.349,0.238,1652.95,,-1,0,1,0,0
2025-02-21,60973.45,61039.1,60466.8,14.53,14.68,-0.108,-0.433,1652.95,,0,0,1,0,1
2025-02-24,59850.3,60466.8,59752.6,14.44,14.53,-1.02,-1.706,1652.95,,-1,-1,1,0,-1
2025-02-25,59790.4,59752.6,59312.5,13.72,14.44,0.063,-0.497,1652.95,,0,0,1,0,1
2025-02-27,59368.4,59312.5,58767.2,13.31,13.72,0.094,0.014,1652.95,,0,0,1,0,1
2025-02-28,58275.5,58767.2,57063.05,13.91,13.31,-0.837,-1.586,1652.95,,-1,-1,1,0,-1
2025-03-03,57261.7,57063.05,57646.8,13.76,13.91,0.348,1.585,1652.95,,1,1,1,0,3
2025-03-04,57135.3,57646.8,57966.85,13.83,13.76,-0.887,-1.76,1652.95,,-1,-1,1,0,-1
2025-03-05,57943.25,57966.85,59441.65,13.67,13.83,-0.041,-1.223,1652.95,,0,-1,1,0,0
2025-03-06,60134.8,59441.65,60114.35,13.73,13.67,1.166,1.116,1652.95,,1,1,1,0,3
2025-03-07,60113.7,60114.35,59852.55,13.47,13.73,-0.001,-1.782,1652.95,,0,-1,1,0,0
2025-03-10,59900.75,59852.55,58972.0,13.99,13.47,0.081,0.552,1652.95,,0,1,1,0,2
2025-03-11,58351.45,58972.0,59274.1,14.07,13.99,-1.052,-2.697,1652.95,,-1,-1,1,0,-1
2025-03-12,59502.0,59274.1,59277.55,13.69,14.07,0.384,-0.757,1652.95,,1,-1,1,0,1
2025-03-13,59618.9,59277.55,58976.1,13.28,13.69,0.576,0.489,1652.95,,1,0,1,0,2
2025-03-17,59056.6,58976.1,59406.6,13.42,13.28,0.136,2.127,1652.95,,0,1,1,0,2
2025-03-18,59793.5,59406.6,60971.4,13.21,13.42,0.651,0.642,1652.95,,1,1,1,0,3
2025-03-19,61205.05,60971.4,61953.45,13.3,13.21,0.383,-1.065,1652.95,,1,-1,1,0,1
2025-03-20,62373.65,61953.45,62309.35,12.6,13.3,0.678,1.08,1652.95,,1,1,1,0,3
2025-03-21,62319.4,62309.35,62855.85,12.58,12.6,0.016,-0.218,1652.95,,0,0,1,0,1
2025-03-24,63373.05,62855.85,63638.4,13.7,12.58,0.823,0.082,1652.95,,1,0,1,0,2
2025-03-25,64133.3,63638.4,62703.75,13.64,13.7,0.778,1.765,1652.95,,1,1,1,0,3
2025-03-26,62721.45,62703.75,62460.8,13.47,13.64,0.028,0.157,1652.95,,0,0,1,0,1
2025-03-27,62298.55,62460.8,63442.55,13.3,13.47,-0.26,-1.116,1652.95,,0,-1,1,0,0
2025-03-28,63471.8,63442.55,63043.2,12.72,13.3,0.046,-0.331,1652.95,,0,0,1,0,1
2025-04-01,62981.1,63043.2,62372.1,13.78,12.72,-0.099,0.554,1652.95,,0,1,1,0,2
2025-04-02,62466.55,62372.1,63087.1,13.72,13.78,0.151,0.378,1652.95,,0,0,1,0,1
2025-04-03,62604.15,63087.1,63104.3,13.6,13.72,-0.766,0.673,1652.95,,-1,1,1,0,1
2025-04-04,63090.05,63104.3,61468.7,13.76,13.6,-0.023,-4.84,1652.95,,0,-1,1,0,0
2025-04-07,57256.55,61468.7,59546.2,22.79,13.76,-6.853,-5.975,1652.95,,-1,-1,1,0,-1
2025-04-08,60665.25,59546.2,60807.55,20.44,22.79,1.879,-0.233,1652.95,,1,0,1,0,2
2025-04-09,60779.8,60807.55,60664.6,21.43,20.44,-0.046,-1.57,1652.95,,0,-1,1,0,0
2025-04-11,61839.15,60664.6,61473.55,20.11,21.43,1.936,-3.461,1652.95,,1,-1,1,0,1
2025-04-15,62862.15,61473.55,63374.3,16.13,20.11,2.259,0.794,1652.95,,1,1,1,0,3
2025-04-16,63454.8,63374.3,63798.55,15.87,16.13,0.127,-0.173,1652.95,,0,0,1,0,1
2025-04-17,63770.8,63798.55,64255.55,15.47,15.87,-0.043,-2.241,1652.95,,0,-1,1,0,0
2025-04-21,64750.35,64255.55,65406.2,15.52,15.47,0.77,0.133,1652.95,,1,0,1,0,2
2025-04-22,65649.25,65406.2,65548.4,15.23,15.52,0.372,-2.357,1652.95,,1,-1,1,0,1
2025-04-23,65829.25,65548.4,65999.65,15.96,15.23,0.428,2.512,1652.95,,1,1,1,0,3
2025-04-24,66092.65,65999.65,65900.8,16.25,15.96,0.141,1.666,1652.95,,0,1,1,0,2
2025-04-25,66044.1,65900.8,64314.9,17.16,16.25,0.217,2.026,1652.95,,0,1,1,0,2
2025-04-28,64139.95,64314.9,65043.45,16.94,17.16,-0.272,0.737,1652.95,,0,1,1,0,2
2025-04-29,65349.6,65043.45,64892.35,17.37,16.94,0.471,0.064,1652.95,,1,0,1,0,2
2025-04-30,64965.75,64892.35,64508.85,18.22,17.37,0.113,0.58,1652.95,,0,1,1,0,2
2025-05-02,64471.65,64508.85,64429.75,18.26,18.22,-0.058,0.63,1652.95,,0,1,1,0,2
2025-05-05,64749.2,64429.75,65406.85,18.34,18.26,0.496,1.473,1652.95,,1,1,1,0,3
2025-05-06,65511.25,65406.85,63824.9,19.0,18.34,0.16,-0.638,1652.95,,0,-1,1,0,0
2025-05-07,62864.55,63824.9,64134.4,19.06,19.0,-1.505,-0.769,1652.95,,-1,-1,1,0,-1
2025-05-08,64267.4,64134.4,62760.25,21.01,19.06,0.207,0.435,1652.95,,0,0,1,0,1
2025-05-09,61416.45,62760.25,62527.0,21.63,21.01,-2.141,0.58,1652.95,,-1,1,1,0,1
2025-05-12,64366.15,62527.0,65078.55,18.39,21.63,2.941,-0.071,1652.95,,1,0,1,0,2
2025-05-13,65128.3,65078.55,65065.8,18.2,18.39,0.076,3.256,1652.95,,0,1,1,0,2
2025-05-14,65202.25,65065.8,65540.75,17.23,18.2,0.21,0.725,1652.95,,0,1,1,0,2
2025-05-15,65721.75,65540.75,66226.55,16.89,17.23,0.276,0.102,1652.95,,0,0,1,0,1
2025-05-16,66364.8,66226.55,67078.95,16.55,16.89,0.209,0.413,1652.95,,0,0,1,0,1
2025-05-19,67281.55,67078.95,67405.8,17.36,16.55,0.302,0.701,1652.95,,1,1,1,0,3
2025-05-20,67686.3,67405.8,66165.5,17.39,17.36,0.416,0.088,1652.95,,1,0,1,0,2
2025-05-21,66289.3,66165.5,66939.1,17.55,17.39,0.187,-0.388,1652.95,,0,0,1,0,1
2025-05-22,66833.4,66939.1,66716.9,17.26,17.55,-0.158,-1.614,1652.95,,0,-1,1,0,0
2025-05-23,66837.75,66716.9,67095.9,17.28,17.26,0.181,-0.044,1652.95,,0,0,1,0,1
2025-05-26,67376.85,67095.9,67372.3,18.02,17.28,0.419,-0.671,1652.95,,1,-1,1,0,1
2025-05-27,67416.9,67372.3,67190.75,18.54,18.02,0.066,-0.671,1652.95,,0,-1,1,0,0
2025-05-28,67331.7,67190.75,66996.2,18.02,18.54,0.21,2.046,1652.95,,0,1,1,0,2
2025-05-29,67256.4,66996.2,67093.8,16.42,18.02,0.388,-0.557,1652.95,,1,-1,1,0,1
2025-05-30,67136.5,67093.8,66761.3,16.08,16.42,0.064,0.401,1652.95,,0,0,1,0,1
2025-06-02,66782.65,66761.3,67039.8,17.16,16.08,0.032,-0.008,1652.95,,0,0,1,0,1
2025-06-03,67230.0,67039.8,66671.8,16.56,17.16,0.284,0.41,1652.95,,0,0,1,0,1
2025-06-04,66763.9,66671.8,66866.6,15.75,16.56,0.138,0.58,1652.95,,0,1,1,0,2
2025-06-05,67077.4,66866.6,67147.1,15.08,15.75,0.315,0.007,1652.95,,1,0,1,0,2
2025-06-06,67275.35,67147.1,67992.85,14.63,15.08,0.191,-0.528,1652.95,,0,-1,1,0,0
2025-06-09,68351.1,67992.85,68843.5,14.69,14.63,0.527,1.028,1652.95,,1,1,1,0,3
2025-06-10,69125.35,68843.5,68922.55,14.02,14.69,0.409,0.092,1652.95,,1,0,1,0,2
2025-06-11,68993.05,68922.55,68771.85,13.67,14.02,0.102,0.548,1652.95,,0,1,1,0,2
2025-06-12,68884.8,68771.85,67536.5,14.02,13.67,0.164,-0.274,1652.95,,0,0,1,0,1
2025-06-13,66175.3,67536.5,66979.05,15.08,14.02,-2.016,0.382,1652.95,,-1,0,1,0,0
2025-06-16,66988.9,66979.05,67472.15,14.84,15.08,0.015,-1.13,1652.95,,0,-1,1,0,0
2025-06-17,67555.05,67472.15,66996.45,14.4,14.84,0.123,0.939,1652.95,,0,1,1,0,2
2025-06-18,67007.0,66996.45,66788.7,14.28,14.4,0.016,-0.835,1652.95,,0,-1,1,0,0
2025-06-19,66752.35,66788.7,65848.15,14.26,14.28,-0.054,-0.031,1652.95,,0,0,1,0,1
2025-06-20,65894.05,65848.15,66733.05,13.67,14.26,0.07,-0.031,1652.95,,0,0,1,0,1
2025-06-23,66209.45,66733.05,66780.5,14.05,13.67,-0.785,-0.218,1652.95,,-1,0,1,0,0
2025-06-24,67517.0,66780.5,67349.35,13.64,14.05,1.103,0.961,1652.95,,1,1,1,0,3
2025-06-25,67692.25,67349.35,67669.4,12.96,13.64,0.509,1.112,1652.95,,1,1,1,0,3
2025-06-26,67879.45,67669.4,68295.15,12.59,12.96,0.31,-0.0,1652.95,,1,0,1,0,2
2025-06-27,68479.0,68295.15,68712.4,12.39,12.59,0.269,0.802,1652.95,,0,1,1,0,2
2025-06-30,68913.7,68712.4,68998.2,12.79,12.39,0.293,0.522,1652.95,,0,1,1,0,2
2025-07-01,69163.3,68998.2,68930.2,12.53,12.79,0.239,0.516,1652.95,,0,1,1,0,2
2025-07-02,68980.9,68930.2,68729.8,12.45,12.53,0.074,-0.112,1652.95,,0,0,1,0,1
2025-07-03,68800.85,68729.8,68355.85,12.39,12.45,0.103,0.475,1652.95,,0,0,1,0,1
2025-07-04,68546.9,68355.85,68607.8,12.32,12.39,0.279,0.834,1652.95,,0,1,1,0,2
2025-07-07,68692.85,68607.8,68725.8,12.56,12.32,0.124,0.834,1652.95,,0,1,1,0,2
2025-07-08,68820.95,68725.8,68719.05,12.2,12.56,0.138,-0.786,1652.95,,0,-1,1,0,0
2025-07-09,68755.95,68719.05,68678.15,11.94,12.2,0.054,-0.072,1652.95,,0,0,1,0,1
2025-07-10,68821.9,68678.15,68523.45,11.67,11.94,0.209,0.606,1652.95,,0,1,1,0,2
2025-07-11,68507.05,68523.45,67965.55,11.82,11.67,-0.024,0.275,1652.95,,0,0,1,0,1
2025-07-14,67956.0,67965.55,68285.65,11.98,11.82,-0.014,-0.33,1652.95,,0,0,1,0,1
2025-07-15,68440.85,68285.65,68727.55,11.48,11.98,0.227,0.141,1652.95,,0,0,1,0,1
2025-07-16,68740.95,68727.55,68870.55,11.24,11.48,0.02,-0.396,1652.95,,0,0,1,0,1
2025-07-17,68992.15,68870.55,68711.45,11.24,11.24,0.177,0.319,1652.95,,0,0,1,0,1
2025-07-18,68799.9,68711.45,68225.15,11.39,11.24,0.129,0.537,1652.95,,0,1,1,0,2
2025-07-21,68278.6,68225.15,68503.15,11.2,11.39,0.078,-0.009,1652.95,,0,0,1,0,1
2025-07-22,68704.35,68503.15,68253.9,10.75,11.2,0.294,0.14,1652.95,,0,0,1,0,1
2025-07-23,68371.75,68253.9,68363.0,10.52,10.75,0.173,0.064,1652.95,,0,0,1,0,1
2025-07-24,68392.7,68363.0,68207.3,10.72,10.52,0.043,0.781,1652.95,,0,1,1,0,2
2025-07-25,68098.6,68207.3,67146.65,11.28,10.72,-0.159,0.07,1652.95,,0,0,1,0,1
2025-07-28,67023.0,67146.65,66768.9,12.06,11.28,-0.184,0.397,1652.95,,0,0,1,0,1
2025-07-29,66652.3,66768.9,67379.2,11.53,12.06,-0.175,0.018,1652.95,,0,0,1,0,1
2025-07-30,67505.6,67379.2,67435.15,11.21,11.53,0.188,-0.296,1652.95,,0,0,1,0,1
2025-07-31,66606.65,67435.15,67096.15,11.54,11.21,-1.229,-0.125,1652.95,,-1,0,1,0,0
2025-08-01,67119.25,67096.15,66192.8,11.98,11.54,0.034,-0.369,1652.95,,0,0,1,0,1
2025-08-04,66238.5,66192.8,66917.5,11.97,11.98,0.069,-1.599,1652.95,,0,-1,1,0,0
2025-08-05,66995.75,66917.5,66762.05,11.71,11.97,0.117,1.474,1652.95,,0,1,1,0,2
2025-08-06,66850.2,66762.05,66181.35,11.96,11.71,0.132,-0.486,1652.95,,0,0,1,0,1
2025-08-07,65924.3,66181.35,66338.1,11.69,11.96,-0.388,0.728,1652.95,,-1,1,1,0,1
2025-08-08,66400.4,66338.1,65514.7,12.03,11.69,0.094,-0.08,1652.95,,0,0,1,0,1
2025-08-11,65571.95,65514.7,66283.95,12.22,12.03,0.087,0.78,1652.95,,0,1,1,0,2
2025-08-12,66332.75,66283.95,66223.9,12.23,12.22,0.074,-0.25,1652.95,,0,0,1,0,1
2025-08-13,66396.0,66223.9,66622.25,12.14,12.23,0.26,1.135,1652.95,,0,1,1,0,2
2025-08-14,66776.3,66622.25,66511.6,12.36,12.14,0.231,0.323,1652.95,,0,0,1,0,1
2025-08-18,67396.5,66511.6,67399.6,12.34,12.36,1.33,-0.29,1652.95,,1,0,1,0,2
2025-08-19,67505.15,67399.6,67907.45,11.79,12.34,0.157,-0.01,1652.95,,0,0,1,0,1
2025-08-20,67960.85,67907.45,68164.3,11.79,11.79,0.079,-0.586,1652.95,,0,-1,1,0,0
2025-08-21,68337.7,68164.3,67972.65,11.37,11.79,0.254,-0.243,1652.95,,0,0,1,0,1
2025-08-22,68049.2,67972.65,67540.1,11.73,11.37,0.113,-0.4,1652.95,,0,0,1,0,1
2025-08-25,67834.1,67540.1,67711.35,11.76,11.73,0.435,1.519,1652.95,,1,1,1,0,3
2025-08-26,67632.2,67711.35,66800.35,12.19,11.76,-0.117,-0.427,1652.95,,0,0,1,0,1
2025-08-28,66931.65,66800.35,65940.3,12.18,12.19,0.197,0.239,1652.95,,0,0,1,0,1
2025-08-29,65960.75,65940.3,65745.75,11.75,12.18,0.031,0.316,1652.95,,0,0,1,0,1
2025-09-01,65917.35,65745.75,66670.15,11.29,11.75,0.261,-0.64,1652.95,,0,-1,1,0,0
2025-09-02,66799.15,66670.15,67017.75,11.4,11.29,0.193,-0.64,1652.95,,0,-1,1,0,0
2025-09-03,67153.85,67017.75,67463.05,10.93,11.4,0.203,-0.692,1652.95,,0,-1,1,0,0
2025-09-04,68362.95,67463.05,67151.55,10.85,10.93,1.334,0.51,1652.95,,1,1,1,0,3
2025-09-05,67333.1,67151.55,67089.8,10.78,10.85,0.27,0.835,1652.95,,0,1,1,0,2
2025-09-08,67305.5,67089.8,67366.05,10.84,10.78,0.322,-0.317,1652.95,,1,0,1,0,2
2025-09-09,67512.4,67366.05,67460.75,10.69,10.84,0.217,0.211,1652.95,,0,0,1,0,1
2025-09-10,67696.05,67460.75,67753.8,10.54,10.69,0.349,0.269,1652.95,,1,0,1,0,2
2025-09-11,67816.35,67753.8,67974.7,10.36,10.54,0.092,0.298,1652.95,,0,0,1,0,1
2025-09-12,68196.1,67974.7,68194.0,10.12,10.36,0.326,0.849,1652.95,,1,1,1,0,3
2025-09-15,68377.05,68194.0,68603.15,10.4,10.12,0.268,-0.048,1652.95,,0,0,1,0,1
2025-09-16,68779.0,68603.15,69000.75,10.27,10.4,0.256,0.471,1652.95,,0,0,1,0,1
2025-09-17,69188.8,69000.75,69147.1,10.25,10.27,0.273,-0.129,1652.95,,0,0,1,0,1
2025-09-18,69314.05,69147.1,69334.3,9.89,10.25,0.241,-0.097,1652.95,,0,0,1,0,1
2025-09-19,69621.3,69334.3,69736.6,9.97,9.89,0.414,0.479,1652.95,,1,0,1,0,2
2025-09-22,69822.0,69736.6,69962.3,10.56,9.97,0.122,0.489,1652.95,,0,0,1,0,1
2025-09-23,70251.15,69962.3,69643.4,10.63,10.56,0.413,0.441,1652.95,,1,0,1,0,2
2025-09-24,69626.1,69643.4,68808.2,10.52,10.63,-0.025,-0.55,1652.95,,0,-1,1,0,0
2025-09-25,68804.85,68808.2,68293.65,10.78,10.52,-0.005,-0.285,1652.95,,0,0,1,0,1
2025-09-26,68248.35,68293.65,67144.95,11.43,10.78,-0.066,-0.501,1652.95,,0,-1,1,0,0
2025-09-29,67353.75,67144.95,67835.1,11.37,11.43,0.311,0.59,1652.95,,1,1,1,0,3
2025-09-30,67938.05,67835.1,67845.15,11.07,11.37,0.152,0.264,1652.95,,0,0,1,0,1
2025-10-01,67842.7,67845.15,68087.3,10.29,11.07,-0.004,0.409,1652.95,,0,0,1,0,1
2025-10-03,68213.75,68087.3,68355.9,10.06,10.29,0.186,0.062,1652.95,,0,0,1,0,1
2025-10-06,68436.2,68355.9,68590.25,10.19,10.06,0.117,0.007,1652.95,,0,0,1,0,1
2025-10-07,68696.85,68590.25,68671.2,10.05,10.19,0.155,0.365,1652.95,,0,0,1,0,1
2025-10-08,68685.05,68671.2,68139.95,10.31,10.05,0.02,-0.381,1652.95,,0,0,1,0,1
2025-10-09,68288.1,68139.95,68520.25,10.12,10.31,0.217,0.583,1652.95,,0,1,1,0,2
2025-10-10,68619.35,68520.25,68687.25,10.1,10.12,0.145,-0.276,1652.95,,0,0,1,0,1
2025-10-13,68423.75,68687.25,68569.65,11.01,10.1,-0.384,-2.711,1652.95,,-1,-1,1,0,-1
2025-10-14,68749.95,68569.65,68207.85,11.16,11.01,0.263,1.56,1652.95,,0,1,1,0,2
2025-10-15,68389.85,68207.85,69113.55,10.53,11.16,0.267,-0.156,1652.95,,0,0,1,0,1
2025-10-16,69274.65,69113.55,69453.2,10.87,10.53,0.233,0.403,1652.95,,0,0,1,0,1
2025-10-17,69458.0,69453.2,69356.05,11.63,10.87,0.007,-0.629,1652.95,,0,-1,1,0,0
2025-10-20,69641.95,69356.05,69450.35,11.36,11.63,0.412,0.527,1652.95,,1,1,1,0,3
2025-10-21,69805.3,69450.35,69519.65,11.3,11.36,0.511,1.067,1652.95,,1,1,1,0,3
2025-10-23,69790.7,69519.65,69434.35,11.73,11.3,0.39,-0.534,1652.95,,1,-1,1,0,1
2025-10-24,69530.55,69434.35,69355.9,11.59,11.73,0.139,0.583,1652.95,,0,1,1,0,2
2025-10-27,69579.15,69355.9,69612.2,11.86,11.59,0.322,0.79,1652.95,,1,1,1,0,3
2025-10-28,69751.75,69612.2,69258.25,11.95,11.86,0.2,1.229,1652.95,,0,1,1,0,2
2025-10-29,69413.85,69258.25,70238.45,11.97,11.95,0.225,0.229,1652.95,,0,0,1,0,1
2025-10-30,70405.15,70238.45,70082.55,12.07,11.97,0.237,-0.004,1652.95,,0,0,1,0,1
2025-10-31,70172.65,70082.55,69824.75,12.15,12.07,0.129,-0.99,1652.95,,0,-1,1,0,0
2025-11-03,69995.7,69824.75,70483.3,12.67,12.15,0.245,0.262,1652.95,,0,0,1,0,1
2025-11-04,70493.8,70483.3,70168.8,12.65,12.67,0.015,0.172,1652.95,,0,0,1,0,1
2025-11-06,70285.15,70168.8,69299.55,12.41,12.65,0.166,0.365,1652.95,,0,0,1,0,1
2025-11-07,69074.65,69299.55,69366.15,12.56,12.41,-0.325,-1.118,1652.95,,-1,-1,1,0,-1
2025-11-10,69513.15,69366.15,69629.2,12.3,12.56,0.212,0.126,1652.95,,0,0,1,0,1
2025-11-11,69666.45,69629.2,69725.1,12.49,12.3,0.053,1.54,1652.95,,0,1,1,0,2
2025-11-12,69977.45,69725.1,69807.95,12.11,12.49,0.362,0.208,1652.95,,1,0,1,0,2
2025-11-13,69916.65,69807.95,69851.65,12.16,12.11,0.156,0.063,1652.95,,0,0,1,0,1
2025-11-14,69822.95,69851.65,69786.85,11.94,12.16,-0.041,-1.656,1652.95,,0,-1,1,0,0
2025-11-17,70014.75,69786.85,70154.1,11.79,11.94,0.327,-0.05,1652.95,,1,0,1,0,2
2025-11-18,70275.7,70154.1,69643.5,12.1,11.79,0.173,-0.916,1652.95,,0,-1,1,0,0
2025-11-19,69681.45,69643.5,69635.85,11.97,12.1,0.054,-0.826,1652.95,,0,-1,1,0,0
2025-11-20,69897.05,69635.85,69567.75,12.14,11.97,0.375,0.375,1652.95,,1,0,1,0,2
2025-11-21,69448.5,69567.75,68669.15,13.63,12.14,-0.171,-1.557,1652.95,,0,-1,1,0,0
2025-11-24,68679.45,68669.15,67997.45,13.24,13.63,0.015,0.982,1652.95,,0,1,1,0,2
2025-11-25,68030.8,67997.45,68172.45,12.24,13.24,0.049,1.547,1652.95,,0,1,1,0,2
2025-11-26,68302.8,68172.45,69189.4,11.97,12.24,0.191,0.906,1652.95,,0,1,1,0,2
2025-11-27,69349.7,69189.4,69069.8,11.79,11.97,0.232,0.691,1652.95,,0,1,1,0,2
2025-11-28,69072.2,69069.8,69137.45,11.62,11.79,0.003,0.691,1652.95,,0,1,1,0,2
2025-12-01,69401.7,69137.45,69220.6,11.63,11.62,0.382,0.535,1652.95,,1,1,1,0,3
2025-12-02,69116.6,69220.6,69154.45,11.23,11.63,-0.15,-0.532,1652.95,,0,-1,1,0,0
2025-12-03,69208.95,69154.45,68400.85,11.21,11.23,0.079,0.246,1652.95,,0,0,1,0,1
2025-12-04,68445.6,68400.85,68560.8,10.82,11.21,0.065,0.298,1652.95,,0,0,1,0,1
2025-12-05,68557.3,68560.8,68709.85,10.32,10.82,-0.005,0.108,1652.95,,0,0,1,0,1
2025-12-08,68702.0,68709.85,67302.5,11.13,10.32,-0.011,0.194,1652.95,,0,0,1,0,1
2025-12-09,67066.95,67302.5,67704.45,10.95,11.13,-0.35,-0.348,1652.95,,-1,0,1,0,0
2025-12-10,67779.85,67704.45,67572.4,10.91,10.95,0.111,-0.088,1652.95,,0,0,1,0,1
2025-12-11,67645.0,67572.4,67939.5,10.4,10.91,0.107,0.675,1652.95,,0,1,1,0,2
2025-12-12,68141.75,67939.5,68509.7,10.11,10.4,0.298,0.208,1652.95,,0,0,1,0,1
2025-12-15,68431.3,68509.7,68622.45,10.25,10.11,-0.114,-1.066,1652.95,,0,-1,1,0,0
2025-12-16,68602.1,68622.45,68337.2,10.06,10.25,-0.03,-0.16,1652.95,,0,0,1,0,1
2025-12-17,68419.7,68337.2,68076.85,9.84,10.06,0.121,-0.238,1652.95,,0,0,1,0,1
2025-12-18,68059.2,68076.85,67830.25,9.71,9.84,-0.026,-1.159,1652.95,,0,-1,1,0,0
2025-12-19,67950.35,67830.25,68378.65,9.52,9.71,0.177,0.793,1652.95,,0,1,1,0,2
2025-12-22,68616.9,68378.65,68842.75,9.68,9.52,0.348,0.882,1652.95,,1,1,1,0,3
2025-12-23,69046.85,68842.75,69096.3,9.38,9.68,0.296,0.644,1652.95,,0,1,1,0,2
2025-12-24,69194.1,69096.3,68957.25,9.19,9.38,0.142,0.455,1652.95,,0,0,1,0,1
2025-12-26,68987.55,68957.25,68961.05,9.15,9.19,0.044,0.322,1652.95,,0,0,1,0,1
2025-12-29,69040.55,68961.05,68638.75,9.72,9.15,0.115,-0.03,1652.95,,0,0,1,0,1
2025-12-30,68597.4,68638.75,68667.75,9.68,9.72,-0.06,-0.349,1652.95,,0,0,1,0,1
2025-12-31,68839.35,68667.75,69364.5,9.48,9.68,0.25,-0.138,1652.95,,0,0,1,0,1
2026-01-02,69823.65,69364.5,70416.9,9.45,9.48,0.662,-0.736,1652.95,,1,-1,1,0,1
2026-01-05,70528.05,70416.9,70413.4,10.02,9.45,0.158,0.189,1652.95,,0,0,1,0,1
2026-01-06,70529.25,70413.4,70602.1,10.02,10.02,0.165,0.635,1652.95,,0,1,1,0,2
2026-01-07,70681.9,70602.1,70690.6,9.95,10.02,0.113,0.62,1652.95,,0,1,1,0,2
2026-01-08,70633.9,70690.6,69196.1,10.6,9.95,-0.08,-0.344,1652.95,,0,0,1,0,1
2026-01-09,69059.2,69196.1,68492.2,10.93,10.6,-0.198,0.008,1652.95,,0,0,1,0,1
2026-01-12,68553.65,68492.2,68699.05,11.37,10.93,0.09,0.648,1652.95,,0,1,1,0,2
2026-01-13,68907.75,68699.05,68522.0,11.2,11.37,0.304,0.158,1652.95,,1,0,1,0,2
2026-01-14,68446.8,68522.0,68786.9,11.32,11.2,-0.11,-0.194,1652.95,,0,0,1,0,1
2026-01-16,68867.35,68786.9,68857.9,11.37,11.32,0.117,0.258,1652.95,,0,0,1,0,1
2026-01-19,68792.25,68857.9,68693.9,11.83,11.37,-0.095,-0.064,1652.95,,0,0,1,0,1
2026-01-20,68642.85,68693.9,67110.9,12.73,11.83,-0.074,-0.064,1652.95,,0,0,1,0,1
2026-01-21,66864.35,67110.9,66864.45,13.78,12.73,-0.367,-2.063,1652.95,,-1,-1,1,0,-1
2026-01-22,67332.35,66864.45,67592.8,13.35,13.78,0.7,1.159,1652.95,,1,1,1,0,3
2026-01-23,67829.2,67592.8,66260.55,14.19,13.35,0.35,0.549,1652.95,,1,1,1,0,3
2026-01-27,66696.6,66260.55,66696.55,14.45,14.19,0.658,0.501,1652.95,,1,1,1,0,3
2026-01-28,66906.8,66696.55,68205.65,13.53,14.45,0.315,0.408,1652.95,,1,0,1,0,2
2026-01-29,68300.2,68205.65,68409.75,13.37,13.53,0.139,-0.008,1652.95,,0,0,1,0,1
2026-01-30,68146.85,68409.75,67839.85,13.63,13.37,-0.384,-0.129,1652.95,,-1,0,1,0,0
2026-02-02,66452.3,67839.85,67073.2,13.87,13.63,-2.045,-0.43,1652.95,,-1,0,1,0,0
2026-02-03,69488.65,67073.2,68849.4,12.9,13.87,3.601,0.539,1652.95,,1,1,1,0,3
2026-02-04,68889.15,68849.4,69298.55,12.25,12.9,0.058,-0.84,1652.95,,0,-1,1,0,0
2026-02-05,69078.5,69298.55,68970.4,12.17,12.25,-0.318,-0.507,1652.95,,-1,-1,1,0,-1
2026-02-06,68772.65,68970.4,69058.4,11.94,12.17,-0.287,-1.225,1652.95,,0,-1,1,0,0
2026-02-09,69436.45,69058.4,69729.35,12.19,11.94,0.547,1.97,1652.95,,1,1,1,0,3
2026-02-10,69941.75,69729.35,69829.6,11.67,12.19,0.305,0.469,1652.95,,1,0,1,0,2
2026-02-11,70049.0,69829.6,70216.55,11.55,11.67,0.314,-0.33,1652.95,,1,0,1,0,2
2026-02-12,70221.8,70216.55,69916.1,11.73,11.55,0.007,-0.005,1652.95,,0,0,1,0,1
2026-02-13,69374.65,69916.1,68826.75,13.29,11.73,-0.774,-1.566,1652.95,,-1,-1,1,0,-1
2026-02-16,68553.85,68826.75,69496.75,13.33,13.29,-0.397,0.05,1652.95,,-1,0,1,0,0
2026-02-17,69433.95,69496.75,69868.75,12.67,13.33,-0.09,0.05,1652.95,,0,0,1,0,1
2026-02-18,69964.45,69868.75,70334.35,12.22,12.67,0.137,0.103,1652.95,,0,0,1,0,1
2026-02-19,70379.8,70334.35,69028.75,13.46,12.22,0.065,0.557,1652.95,,0,1,1,0,2
2026-02-20,68913.2,69028.75,69453.65,14.36,13.46,-0.167,-0.282,1652.95,,0,0,1,0,1
2026-02-23,69844.8,69453.65,69723.1,14.17,14.36,0.563,0.694,1652.95,,1,1,1,0,3
2026-02-24,69498.35,69723.1,69778.45,14.15,14.17,-0.322,-1.039,1652.95,,-1,-1,1,0,-1
2026-02-25,70045.5,69778.45,70399.25,13.49,14.15,0.383,0.765,1652.95,,1,1,1,0,3
2026-02-26,70534.6,70399.25,70628.5,13.06,13.49,0.192,0.814,1652.95,,0,1,1,0,2
2026-02-27,70630.1,70628.5,69710.9,13.7,13.06,0.002,-0.537,1652.95,,0,-1,1,0,0
2026-03-02,67393.3,69710.9,68650.25,17.13,13.7,-3.325,-0.434,1652.95,,-1,0,1,0,0
2026-03-04,67555.3,68650.25,66799.4,21.14,17.13,-1.595,-0.944,1652.95,,-1,-1,1,0,-1
2026-03-05,67102.85,66799.4,67722.2,17.86,21.14,0.454,0.776,1652.95,,1,1,1,0,3
2026-03-06,67559.05,67722.2,67476.65,19.88,17.86,-0.241,-0.565,1652.95,,0,-1,1,0,0
2026-03-09,66198.25,67476.65,66070.65,23.36,19.88,-1.895,-1.328,1652.95,,-1,-1,1,0,-1
2026-03-10,66929.7,66070.65,67227.95,18.91,23.36,1.3,0.83,1652.95,,1,1,1,0,3
2026-03-11,67375.9,67227.95,66498.65,21.06,18.91,0.22,-0.214,1652.95,,0,0,1,0,1
2026-03-12,66119.0,66498.65,66424.55,21.52,21.06,-0.571,-0.084,1652.95,,-1,0,1,0,0
2026-03-13,66132.2,66424.55,64691.45,22.65,21.52,-0.44,-1.523,1652.95,,-1,-1,1,0,-1
2026-03-16,64621.55,64691.45,64462.3,21.6,22.65,-0.108,-0.606,1652.95,,0,-1,1,0,0
2026-03-17,64722.05,64462.3,65021.6,19.79,21.6,0.403,1.013,1652.95,,1,1,1,0,3
2026-03-18,65200.5,65021.6,65668.5,18.72,19.79,0.275,0.249,1652.95,,0,0,1,0,1
2026-03-19,64706.75,65668.5,63573.8,22.8,18.72,-1.465,-1.361,1652.95,,-1,-1,1,0,-1
2026-03-20,64035.75,63573.8,63862.3,22.81,22.8,0.727,-0.275,1652.95,,1,0,1,0,2
2026-03-23,63236.75,63862.3,61414.9,26.73,22.81,-0.98,-1.514,1652.95,,-1,-1,1,0,-1
2026-03-24,62668.15,61414.9,62360.7,24.74,26.73,2.041,1.145,1652.95,,1,1,1,0,3
2026-03-25,63051.4,62360.7,63620.6,24.64,24.74,1.108,-0.374,1652.95,,1,0,1,0,2
2026-03-27,63324.1,63620.6,62043.05,26.8,24.64,-0.466,-1.741,1652.95,,-1,-1,1,0,-1
2026-03-30,61170.4,62043.05,60349.8,27.89,26.8,-1.407,-1.672,1652.95,,-1,-1,1,0,-1
2026-04-01,62118.05,60349.8,61912.75,25.01,27.89,2.93,2.913,1652.95,,1,1,1,0,3
2026-04-02,61136.4,61912.75,61957.6,25.52,25.01,-1.254,0.717,1652.95,,-1,1,1,0,1
2026-04-06,62198.05,61957.6,62858.95,25.47,25.52,0.388,0.112,1652.95,,1,0,1,0,2
2026-04-07,62607.45,62858.95,63151.05,24.7,25.47,-0.4,0.443,1652.95,,-1,0,1,0,0
2026-04-08,65491.35,63151.05,66145.3,19.7,24.7,3.706,0.076,1652.95,,1,0,1,0,2
2026-04-09,66079.25,66145.3,66268.65,20.43,19.7,-0.1,2.508,1652.95,,0,1,1,0,2
2026-04-10,66677.25,66268.65,67641.25,18.85,20.43,0.617,0.617,1652.95,,1,1,1,0,3
2026-04-13,66038.4,67641.25,67123.3,20.5,18.85,-2.37,-0.114,1652.95,,-1,0,1,0,0
2026-04-15,68203.55,67123.3,68569.35,18.67,20.5,1.609,1.178,1652.95,,1,1,1,0,3
2026-04-16,69070.2,68569.35,69300.6,18.09,18.67,0.73,0.798,1652.95,,1,1,1,0,3
2026-04-17,69397.75,69300.6,70273.8,17.21,18.09,0.14,0.261,1652.95,,0,0,1,0,1
2026-04-20,70342.85,70273.8,70341.0,18.79,17.21,0.098,1.204,1652.95,,0,1,1,0,2
2026-04-21,70583.15,70341.0,70824.45,17.53,18.79,0.344,-0.237,1652.95,,1,0,1,0,2
2026-04-22,70756.05,70824.45,71346.2,18.3,17.53,-0.097,-0.635,1652.95,,0,-1,1,0,0
2026-04-23,71168.65,71346.2,70410.35,18.59,18.3,-0.249,1.046,1652.95,,0,1,1,0,2
2026-04-24,70500.2,70410.35,69883.95,19.71,18.59,0.128,-0.413,1652.95,,0,0,1,0,1
2026-04-27,70201.0,69883.95,70798.65,18.38,19.71,0.454,0.797,1652.95,,1,1,1,0,3
2026-04-28,70763.0,70798.65,70568.2,18.05,18.38,-0.05,0.123,1652.95,,0,0,1,0,1
2026-04-29,70866.2,70568.2,70521.8,17.44,18.05,0.422,-0.489,1652.95,,1,0,1,0,2
2026-04-30,70127.7,70521.8,69643.9,18.46,17.44,-0.559,-0.04,1652.95,,-1,0,1,0,0
2026-05-04,69976.55,69643.9,70283.85,18.3,18.46,0.478,0.293,1652.95,,1,0,1,0,2
2026-05-05,70256.8,70283.85,70627.3,17.91,18.3,-0.038,-0.406,1652.95,,0,0,1,0,1
2026-05-06,71260.2,70627.3,71691.45,16.68,17.91,0.896,0.812,1652.95,,1,1,1,0,3
2026-05-07,71982.5,71691.45,71852.9,16.62,16.68,0.406,1.459,1652.95,,1,1,1,0,3
2026-05-08,71776.4,71852.9,71495.6,16.84,16.62,-0.106,-0.38,1652.95,,0,0,1,0,1
2026-05-11,71046.6,71495.6,70297.85,18.55,16.84,-0.628,0.843,1652.95,,-1,1,1,0,1
2026-05-12,70121.85,70297.85,68586.55,19.28,18.55,-0.25,0.188,1652.95,,0,0,1,0,1
2026-05-13,68490.75,68586.55,69166.4,19.43,19.28,-0.14,-0.16,1652.95,,0,0,1,0,1
2026-05-14,69703.6,69166.4,69940.3,18.61,19.43,0.777,0.585,1652.95,,1,1,1,0,3
2026-05-15,70134.05,69940.3,69280.25,18.79,18.61,0.277,0.766,1652.95,,0,1,1,0,2
2026-05-18,68832.1,69280.25,68618.0,19.63,18.79,-0.647,-1.236,1652.95,,-1,-1,1,0,-1
2026-05-19,68817.25,68618.0,68992.35,18.68,19.63,0.29,-0.074,1652.95,,0,0,1,0,1
2026-05-20,68578.0,68992.35,69361.55,18.44,18.68,-0.601,-0.668,1652.95,,-1,-1,1,0,-1
2026-05-21,69968.4,69361.55,69505.6,17.82,18.44,0.875,1.079,1652.95,,1,1,1,0,3
2026-05-22,69670.35,69505.6,69783.05,17.91,17.82,0.237,0.172,1652.95,,0,0,1,0,1
2026-05-25,70444.05,69783.05,70815.85,16.7,17.91,0.947,0.373,1652.95,,1,0,1,0,2
2026-05-26,70875.4,70815.85,70945.1,16.13,16.7,0.084,0.373,1652.95,,0,0,1,0,1
2026-05-27,71043.9,70945.1,71957.2,14.98,16.13,0.139,0.611,1652.95,,0,1,1,0,2
2026-05-29,72350.75,71957.2,71073.65,16.19,14.98,0.547,0.575,1652.95,,1,1,1,0,3
2026-06-01,71430.85,71073.65,69921.85,16.54,16.19,0.503,0.217,1652.95,,1,0,1,0,2
2026-06-02,69481.2,69921.85,70115.8,15.36,16.54,-0.63,0.263,1652.95,,-1,0,1,0,0
2026-06-03,70137.85,70115.8,69856.4,16.28,15.36,0.031,0.129,1652.95,,0,0,1,0,1
2026-06-04,69672.7,69856.4,70010.95,15.89,16.28,-0.263,-0.737,1652.95,,0,-1,1,0,0
2026-06-05,70311.5,70010.95,70191.95,15.79,15.89,0.429,0.405,1652.95,,1,0,1,0,2
2026-06-08,69353.7,70191.95,68975.4,17.03,15.79,-1.194,-2.645,1652.95,,-1,-1,1,0,-1
2026-06-09,69351.1,68975.4,69945.85,15.58,17.03,0.545,0.298,1652.95,,1,0,1,0,2
2026-06-10,69958.75,69945.85,69154.7,15.63,15.58,0.018,-0.258,1652.95,,0,0,1,0,1
2026-06-11,68784.75,69154.7,68378.75,15.61,15.63,-0.535,-1.62,1652.95,,-1,-1,1,0,-1
2026-06-12,69318.2,68378.75,70007.2,14.72,15.61,1.374,1.752,1652.95,,1,1,1,0,3
2026-06-15,71155.7,70007.2,71685.25,14.35,14.72,1.641,0.503,1652.95,,1,1,1,0,3
2026-06-16,71840.65,71685.25,71798.65,13.36,14.35,0.217,1.653,1652.95,,0,1,1,0,2
2026-06-17,71857.65,71798.65,72258.5,13.19,13.36,0.082,-0.568,1652.95,,0,-1,1,0,0
2026-06-18,72415.75,72258.5,72595.95,12.67,13.19,0.218,-1.215,1652.95,,0,-1,1,0,0
2026-06-19,72408.6,72595.95,72356.65,12.97,12.67,-0.258,1.085,1652.95,,0,1,1,0,2
2026-06-22,72611.75,72356.65,73073.2,12.84,12.97,0.353,1.085,1652.95,,1,1,1,0,3
2026-06-23,73072.75,73073.2,72068.75,13.94,12.84,-0.001,-0.371,1652.95,,0,0,1,0,1
2026-06-24,72021.75,72068.75,72060.5,13.39,13.94,-0.065,-1.436,1652.95,,0,-1,1,0,0
2026-06-25,72341.9,72060.5,72199.55,13.05,13.39,0.391,-0.098,1652.95,,1,0,1,0,2
2026-06-29,72179.65,72199.55,71510.3,13.61,13.05,-0.028,-0.047,1652.95,,0,0,1,0,1
2026-06-30,71716.9,71510.3,71629.45,13.6,13.61,0.289,1.175,1652.95,,0,1,1,0,2
2026-07-01,71792.9,71629.45,72100.65,13.24,13.6,0.228,0.792,1652.95,,0,1,1,0,2
2026-07-02,72422.1,72100.65,72418.55,12.29,13.24,0.446,-0.215,1652.95,,1,0,1,0,2
2026-07-03,72701.9,72418.55,72268.95,11.8,12.29,0.391,0.0,1652.95,,1,0,1,0,2
2026-07-06,72422.85,72268.95,72685.6,11.82,11.8,0.213,0.0,1652.95,,0,0,1,0,1
2026-07-07,72845.35,72685.6,72248.45,11.65,11.82,0.22,0.724,1652.95,,0,1,1,0,2
2026-07-08,71794.25,72248.45,70898.75,14.68,11.65,-0.629,-0.446,1652.95,,-1,0,1,0,0
2026-07-09,70970.25,70898.75,71485.85,13.36,14.68,0.101,-0.282,1652.95,,0,0,1,0,1
2026-07-10,71953.55,71485.85,72391.8,12.25,13.36,0.654,0.814,1652.95,,1,1,1,0,3
2026-07-13,71819.15,72391.8,72111.4,13.28,12.25,-0.791,0.421,1652.95,,-1,0,1,0,0
2026-07-14,71757.25,72111.4,71851.6,13.75,13.28,-0.491,-0.793,1652.95,,-1,-1,1,0,-1
2026-07-15,72108.05,71851.6,72148.8,13.27,13.75,0.357,0.376,1652.95,,1,0,1,0,2
2026-07-16,72376.0,72148.8,71896.75,12.88,13.27,0.315,0.382,1652.95,,1,0,1,0,2
2026-07-17,71929.25,71896.75,71828.4,13.15,12.88,0.045,-0.51,1652.95,,0,-1,1,0,0
